method,group,rate,n,median,q25,q75,mean,std
global_fixed,Full,0.01,10,0.4703169422573744,0.46812108908514694,0.4759565176859716,0.47010192124236233,0.007746647260390559
global_fixed,Full,0.015,10,0.45162723139554317,0.4476734228539716,0.461936386709667,0.4546353255536709,0.011312843127205366
global_fixed,Full,0.02,10,0.44484798362519046,0.442589850644291,0.458433729766709,0.4479276388457113,0.011135820354336218
global_fixed,Full,0.025,10,0.4380260562935355,0.4326758599526508,0.44240949855200784,0.43682337003745547,0.008164866463312262
global_fixed,Full,0.03,10,0.43329721081246675,0.43065053289970684,0.44003265668305713,0.43554803633614514,0.007843714776583922
global_fixed,Full,0.035,10,0.43346682256126623,0.42975511060086385,0.4402495809191466,0.4345386504340792,0.009479686127015063
global_fixed,Full,0.04,10,0.4254917279461029,0.4230596731523968,0.42994464503981955,0.42661600618432816,0.007815838851069163
global_fixed,Full,0.045,10,0.4251666973086635,0.4225942594175974,0.42593230046759717,0.4247843359608973,0.0069632942411296025
global_fixed,Full,0.05,8,0.4291971771112024,0.42015257069694634,0.4374763514340515,0.4269867120883474,0.012498174090221026
global_fixed,Full,0.055,8,0.4251268790080935,0.42134333108601874,0.42803204017890273,0.4229522187349358,0.01019202833912884
global_fixed,Full,0.06,8,0.4159702825276139,0.41281266699452984,0.4199544647462812,0.4169800792777105,0.006314780180910058
global_fixed,Full,0.065,9,0.420314670000383,0.4143388990307465,0.4235169989423907,0.4190715279253686,0.008362673083576693
global_fixed,Full,0.07,10,0.4208218135893851,0.41634299848633116,0.42692705841288214,0.42214223211469193,0.006809120495089297
global_fixed,Full,0.075,9,0.4201210665815927,0.4168661630616028,0.4215771117469827,0.42016602224315963,0.004641337291703065
global_fixed,Full,0.08,7,0.4195205996256438,0.41075113501769595,0.4229987779652278,0.4178822885448806,0.009785336873071438
global_fixed,Full,0.085,9,0.4170665974217817,0.4150564647830375,0.424492956277089,0.41842910521913934,0.007548209177547198
global_fixed,Full,0.09,10,0.4203195504508239,0.4141544524945446,0.4216799503444545,0.416860682229125,0.00934635648124555
global_fixed,Full,0.095,8,0.42053124829821414,0.4103044006402054,0.4246594773770864,0.4184238285296743,0.008209739543192516
global_fixed,Full,0.1,10,0.41429983678243004,0.4111361809656712,0.41748161453985355,0.41468515122474703,0.006203842796808068
global_fixed,Full,0.2,9,0.4118059860744927,0.4094529955745464,0.4147162452661849,0.412945500635856,0.009196093277416459
global_fixed,Full,0.3,8,0.4059244387685508,0.40320637697082284,0.4140615971777414,0.40840070589993865,0.00616856047374785
global_fixed,Full,0.4,10,0.40747047281453397,0.40439026716911375,0.41920088523759325,0.41093016846529784,0.011136940945594509
global_fixed,Full,0.5,10,0.400081798725964,0.3930381872384136,0.4035524552719293,0.39791611708597274,0.008166599965269559
global_fixed,Full,0.6,9,0.3929602464136751,0.3886851874201801,0.3957588104437055,0.3906604086608435,0.008300130858578945
global_fixed,Full,0.7,10,0.39084092347885413,0.3864576669950618,0.3953119074150325,0.39338463073327296,0.013158190420810104
global_fixed,Full,0.8,10,0.3950787205394819,0.38900703604086034,0.39675878539419146,0.3931282036105246,0.006143804795824356
global_fixed,Full,0.9,9,0.3883115677730747,0.3846203183348867,0.3917859101816064,0.3890163485778513,0.00535730309776442
global_fixed,Full,1.0,20,0.39014465922928304,0.3874385585219705,0.3944116571168605,0.39210010586729527,0.010427837577393042
global_fixed,HD liquid_2.0gcc_6000,0.01,10,0.6526050712667031,0.6510787047422316,0.6545957944821672,0.6509451181813579,0.00700870391669524
global_fixed,HD liquid_2.0gcc_6000,0.015,10,0.6319417793000041,0.6288376915083383,0.6421442025812919,0.6353162195724875,0.010634558423374855
global_fixed,HD liquid_2.0gcc_6000,0.02,10,0.6244423078494571,0.6202569518597387,0.6357712940869613,0.6279550568149339,0.010541679177249979
global_fixed,HD liquid_2.0gcc_6000,0.025,10,0.6170692279989871,0.6168114079345685,0.6216322027945865,0.6179225504996896,0.008536080224024576
global_fixed,HD liquid_2.0gcc_6000,0.03,10,0.6154294758744926,0.6133794020675365,0.6210839268914652,0.6180625291366009,0.009138720831101002
global_fixed,HD liquid_2.0gcc_6000,0.035,10,0.6168418946077817,0.6127775688056382,0.6205177102487291,0.6166402982593341,0.009392028556767308
global_fixed,HD liquid_2.0gcc_6000,0.04,10,0.6088414934451009,0.6036764061524327,0.6119249002364094,0.6081114311730051,0.008920266857675382
global_fixed,HD liquid_2.0gcc_6000,0.045,10,0.6068339488698482,0.6024593598862304,0.609663242088302,0.6058325480865567,0.008521733919970364
global_fixed,HD liquid_2.0gcc_6000,0.05,8,0.6110947229999473,0.6028895543673376,0.6193843339990756,0.6109009297806768,0.010927597290124475
global_fixed,HD liquid_2.0gcc_6000,0.055,8,0.6085053386326233,0.6032987517170444,0.6128425655144805,0.6072918979332262,0.008065010021101307
global_fixed,HD liquid_2.0gcc_6000,0.06,8,0.5974504691024914,0.59318990981327,0.6016583073911727,0.5978535852719591,0.007092914773709361
global_fixed,HD liquid_2.0gcc_6000,0.065,9,0.6024706633360073,0.5959095782965335,0.6057077671437111,0.6005720810888158,0.010860363597050284
global_fixed,HD liquid_2.0gcc_6000,0.07,10,0.6032428638510898,0.5997842597350971,0.6107089057916197,0.6052998373864473,0.0070463685347386526
global_fixed,HD liquid_2.0gcc_6000,0.075,9,0.6021493608677713,0.5977642881631483,0.6052002291755464,0.6024556680447003,0.005318121088413579
global_fixed,HD liquid_2.0gcc_6000,0.08,7,0.5994259252561345,0.591520251618616,0.6071039422071449,0.5994959510163549,0.010914618266097261
global_fixed,HD liquid_2.0gcc_6000,0.085,9,0.602756197245944,0.5977993486691392,0.6072172072635879,0.6013641358602249,0.009496909141823525
global_fixed,HD liquid_2.0gcc_6000,0.09,10,0.6009187488554936,0.5932148900685854,0.604532368009767,0.5987829162820987,0.009617909167580999
global_fixed,HD liquid_2.0gcc_6000,0.095,8,0.600924356369918,0.5885335405470236,0.6071975625437995,0.5989969937765911,0.010061661452497903
global_fixed,HD liquid_2.0gcc_6000,0.1,10,0.5983356647085518,0.5927678931914765,0.6007614651012785,0.5974273099003862,0.007079330100257479
global_fixed,HD liquid_2.0gcc_6000,0.2,9,0.5974728107017188,0.5956203038332082,0.600606558708825,0.5980974752541341,0.00828473013482949
global_fixed,HD liquid_2.0gcc_6000,0.3,8,0.5961701450700652,0.5891822718841668,0.6026783837853209,0.5960719999856718,0.007016705771485843
global_fixed,HD liquid_2.0gcc_6000,0.4,10,0.5987322471071069,0.5925423792840159,0.6047773943082929,0.5980675745516855,0.008742028024090714
global_fixed,HD liquid_2.0gcc_6000,0.5,10,0.5971075372853987,0.5894682021322618,0.601970148324883,0.5954299673847446,0.010975734513113627
global_fixed,HD liquid_2.0gcc_6000,0.6,9,0.5932577621010094,0.5891742022626555,0.5989563771475942,0.5920197255165593,0.009294750337364413
global_fixed,HD liquid_2.0gcc_6000,0.7,10,0.5953399278876703,0.5917199954404436,0.6021460064601266,0.6002868647311506,0.017901080394158594
global_fixed,HD liquid_2.0gcc_6000,0.8,10,0.6017668255202289,0.594012682167394,0.6074262051167751,0.6011492261560918,0.007901131073326552
global_fixed,HD liquid_2.0gcc_6000,0.9,9,0.593487867441963,0.5903623505353958,0.6026978895963714,0.5963680925577693,0.0073692309665596535
global_fixed,HD liquid_2.0gcc_6000,1.0,20,0.5973304021539166,0.5919557152936545,0.6041940210961764,0.6000632597750686,0.013226796370718098
global_fixed,HD liquid_2.0gcc_7000,0.01,10,0.6428040128496069,0.6417840789970949,0.6470581050450976,0.6421997538173432,0.006200287042452712
global_fixed,HD liquid_2.0gcc_7000,0.015,10,0.6213325077481163,0.6186239917472257,0.6343350535807033,0.6260578459370136,0.009316116586557725
global_fixed,HD liquid_2.0gcc_7000,0.02,10,0.6186323233434208,0.6143993370504579,0.6284022934392474,0.6212228789815483,0.009832710226026772
global_fixed,HD liquid_2.0gcc_7000,0.025,10,0.6105474623734193,0.609043058116936,0.6150921191397554,0.6109877767688916,0.008603049571752149
global_fixed,HD liquid_2.0gcc_7000,0.03,10,0.6132533121161005,0.6060845684350614,0.6194708312371406,0.6127322039231216,0.010158551215845961
global_fixed,HD liquid_2.0gcc_7000,0.035,10,0.6124202562579573,0.605592748843254,0.6149333612467657,0.6111885684157244,0.010845838381071603
global_fixed,HD liquid_2.0gcc_7000,0.04,10,0.603405052996896,0.6002116852183084,0.6081070118633354,0.6040803213407192,0.008727731055688864
global_fixed,HD liquid_2.0gcc_7000,0.045,10,0.6023391849883368,0.5962017604823368,0.6063364057015288,0.601160108837136,0.01020753453356695
global_fixed,HD liquid_2.0gcc_7000,0.05,8,0.6064133515305032,0.5986859022710733,0.6149386233776635,0.605941058223933,0.010931570336096657
global_fixed,HD liquid_2.0gcc_7000,0.055,8,0.6010740857699446,0.5972612897103934,0.6040715488910262,0.6015387074586536,0.0074080625164861455
global_fixed,HD liquid_2.0gcc_7000,0.06,8,0.5909245148418831,0.5862741758046097,0.5927607501137088,0.5898947991221624,0.007256659509901547
global_fixed,HD liquid_2.0gcc_7000,0.065,9,0.5948803973539797,0.5868427403156522,0.6012355395183292,0.5937883452374288,0.012024561425859967
global_fixed,HD liquid_2.0gcc_7000,0.07,10,0.5992301130750595,0.5975986824346584,0.6030590787814603,0.5998366411513876,0.006256367505350688
global_fixed,HD liquid_2.0gcc_7000,0.075,9,0.5966611650582979,0.5905842331417726,0.6002521215992417,0.59617094166379,0.0064173540610005025
global_fixed,HD liquid_2.0gcc_7000,0.08,7,0.5945967743619996,0.5879208511657184,0.5991953979839748,0.5932904865946286,0.00978554410981195
global_fixed,HD liquid_2.0gcc_7000,0.085,9,0.5980806829895993,0.5920656365540572,0.604919444597693,0.5958509346105006,0.01202124999425056
global_fixed,HD liquid_2.0gcc_7000,0.09,10,0.5956461677385465,0.5904969962888352,0.5973575015473727,0.5930159173777337,0.0108324166443822
global_fixed,HD liquid_2.0gcc_7000,0.095,8,0.5944968481739621,0.5823200487255685,0.6014511159602182,0.5930323268794647,0.010088700274725455
global_fixed,HD liquid_2.0gcc_7000,0.1,10,0.593380740256549,0.5854644593224805,0.5976377120771749,0.592592364351898,0.008398175895684595
global_fixed,HD liquid_2.0gcc_7000,0.2,9,0.5921077214053184,0.5904713142652994,0.5969965646580287,0.5937619934309644,0.007187048698575673
global_fixed,HD liquid_2.0gcc_7000,0.3,8,0.5896561598936179,0.5817420113861513,0.5995392871014,0.590980749922065,0.010356188639961371
global_fixed,HD liquid_2.0gcc_7000,0.4,10,0.597314788841627,0.5911441714129585,0.6019884863728676,0.5960084760363269,0.00987219876035993
global_fixed,HD liquid_2.0gcc_7000,0.5,10,0.5932103188741511,0.5864024876733779,0.5976378800795799,0.5904579979076762,0.01226502031456099
global_fixed,HD liquid_2.0gcc_7000,0.6,9,0.5927088163226825,0.585696644120382,0.5986092798126867,0.5901616933702298,0.01170969638494431
global_fixed,HD liquid_2.0gcc_7000,0.7,10,0.5915926241070003,0.5881669980324618,0.5985991944158349,0.5973627098901068,0.01749879596777722
global_fixed,HD liquid_2.0gcc_7000,0.8,10,0.5971047471027033,0.590921483797031,0.6007169139602705,0.597640787654622,0.008300269962486844
global_fixed,HD liquid_2.0gcc_7000,0.9,9,0.5895316753080294,0.5864552446517609,0.5951394750662113,0.5917615092142078,0.007652209578131769
global_fixed,HD liquid_2.0gcc_7000,1.0,20,0.5938572861679463,0.5879169384811339,0.6019932326609613,0.5968795277558291,0.014229802109382015
global_fixed,HD liquid_2.5gcc_6000,0.01,10,0.6757433200790941,0.6736363231404573,0.678737063381022,0.6747462036734293,0.007338391118918807
global_fixed,HD liquid_2.5gcc_6000,0.015,10,0.6574940603113272,0.6536352187906478,0.665793344215963,0.6602927428952569,0.009153189283163738
global_fixed,HD liquid_2.5gcc_6000,0.02,10,0.6493552662682063,0.6467095906666311,0.659183237313949,0.6526084257992606,0.009423358074984378
global_fixed,HD liquid_2.5gcc_6000,0.025,10,0.643643901437556,0.6406456062441158,0.6507671844765828,0.6447436021896349,0.007943338110451798
global_fixed,HD liquid_2.5gcc_6000,0.03,10,0.6419548331335706,0.6389450269489413,0.647549070390163,0.6431403486666678,0.0074086701119148845
global_fixed,HD liquid_2.5gcc_6000,0.035,10,0.6420468538976988,0.6390618109186857,0.6464342216213315,0.642471719511241,0.007400347853906205
global_fixed,HD liquid_2.5gcc_6000,0.04,10,0.633114939614754,0.6313458533167715,0.6363704290528899,0.6340090520328627,0.0075588629557965335
global_fixed,HD liquid_2.5gcc_6000,0.045,10,0.6319797509690144,0.631184767241875,0.6365407686940644,0.632191792483097,0.0073084862187788174
global_fixed,HD liquid_2.5gcc_6000,0.05,8,0.6371491326443763,0.6315407229164767,0.6428588996139727,0.6354762082420662,0.009514823289156706
global_fixed,HD liquid_2.5gcc_6000,0.055,8,0.6327556678770798,0.6278842607771661,0.6353514144074125,0.6315467168491539,0.008737426819349307
global_fixed,HD liquid_2.5gcc_6000,0.06,8,0.6253723787200525,0.6241950566636436,0.6283205693021563,0.625734564390717,0.006095619597084013
global_fixed,HD liquid_2.5gcc_6000,0.065,9,0.6271503581903177,0.6234729018519316,0.6331799751623439,0.626302277203788,0.00863878213391875
global_fixed,HD liquid_2.5gcc_6000,0.07,10,0.632354551098647,0.6258839800290987,0.6338201955991611,0.6302278569973476,0.005657829492901602
global_fixed,HD liquid_2.5gcc_6000,0.075,9,0.6305265616758028,0.6278859169596117,0.6327045846015853,0.6292752342326683,0.00478547123267413
global_fixed,HD liquid_2.5gcc_6000,0.08,7,0.626401157239828,0.6206605153934854,0.6312928571949821,0.6264305256329318,0.008836617707658303
global_fixed,HD liquid_2.5gcc_6000,0.085,9,0.6257898089456472,0.625087202624829,0.6329089053750728,0.6270380026008069,0.007488392265636352
global_fixed,HD liquid_2.5gcc_6000,0.09,10,0.6255976829427177,0.6232978544947717,0.629835810080156,0.6245026041068564,0.008907598763441302
global_fixed,HD liquid_2.5gcc_6000,0.095,8,0.6275395824845359,0.6157341466122512,0.6315310583381256,0.6249578798931427,0.00818700835428334
global_fixed,HD liquid_2.5gcc_6000,0.1,10,0.6220989488662868,0.6191013565210455,0.6258957136946954,0.6225467525877101,0.005603801542003411
global_fixed,HD liquid_2.5gcc_6000,0.2,9,0.6227043825402131,0.6178659987640469,0.623473357595172,0.621924874457558,0.00764133797351894
global_fixed,HD liquid_2.5gcc_6000,0.3,8,0.6181634201359657,0.6123712298442968,0.6239386288311928,0.6185014981626574,0.007120854055085062
global_fixed,HD liquid_2.5gcc_6000,0.4,10,0.6227364474515507,0.6164055199225444,0.630396795307467,0.6230044694611985,0.00884988802846204
global_fixed,HD liquid_2.5gcc_6000,0.5,10,0.6179823634196476,0.6117246652369907,0.6225999373549502,0.6163379922147547,0.008512754651708528
global_fixed,HD liquid_2.5gcc_6000,0.6,9,0.6171593532064299,0.6123887688698842,0.6228155909974408,0.6167261566881628,0.01042449008643837
global_fixed,HD liquid_2.5gcc_6000,0.7,10,0.6208456222067327,0.6166686842503998,0.6237788521302374,0.6226757086339367,0.012847501483632682
global_fixed,HD liquid_2.5gcc_6000,0.8,10,0.6222502464947244,0.6189129588929008,0.6268621425281992,0.6233279994447632,0.006427525191323265
global_fixed,HD liquid_2.5gcc_6000,0.9,9,0.6179905550013117,0.6146084297974331,0.6278825682429531,0.620367611051116,0.007035619313496049
global_fixed,HD liquid_2.5gcc_6000,1.0,20,0.6257323132420592,0.6200686499936469,0.628652848919075,0.6259625621349527,0.010420815088440503
global_fixed,HD liquid_3.0gcc_8000,0.01,10,0.8132364232014679,0.8083188329975659,0.8153758966937726,0.8107134834012276,0.009136867589574832
global_fixed,HD liquid_3.0gcc_8000,0.015,10,0.7853260804023521,0.7781913819144946,0.8019943304870883,0.7896849356275671,0.01487817132945344
global_fixed,HD liquid_3.0gcc_8000,0.02,10,0.7798505072103772,0.7764710123967727,0.7969754452984025,0.7833987713704403,0.01547273649101314
global_fixed,HD liquid_3.0gcc_8000,0.025,10,0.7676377413709106,0.7613869865184234,0.7775180520143871,0.7690808997346797,0.01152769242360011
global_fixed,HD liquid_3.0gcc_8000,0.03,10,0.7642114744148165,0.7589754247739819,0.7740036129208046,0.7663781602426585,0.011524853465062676
global_fixed,HD liquid_3.0gcc_8000,0.035,10,0.7655630072868058,0.7604878164133706,0.7717918591737881,0.7666010236426362,0.01249616537597856
global_fixed,HD liquid_3.0gcc_8000,0.04,10,0.7537818585715392,0.7482866728207402,0.7587315605206627,0.7551221417818565,0.011262523676903271
global_fixed,HD liquid_3.0gcc_8000,0.045,10,0.7527960212642283,0.7486761961230877,0.755677462662766,0.7525430138446594,0.01001447153108889
global_fixed,HD liquid_3.0gcc_8000,0.05,8,0.759944718357169,0.7504924165815586,0.7694579001626519,0.7577836662299331,0.01588377994261408
global_fixed,HD liquid_3.0gcc_8000,0.055,8,0.7534006502072037,0.7456446886191272,0.7588034918423688,0.7509661274493064,0.013819944231272873
global_fixed,HD liquid_3.0gcc_8000,0.06,8,0.7389003276063892,0.7364098767842326,0.7459550049336643,0.7413654002286006,0.009513544344544884
global_fixed,HD liquid_3.0gcc_8000,0.065,9,0.7448304863202458,0.7394115872621291,0.7509476716348025,0.7435901687373181,0.012093823491834502
global_fixed,HD liquid_3.0gcc_8000,0.07,10,0.7473747322584733,0.7395311094993923,0.7542442594496411,0.747963543967483,0.009283913951878237
global_fixed,HD liquid_3.0gcc_8000,0.075,9,0.7487002802144613,0.7417633178193537,0.7499620842280937,0.7462676452866944,0.006964627212726691
global_fixed,HD liquid_3.0gcc_8000,0.08,7,0.7452047527822928,0.733714133426519,0.749257450139321,0.7428275925410571,0.01249034171015409
global_fixed,HD liquid_3.0gcc_8000,0.085,9,0.7427590564770341,0.738519182222472,0.7519997978939698,0.7431134985981083,0.010802811726924589
global_fixed,HD liquid_3.0gcc_8000,0.09,10,0.7433715035274412,0.736957490532951,0.7472136947658341,0.7405580778134784,0.013348335913493301
global_fixed,HD liquid_3.0gcc_8000,0.095,8,0.7460265630855666,0.7314566498090623,0.7522922877744797,0.7430768325457839,0.011109104198064204
global_fixed,HD liquid_3.0gcc_8000,0.1,10,0.7367214434406926,0.7308318076366767,0.7409456715068194,0.736958778273026,0.008677044797498224
global_fixed,HD liquid_3.0gcc_8000,0.2,9,0.7355357059332852,0.7318497803529386,0.7367351512869047,0.7359998873655421,0.013141209296927569
global_fixed,HD liquid_3.0gcc_8000,0.3,8,0.7288943133857797,0.7216133011592986,0.7366560534004033,0.7293067451355466,0.00860782751981453
global_fixed,HD liquid_3.0gcc_8000,0.4,10,0.7353958471044444,0.7288525535846858,0.7438692976847143,0.7360434731965585,0.012814566587528647
global_fixed,HD liquid_3.0gcc_8000,0.5,10,0.7285429375040773,0.718743252603956,0.7347414649904515,0.7260359095322355,0.012257085054918347
global_fixed,HD liquid_3.0gcc_8000,0.6,9,0.728196603769229,0.7197286988908286,0.7348752930075663,0.725511016630971,0.01195322153781274
global_fixed,HD liquid_3.0gcc_8000,0.7,10,0.7290743394778676,0.7239256439436285,0.7347432896692087,0.733033404812887,0.017623737793927726
global_fixed,HD liquid_3.0gcc_8000,0.8,10,0.7346460716034953,0.7289059995201196,0.739828577587969,0.7346351478941691,0.008439882156868203
global_fixed,HD liquid_3.0gcc_8000,0.9,9,0.7264309294592549,0.7244338016408186,0.7342278622777586,0.7297084762233843,0.007911916112713186
global_fixed,HD liquid_3.0gcc_8000,1.0,20,0.7304187591848331,0.7276961735007986,0.7390510776966561,0.7350050292263398,0.01497687971455006
global_fixed,HD liquid_3.6gcc_6000,0.01,10,0.8761048138702084,0.8720861947620204,0.8796789843797532,0.8741551274529519,0.0077488414498451735
global_fixed,HD liquid_3.6gcc_6000,0.015,10,0.8503127250101161,0.8423060278092389,0.866319594836973,0.8538011308947073,0.013836227416253752
global_fixed,HD liquid_3.6gcc_6000,0.02,10,0.8442744336889033,0.8378597592402344,0.8624883555501723,0.8484791640724995,0.01614626865584609
global_fixed,HD liquid_3.6gcc_6000,0.025,10,0.8326102898376214,0.8234225080624256,0.8405020166031042,0.8329370371667777,0.013237896743747733
global_fixed,HD liquid_3.6gcc_6000,0.03,10,0.8258030636170508,0.8246494335739528,0.836265847762544,0.829663271547721,0.01168963500785156
global_fixed,HD liquid_3.6gcc_6000,0.035,10,0.8328573804936614,0.8264006343143999,0.8414486598164694,0.8328843588039275,0.01380987471832348
global_fixed,HD liquid_3.6gcc_6000,0.04,10,0.8179550467362366,0.813679666461234,0.8248268613032131,0.8196955120498384,0.010734211019284819
global_fixed,HD liquid_3.6gcc_6000,0.045,10,0.8166173330770444,0.8124323732350908,0.8192775855767888,0.81587063054392,0.009837721037750522
global_fixed,HD liquid_3.6gcc_6000,0.05,8,0.8212098327959669,0.813007517169399,0.8377637519159337,0.8214365591557872,0.0184595737331563
global_fixed,HD liquid_3.6gcc_6000,0.055,8,0.8177164555991727,0.8080440361684132,0.8209375151023828,0.8134832663148553,0.013240410740597118
global_fixed,HD liquid_3.6gcc_6000,0.06,8,0.8006874389807541,0.7953414188402246,0.8118728565332651,0.8030802642276114,0.012835700569132524
global_fixed,HD liquid_3.6gcc_6000,0.065,9,0.8115837424364645,0.8022185066475586,0.8149451441182284,0.8074332987059685,0.01205504735912549
global_fixed,HD liquid_3.6gcc_6000,0.07,10,0.8114086376861702,0.8027832002512886,0.8201174598815413,0.811818560470002,0.009995758936470839
global_fixed,HD liquid_3.6gcc_6000,0.075,9,0.8095952092171403,0.8040920635699935,0.813009224523598,0.8096472279272746,0.006656753915628609
global_fixed,HD liquid_3.6gcc_6000,0.08,7,0.8066532498888327,0.7969005227812694,0.8148276365935676,0.8064771239048446,0.014212438215229361
global_fixed,HD liquid_3.6gcc_6000,0.085,9,0.8059676634526496,0.8030843515568646,0.8159441639510482,0.8071358427225223,0.012937701037529383
global_fixed,HD liquid_3.6gcc_6000,0.09,10,0.8059078943731619,0.7961055235742371,0.8104506892081813,0.802506085128682,0.015130988273892773
global_fixed,HD liquid_3.6gcc_6000,0.095,8,0.8109163922675025,0.7980262158581901,0.8169378660132205,0.8070116614351848,0.011694341659424227
global_fixed,HD liquid_3.6gcc_6000,0.1,10,0.7966896891399746,0.7954365364366913,0.8058530876457947,0.7996795851387752,0.00981488599441903
global_fixed,HD liquid_3.6gcc_6000,0.2,9,0.7967322916868514,0.7942534387324441,0.8022034890301147,0.7979685916150513,0.013886745740450951
global_fixed,HD liquid_3.6gcc_6000,0.3,8,0.7926171833784892,0.7839892789367067,0.7993468770685159,0.7920505473683592,0.01047201111010509
global_fixed,HD liquid_3.6gcc_6000,0.4,10,0.7927669330213202,0.7886670681706537,0.8047593992917008,0.795714157379131,0.014070731252739903
global_fixed,HD liquid_3.6gcc_6000,0.5,10,0.7883351710504192,0.7743121871978165,0.7945065759902753,0.7842700118805555,0.016396660200101245
global_fixed,HD liquid_3.6gcc_6000,0.6,9,0.7829361186119227,0.7739560807550645,0.788665394411937,0.7790998254143802,0.015890491438498876
global_fixed,HD liquid_3.6gcc_6000,0.7,10,0.7836163132670786,0.7734949495796711,0.7904707732499989,0.7872294715041068,0.021266159926816252
global_fixed,HD liquid_3.6gcc_6000,0.8,10,0.7923441052707803,0.7825685857425854,0.7951992325594569,0.7898004296336123,0.01321941954806425
global_fixed,HD liquid_3.6gcc_6000,0.9,9,0.7833878089799339,0.7752987772292189,0.788320868382296,0.7828828275461623,0.01121833081920996
global_fixed,HD liquid_3.6gcc_6000,1.0,20,0.7869975523210622,0.7806088877193064,0.7945150015756465,0.7892432962905483,0.0181459944261367
global_fixed,LD liquid_0.5gcc_1000,0.01,10,0.39419238353541936,0.3891491228050032,0.4036828458875838,0.39337837060673364,0.015645013885106234
global_fixed,LD liquid_0.5gcc_1000,0.015,10,0.38246677599429413,0.37504861239770326,0.385539294115986,0.3814975363391232,0.01602530384363443
global_fixed,LD liquid_0.5gcc_1000,0.02,10,0.37042903740160027,0.365372758532104,0.3824040807908638,0.37251146861008894,0.014349866247721851
global_fixed,LD liquid_0.5gcc_1000,0.025,10,0.3648504517193729,0.3549177538388861,0.3745918104667495,0.3641069220536217,0.011969220808357505
global_fixed,LD liquid_0.5gcc_1000,0.03,10,0.3608092841294407,0.3562983131097396,0.36507432724662237,0.3592969942701066,0.009086601301452767
global_fixed,LD liquid_0.5gcc_1000,0.035,10,0.34763829900014376,0.3379836348122011,0.3665263758497935,0.35188911634059394,0.017013751643314486
global_fixed,LD liquid_0.5gcc_1000,0.04,10,0.34673220966517926,0.33960495788340633,0.35066380513547224,0.34642122547409354,0.014101305577382355
global_fixed,LD liquid_0.5gcc_1000,0.045,10,0.350590965107845,0.33796173272677116,0.35325554394565345,0.34573343388126887,0.011463460987619486
global_fixed,LD liquid_0.5gcc_1000,0.05,8,0.35512595332846253,0.33139351555084123,0.36746014152920864,0.3495057566193596,0.021750553122125076
global_fixed,LD liquid_0.5gcc_1000,0.055,8,0.3464043955249505,0.34029218876056005,0.3644386449864016,0.3488299293166797,0.01595341337363444
global_fixed,LD liquid_0.5gcc_1000,0.06,8,0.34474420275519274,0.3408950236441917,0.34815952561633845,0.3434049373590141,0.007401274005399668
global_fixed,LD liquid_0.5gcc_1000,0.065,9,0.346537404468571,0.3448116094334135,0.356191966902218,0.34698464952146907,0.016301770929276357
global_fixed,LD liquid_0.5gcc_1000,0.07,10,0.34865875840647076,0.33864626853924995,0.35241144330644725,0.3475596836340649,0.01124566637984093
global_fixed,LD liquid_0.5gcc_1000,0.075,9,0.3418656202568709,0.3348366628260378,0.3509909034182417,0.3419144130182702,0.010922665029590882
global_fixed,LD liquid_0.5gcc_1000,0.08,7,0.3374109206648397,0.32980987066203993,0.3518135824990243,0.3407682011025699,0.01898183469546758
global_fixed,LD liquid_0.5gcc_1000,0.085,9,0.3446348609866256,0.3409907201071649,0.3528528510851547,0.34478504279796984,0.009659862059803792
global_fixed,LD liquid_0.5gcc_1000,0.09,10,0.34692017405180436,0.3367397184327674,0.3514740531849415,0.3442910316761214,0.010129956808321027
global_fixed,LD liquid_0.5gcc_1000,0.095,8,0.34611013638605714,0.32878191044305605,0.3498536938858501,0.3413182090330586,0.013396856604339048
global_fixed,LD liquid_0.5gcc_1000,0.1,10,0.34722366629241297,0.33993773686688566,0.35099028196304094,0.3436984714068869,0.012477301384118901
global_fixed,LD liquid_0.5gcc_1000,0.2,9,0.3363043066810759,0.3329639001450823,0.3426984860785169,0.3388082903403875,0.009568887807097947
global_fixed,LD liquid_0.5gcc_1000,0.3,8,0.33673492157803453,0.327311113200274,0.3444437255257409,0.3358843093107338,0.013126294686539275
global_fixed,LD liquid_0.5gcc_1000,0.4,10,0.33933342295490676,0.3197648171849737,0.3528448368714488,0.3359504242261519,0.017513892726900664
global_fixed,LD liquid_0.5gcc_1000,0.5,10,0.3259811426315613,0.3177326643177816,0.33451013809468977,0.32517713210923177,0.013169857884185059
global_fixed,LD liquid_0.5gcc_1000,0.6,9,0.3161879688561983,0.3085641577486448,0.3193179314267307,0.3124395623474104,0.010098556223419772
global_fixed,LD liquid_0.5gcc_1000,0.7,10,0.3040259876916769,0.29802299926221365,0.3245799571275482,0.3157826579317366,0.02805989943784736
global_fixed,LD liquid_0.5gcc_1000,0.8,10,0.31019751505459303,0.30319572501059433,0.31461076758465345,0.30860820202074735,0.010777639252707758
global_fixed,LD liquid_0.5gcc_1000,0.9,9,0.3035412514722497,0.2914848970301751,0.3128689811673661,0.3024805867268043,0.011799873846442707
global_fixed,LD liquid_0.5gcc_1000,1.0,20,0.2992192586384211,0.2920765737182583,0.3094533882039526,0.30316703797417965,0.017546298079520812
global_fixed,LD liquid_1.0gcc_2000,0.01,10,0.5036265981005996,0.49680860969605667,0.5125260333786419,0.5018650338515311,0.015393779286756422
global_fixed,LD liquid_1.0gcc_2000,0.015,10,0.48189811334864086,0.47283751061232365,0.4919235343432174,0.4844963971804546,0.01661549488586504
global_fixed,LD liquid_1.0gcc_2000,0.02,10,0.47333939182973456,0.46794662521831265,0.4843694230422657,0.4749290732214065,0.012386743553789308
global_fixed,LD liquid_1.0gcc_2000,0.025,10,0.46960058935708815,0.4631841703367678,0.4750237513451281,0.4672559410928051,0.00984251902657561
global_fixed,LD liquid_1.0gcc_2000,0.03,10,0.46384798368559155,0.4583711716264663,0.4690840867359348,0.4640131756427827,0.008211340080453086
global_fixed,LD liquid_1.0gcc_2000,0.035,10,0.45433688054907034,0.4494446645007478,0.4633269760158803,0.45758605127746854,0.010853653923486261
global_fixed,LD liquid_1.0gcc_2000,0.04,10,0.4530207183489484,0.44727322718233187,0.45565098793623693,0.453260237107732,0.009766206842419281
global_fixed,LD liquid_1.0gcc_2000,0.045,10,0.45408895218896195,0.4458180735142768,0.45718584115064864,0.4510343660272659,0.007677601067503105
global_fixed,LD liquid_1.0gcc_2000,0.05,8,0.4574214199374031,0.44339207004320524,0.46427780752140235,0.4551294123488942,0.017095532764072705
global_fixed,LD liquid_1.0gcc_2000,0.055,8,0.4490613211777139,0.4436334224777709,0.4638690133998088,0.4518740225500531,0.01187009765687936
global_fixed,LD liquid_1.0gcc_2000,0.06,8,0.4437117515430421,0.4413583567234315,0.4522091714355881,0.4449267227586661,0.00809115159677143
global_fixed,LD liquid_1.0gcc_2000,0.065,9,0.4485247357041361,0.4459060557111426,0.4557413443059535,0.44901674015172993,0.010350867507431713
global_fixed,LD liquid_1.0gcc_2000,0.07,10,0.4485537658019709,0.44416365544385394,0.4558685759932325,0.4509472825190752,0.009513482833351896
global_fixed,LD liquid_1.0gcc_2000,0.075,9,0.4481965070962794,0.4410083341690372,0.4505041149400021,0.4471368332652293,0.006656359943507802
global_fixed,LD liquid_1.0gcc_2000,0.08,7,0.4443319003042216,0.43822272848525534,0.4529920628740459,0.4454723926131735,0.012293559570985865
global_fixed,LD liquid_1.0gcc_2000,0.085,9,0.4483945880172062,0.4476887714767135,0.4570075261596432,0.44947397633096486,0.00947585228895488
global_fixed,LD liquid_1.0gcc_2000,0.09,10,0.44840426705333797,0.44086853378959634,0.4543541257064307,0.4461131176588098,0.01035287503217162
global_fixed,LD liquid_1.0gcc_2000,0.095,8,0.4447093849966392,0.43748566839000386,0.45268635808372204,0.4445877982729542,0.009159144611706273
global_fixed,LD liquid_1.0gcc_2000,0.1,10,0.449348953972351,0.43880028941888627,0.4517430816909697,0.44574577421292005,0.008790632549674654
global_fixed,LD liquid_1.0gcc_2000,0.2,9,0.4395057864857941,0.4389227538245404,0.4466674685078244,0.44249201194702265,0.0072076987691801035
global_fixed,LD liquid_1.0gcc_2000,0.3,8,0.43767212454024507,0.4348842681481152,0.4445402586849499,0.4406813391288749,0.009551073079684926
global_fixed,LD liquid_1.0gcc_2000,0.4,10,0.43853312406783185,0.434670217304229,0.4497929470098928,0.44098776468231193,0.011348536917097187
global_fixed,LD liquid_1.0gcc_2000,0.5,10,0.4336445947540954,0.42755723057264355,0.4374545039880121,0.4313736565968192,0.01099848737951254
global_fixed,LD liquid_1.0gcc_2000,0.6,9,0.4296639866885531,0.4183795489459299,0.4302692897764086,0.42468651052124573,0.009360022798450895
global_fixed,LD liquid_1.0gcc_2000,0.7,10,0.42520869531772304,0.42031573703926417,0.43578411109223175,0.43208170202481977,0.021487181113705726
global_fixed,LD liquid_1.0gcc_2000,0.8,10,0.4320049659476254,0.42573342137411996,0.43526732562095966,0.4296757786622215,0.008425444217975508
global_fixed,LD liquid_1.0gcc_2000,0.9,9,0.4225478904246291,0.417930206707644,0.4245262006426658,0.42447880710956365,0.009603087640787725
global_fixed,LD liquid_1.0gcc_2000,1.0,20,0.42586957860266217,0.41915044030690074,0.4318869002220269,0.4278031690668375,0.013527107343725456
global_fixed,diamond_0.0gcc_CC,0.01,10,0.0299638920409546,0.028380005497314,0.0310369350312674,0.029967279138328924,0.0029866460974661484
global_fixed,diamond_0.0gcc_CC,0.015,10,0.0308585206470173,0.027966454669935824,0.03439459543049725,0.03099345483455898,0.00405948416275175
global_fixed,diamond_0.0gcc_CC,0.02,10,0.03093699898684575,0.0284735310940301,0.03334401534457425,0.031249338492017498,0.003319182363240285
global_fixed,diamond_0.0gcc_CC,0.025,10,0.0289051856769521,0.027406276908214323,0.031208526921451075,0.029173525648878963,0.0029529221578632383
global_fixed,diamond_0.0gcc_CC,0.03,10,0.03073581373393625,0.028314977787110975,0.031724360286692475,0.029944758648143936,0.00352771801863441
global_fixed,diamond_0.0gcc_CC,0.035,10,0.0282674595514567,0.026274372597940077,0.0289991371321171,0.02774912534510282,0.004667972115631425
global_fixed,diamond_0.0gcc_CC,0.04,10,0.0287479183371164,0.02672775939331905,0.02948885116783665,0.02828378406726087,0.0019492169982261499
global_fixed,diamond_0.0gcc_CC,0.045,10,0.0250909509423416,0.023167016886323374,0.029028548013120527,0.02584226578076005,0.003603505215664059
global_fixed,diamond_0.0gcc_CC,0.05,8,0.025970631955490202,0.025144886343428575,0.0298661459687395,0.027175065418882625,0.004464654659013026
global_fixed,diamond_0.0gcc_CC,0.055,8,0.0245384602012904,0.022682678621023702,0.026827224109715848,0.02458161009479065,0.003431396247838744
global_fixed,diamond_0.0gcc_CC,0.06,8,0.0275227896294357,0.02538643110357605,0.030505147565333124,0.02789008558420201,0.003274005263816967
global_fixed,diamond_0.0gcc_CC,0.065,9,0.0268779759357291,0.0227881644485449,0.0303082051348638,0.02576194290765228,0.006512000909214663
global_fixed,diamond_0.0gcc_CC,0.07,10,0.0277916203685807,0.025120963923868277,0.030230339048794373,0.02693261042264091,0.004145172353896506
global_fixed,diamond_0.0gcc_CC,0.075,9,0.0286267289533451,0.024205846098689,0.0295643621471761,0.026529198556986655,0.004704284504256276
global_fixed,diamond_0.0gcc_CC,0.08,7,0.0270462144515099,0.024013804458763048,0.0285311740147136,0.026099477949243614,0.0036813736476039496
global_fixed,diamond_0.0gcc_CC,0.085,9,0.0268839275700205,0.0244799408156914,0.0298355671987013,0.026780929096907286,0.005181402331272037
global_fixed,diamond_0.0gcc_CC,0.09,10,0.024195177599769947,0.02195913298128895,0.0285637198041022,0.02441596736386785,0.004959445359676494
global_fixed,diamond_0.0gcc_CC,0.095,8,0.0241372803886533,0.0225811754697029,0.027601431943351875,0.024973450448809314,0.003207007402536244
global_fixed,diamond_0.0gcc_CC,0.1,10,0.02470169507754815,0.022545750608373702,0.027697024891858678,0.02467108520676281,0.003620300972771034
global_fixed,diamond_0.0gcc_CC,0.2,9,0.0236034909458976,0.0221801941244037,0.0243475834861635,0.0231020647328842,0.002760110552379161
global_fixed,diamond_0.0gcc_CC,0.3,8,0.0249452322301143,0.021765257510383624,0.025924501862234474,0.023681534200324462,0.003467812788090643
global_fixed,diamond_0.0gcc_CC,0.4,10,0.0195001229491251,0.018891456838611452,0.021653471855792476,0.02042396579158067,0.0028405078083597094
global_fixed,diamond_0.0gcc_CC,0.5,10,0.01582261854033885,0.01435779425874955,0.01810365533267385,0.01629479477224092,0.0026409896194151414
global_fixed,diamond_0.0gcc_CC,0.6,9,0.0107723083847752,0.0104266859165468,0.0155410368980744,0.012632772349965,0.0037356531245002367
global_fixed,diamond_0.0gcc_CC,0.7,10,0.01092785564248,0.010648997161336025,0.0121627327345074,0.01212125753582426,0.00473005296680895
global_fixed,diamond_0.0gcc_CC,0.8,10,0.01005379111627195,0.00954139018534985,0.010399495462451974,0.01019006419508648,0.0013293825688581661
global_fixed,diamond_0.0gcc_CC,0.9,9,0.0085784821315937,0.0081402612270895,0.0093309086618455,0.009003051468042866,0.0020811303829543957
global_fixed,diamond_0.0gcc_CC,1.0,20,0.0072126787489129,0.0062199520924745,0.007940901709057775,0.007465520976411845,0.0024272987419394795
global_fixed,diamond_3.67gcc_3000,0.01,10,0.17614409978132667,0.17457852291963263,0.18012466051599788,0.17706689287042537,0.004866226554553585
global_fixed,diamond_3.67gcc_3000,0.015,10,0.16672348961658107,0.16189405869140697,0.1755795312132754,0.16954952618154845,0.008864908023231111
global_fixed,diamond_3.67gcc_3000,0.02,10,0.164060323711323,0.1623068811374993,0.17204891818935125,0.16699261469972781,0.009799040856161489
global_fixed,diamond_3.67gcc_3000,0.025,10,0.1589145004392887,0.1557756532836938,0.16135777904577886,0.15776281620108942,0.005409801627638521
global_fixed,diamond_3.67gcc_3000,0.03,10,0.15719679209966986,0.15399237607655686,0.1602303268832164,0.1567994527468065,0.005047817748323041
global_fixed,diamond_3.67gcc_3000,0.035,10,0.15767669421225428,0.15156023348855158,0.16223386048098187,0.15800446045065036,0.007069788071845212
global_fixed,diamond_3.67gcc_3000,0.04,10,0.15333465753494213,0.15206333753494078,0.15575048633277028,0.15416011279247754,0.0042049675984424575
global_fixed,diamond_3.67gcc_3000,0.045,10,0.1525223432714716,0.1508248736056505,0.15412683310494035,0.15212882673339295,0.005040167378292983
global_fixed,diamond_3.67gcc_3000,0.05,8,0.15793955799230194,0.14888577839223527,0.1601564544635209,0.15466467925571453,0.009036820964355178
global_fixed,diamond_3.67gcc_3000,0.055,8,0.15387355634449423,0.1496363783914724,0.15415423295037284,0.15121403759920005,0.007437908657787064
global_fixed,diamond_3.67gcc_3000,0.06,8,0.14836938890678258,0.14559206738744038,0.15003858576318885,0.1478901689984987,0.005157291040003652
global_fixed,diamond_3.67gcc_3000,0.065,9,0.1522250005026323,0.1455910617917452,0.153153656351123,0.14956344374866268,0.006705245857337491
global_fixed,diamond_3.67gcc_3000,0.07,10,0.15208240886277824,0.14755431334425811,0.15721105162703722,0.15135226108670122,0.0069024103404341265
global_fixed,diamond_3.67gcc_3000,0.075,9,0.148910093664171,0.1465916307852405,0.1530347765220964,0.14888502008132015,0.004515982321569717
global_fixed,diamond_3.67gcc_3000,0.08,7,0.1489228190590804,0.1441913441901439,0.1505633123275068,0.14825691992693996,0.007374118498257601
global_fixed,diamond_3.67gcc_3000,0.085,9,0.1461513958947469,0.1438762591459899,0.1536803528270012,0.14736172053828478,0.006928668227208094
global_fixed,diamond_3.67gcc_3000,0.09,10,0.14802904795343474,0.14407053432750083,0.1516808840527062,0.14680479822169135,0.007998673483852714
global_fixed,diamond_3.67gcc_3000,0.095,8,0.1490920002145403,0.1444794202689268,0.1515485901448831,0.1483135940307296,0.0063931767610102596
global_fixed,diamond_3.67gcc_3000,0.1,10,0.14645490719934115,0.14405612055737507,0.14876050355982687,0.1463621657310384,0.006468757038176201
global_fixed,diamond_3.67gcc_3000,0.2,9,0.1408046541032014,0.1395140188337651,0.1444230368549097,0.14308788021364227,0.0059316703216439675
global_fixed,diamond_3.67gcc_3000,0.3,8,0.14229928721797624,0.13926914323638767,0.14512871969142677,0.14206266089355818,0.00448329839956458
global_fixed,diamond_3.67gcc_3000,0.4,10,0.13877531190901776,0.13453368953461126,0.1461474087997945,0.14079056608588458,0.007978325152436364
global_fixed,diamond_3.67gcc_3000,0.5,10,0.1287729578428398,0.12677971286087186,0.13092325423045975,0.1278679724964306,0.004746887407157101
global_fixed,diamond_3.67gcc_3000,0.6,9,0.1196323460125304,0.1095390149546623,0.1240036857041767,0.11769442033720133,0.008270648120237074
global_fixed,diamond_3.67gcc_3000,0.7,10,0.11529577337910746,0.10974186052425022,0.11672064823001226,0.11528673254694621,0.00837092600236489
global_fixed,diamond_3.67gcc_3000,0.8,10,0.11537409571620635,0.11264733585567477,0.11949414459730717,0.11541199777674453,0.004699774321844634
global_fixed,diamond_3.67gcc_3000,0.9,9,0.1111361680933917,0.1088766519386412,0.1123841609383174,0.11162189396487181,0.005965492632902316
global_fixed,diamond_3.67gcc_3000,1.0,20,0.11106717535937255,0.1088238847160516,0.11354194698915823,0.11245896256574495,0.006616744625601331
global_fixed,diamond_3.68gcc_300,0.01,10,0.06065694839557695,0.057066929929331676,0.0642177485274537,0.060502795434557555,0.0043473245133411244
global_fixed,diamond_3.68gcc_300,0.015,10,0.05684374239218265,0.05461649689059615,0.06129390903207365,0.05816180688465368,0.005670726935633667
global_fixed,diamond_3.68gcc_300,0.02,10,0.05479572762392715,0.05121025357419575,0.058650407898425475,0.05531207005994805,0.005134327797242617
global_fixed,diamond_3.68gcc_300,0.025,10,0.051065021852214496,0.04802882745700005,0.0512583905966666,0.05012508091572028,0.0023815934823096666
global_fixed,diamond_3.68gcc_300,0.03,10,0.04963190850136745,0.048233766569136596,0.05336074502698245,0.05076821960744461,0.00371329532116738
global_fixed,diamond_3.68gcc_300,0.035,10,0.05155774602726575,0.0492286973972246,0.053415104969869676,0.05170728085888043,0.0031924389914335435
global_fixed,diamond_3.68gcc_300,0.04,10,0.049278850628285395,0.047958007710258925,0.05128954569246825,0.04960386947902177,0.002623652583032183
global_fixed,diamond_3.68gcc_300,0.045,10,0.04706691108622065,0.044584124386407326,0.0481126734773283,0.04675429237195272,0.003112860448788865
global_fixed,diamond_3.68gcc_300,0.05,8,0.04877055336116255,0.04429978151799897,0.051079568884753825,0.04886049947623471,0.005201683038502232
global_fixed,diamond_3.68gcc_300,0.055,8,0.046857843126982254,0.045589735879975925,0.05020881922817525,0.047260929499578004,0.003999975507387674
global_fixed,diamond_3.68gcc_300,0.06,8,0.046280851142263546,0.04437965651531195,0.04886473811430138,0.04637507511573773,0.002562945399812479
global_fixed,diamond_3.68gcc_300,0.065,9,0.045098003445708,0.0428548429351987,0.0471528082685007,0.045250709616069605,0.0030517885171606604
global_fixed,diamond_3.68gcc_300,0.07,10,0.0463927291592446,0.04440269936140995,0.04939244382108615,0.047127962929592496,0.0037119263137066682
global_fixed,diamond_3.68gcc_300,0.075,9,0.0471241423532156,0.0435194313815797,0.0478936390344008,0.04584058790756679,0.0023186487220502178
global_fixed,diamond_3.68gcc_300,0.08,7,0.0465420606620887,0.043663414232368206,0.04831144600654365,0.0462030448904305,0.0038807691491592705
global_fixed,diamond_3.68gcc_300,0.085,9,0.0461537224242752,0.0433252908128593,0.0478360560646664,0.04575753345097963,0.0034467271960442578
global_fixed,diamond_3.68gcc_300,0.09,10,0.0456897729136717,0.042164066141313544,0.047179424722296026,0.04482971583888163,0.003925411514282385
global_fixed,diamond_3.68gcc_300,0.095,8,0.045146413393906654,0.0435494295860887,0.0479578242636141,0.0459828027411819,0.0031238949977031557
global_fixed,diamond_3.68gcc_300,0.1,10,0.0452998416049364,0.043270084650693555,0.04696350989522203,0.04530764456778791,0.0033302248024334024
global_fixed,diamond_3.68gcc_300,0.2,9,0.0426483251063805,0.0418573646120754,0.0442241103913635,0.043805288674403454,0.00409255618557896
global_fixed,diamond_3.68gcc_300,0.3,8,0.04358617956089415,0.042484850879403825,0.0442884533618148,0.043599830051455374,0.0025881403328299668
global_fixed,diamond_3.68gcc_300,0.4,10,0.041981231468874905,0.04042315917722687,0.044396551601022974,0.04305618770483765,0.0035949151599732423
global_fixed,diamond_3.68gcc_300,0.5,10,0.03990324016249125,0.03821483275656892,0.04148797129276693,0.0392145752273095,0.0028236258738882866
global_fixed,diamond_3.68gcc_300,0.6,9,0.0357343853080378,0.0320708682187909,0.0375423661148082,0.03441508343039809,0.004344633253377712
global_fixed,diamond_3.68gcc_300,0.7,10,0.03335012445136915,0.03137610592733578,0.03436551160519615,0.03289169826188895,0.004637575274944751
global_fixed,diamond_3.68gcc_300,0.8,10,0.0327386164098811,0.031009479424629078,0.03440993957623345,0.03284430328743334,0.002580430945579405
global_fixed,diamond_3.68gcc_300,0.9,9,0.0299016146137049,0.0281511589119808,0.030248039620645,0.0299089474618386,0.003514815129605507
global_fixed,diamond_3.68gcc_300,1.0,20,0.0284175344152134,0.027902816996187928,0.029634546428531625,0.029137547753851606,0.003107306875224693
global_fixed,graphite_0.0gcc_CC,0.01,10,0.0277887599743778,0.027569888776035074,0.028153089200622775,0.02800654506359106,0.0009632454367342197
global_fixed,graphite_0.0gcc_CC,0.015,10,0.0282770517497955,0.027878857426256298,0.028665946133148323,0.02834734744742893,0.0008419903467792373
global_fixed,graphite_0.0gcc_CC,0.02,10,0.0286804440303123,0.028255706327386526,0.029601008387169274,0.028827483167139227,0.0010075185961130292
global_fixed,graphite_0.0gcc_CC,0.025,10,0.02884883171153945,0.02816204961429595,0.02909753788809255,0.028729639559582944,0.000880128301529416
global_fixed,graphite_0.0gcc_CC,0.03,10,0.02840422599874235,0.02764452187964285,0.028697795479260352,0.028333753443534348,0.0012005667531296024
global_fixed,graphite_0.0gcc_CC,0.035,10,0.02839949301562155,0.02817614600295675,0.02858310121907945,0.028377674215079418,0.0004481613794041448
global_fixed,graphite_0.0gcc_CC,0.04,10,0.0277230003973282,0.0274391063589991,0.02839928187673495,0.02789023129134936,0.0009552201566568758
global_fixed,graphite_0.0gcc_CC,0.045,10,0.02803974743740625,0.027280716117378076,0.029012515154241,0.028089000516830148,0.0010051053119557866
global_fixed,graphite_0.0gcc_CC,0.05,8,0.0287877660269304,0.0284258887694623,0.029252417334014923,0.028603251326035025,0.0010054511411031915
global_fixed,graphite_0.0gcc_CC,0.055,8,0.0276934665484625,0.02723588020750145,0.028052359449626148,0.027563544402199575,0.001387733885569798
global_fixed,graphite_0.0gcc_CC,0.06,8,0.02766122049175785,0.027031224105084975,0.028316661802753974,0.02773202148832825,0.0009010874484906433
global_fixed,graphite_0.0gcc_CC,0.065,9,0.0274406125757737,0.0271213838075066,0.0281022149941279,0.027625406884667834,0.0009368634886424385
global_fixed,graphite_0.0gcc_CC,0.07,10,0.02741440186571975,0.026738244922512377,0.028483679695282024,0.02752131268713127,0.001150048494737833
global_fixed,graphite_0.0gcc_CC,0.075,9,0.0279734041997326,0.027483759285579,0.0281969331551079,0.028175001275407112,0.0009580631055772364
global_fixed,graphite_0.0gcc_CC,0.08,7,0.0285860026765212,0.0275959236486569,0.028751891200197402,0.028170981879768155,0.0008235247748175435
global_fixed,graphite_0.0gcc_CC,0.085,9,0.0276363075050103,0.0274603589361581,0.0285933068127149,0.02801138467795763,0.0010560852482891317
global_fixed,graphite_0.0gcc_CC,0.09,10,0.02728543386582795,0.0270073750369914,0.027656177649911427,0.02728299066621435,0.0007217164284377333
global_fixed,graphite_0.0gcc_CC,0.095,8,0.0278140925187608,0.025887794250049476,0.028242691303876202,0.027324310358096376,0.001372644086111224
global_fixed,graphite_0.0gcc_CC,0.1,10,0.02726314862219945,0.026865237842778875,0.0273892955165784,0.02737355757124696,0.0007786173309152356
global_fixed,graphite_0.0gcc_CC,0.2,9,0.0270956721455305,0.0265458431928372,0.0277477473749085,0.027232421629715824,0.000879361074774866
global_fixed,graphite_0.0gcc_CC,0.3,8,0.02723751298255745,0.026778265600480876,0.027919541421633325,0.0273297594478438,0.0010095952811583317
global_fixed,graphite_0.0gcc_CC,0.4,10,0.0277524037204568,0.027124112078098974,0.028301760106146476,0.027883987965859492,0.0011291917930159392
global_fixed,graphite_0.0gcc_CC,0.5,10,0.0277100007884475,0.027458864996948024,0.0282860860201387,0.02808235880829039,0.0011784466659370944
global_fixed,graphite_0.0gcc_CC,0.6,9,0.0279547211881736,0.0275752050372434,0.029158606407049,0.028128348259512468,0.0012820197999768041
global_fixed,graphite_0.0gcc_CC,0.7,10,0.02863133742073335,0.027918463469245276,0.029402507401398575,0.0286346024338944,0.0012178075866755428
global_fixed,graphite_0.0gcc_CC,0.8,10,0.02825651544684345,0.027185453956698725,0.028818720432557975,0.02811826930236543,0.0010465580367261115
global_fixed,graphite_0.0gcc_CC,0.9,9,0.0271959831659844,0.0265771638889296,0.0279601006460198,0.027318814059955288,0.0007442821539985024
global_fixed,graphite_0.0gcc_CC,1.0,20,0.02652551238137425,0.026044996897137573,0.026987414945243822,0.0265198722489407,0.0008429478312834785
global_fixed,graphite_2.39gcc_300,0.01,10,0.1056542309802595,0.10523168120673135,0.10736267434269253,0.1054043076708538,0.004624641682947811
global_fixed,graphite_2.39gcc_300,0.015,10,0.1000059712837441,0.0978526253273313,0.10189478516860875,0.10031486477970106,0.004936929317108107
global_fixed,graphite_2.39gcc_300,0.02,10,0.096129079088074,0.09478416952075941,0.10005785724465117,0.09729919868132042,0.0041840075582409535
global_fixed,graphite_2.39gcc_300,0.025,10,0.09461178834494645,0.09068367773320372,0.09606439335739458,0.09354898162775031,0.0042199761771922915
global_fixed,graphite_2.39gcc_300,0.03,10,0.09427691203763536,0.09048883870198779,0.098428780379163,0.09433920451715244,0.005089704634483595
global_fixed,graphite_2.39gcc_300,0.035,10,0.0913080466207704,0.0884282963987479,0.09369202404711478,0.09120034177429168,0.004087954056200407
global_fixed,graphite_2.39gcc_300,0.04,10,0.08935416786164191,0.08654894484317907,0.09023057908120995,0.08868230995550137,0.004462672146136655
global_fixed,graphite_2.39gcc_300,0.045,10,0.08713790179308184,0.08631218029601785,0.0905750160296302,0.0882193228541938,0.004716896783590381
global_fixed,graphite_2.39gcc_300,0.05,8,0.08964763355641545,0.08788022816027845,0.0923014639194908,0.08972752610390924,0.005549062739747801
global_fixed,graphite_2.39gcc_300,0.055,8,0.0866082741325466,0.08555874656406973,0.08919953930541324,0.08660627669411447,0.005163886186055413
global_fixed,graphite_2.39gcc_300,0.06,8,0.0840698154496547,0.08348166057595033,0.08540355536998627,0.08522393495622664,0.003246521492528256
global_fixed,graphite_2.39gcc_300,0.065,9,0.0853072163904238,0.0838955883868187,0.0863623976140986,0.08537768214473375,0.003364717005684484
global_fixed,graphite_2.39gcc_300,0.07,10,0.08771653989793635,0.0871995788565318,0.0888232554622129,0.08809817335647926,0.0025168812260934225
global_fixed,graphite_2.39gcc_300,0.075,9,0.0872651704204926,0.085599623347817,0.0884730663019892,0.08771844917764199,0.0029785008021237422
global_fixed,graphite_2.39gcc_300,0.08,7,0.0861251494267635,0.08158080202647315,0.08858388410914955,0.08556535012295728,0.004676747003299203
global_fixed,graphite_2.39gcc_300,0.085,9,0.0836649022240529,0.0818965229511409,0.0863569853847664,0.08422775820710413,0.003429183876192832
global_fixed,graphite_2.39gcc_300,0.09,10,0.08560056813831585,0.0820893451572502,0.087697275277267,0.08525981278894383,0.004062017993264932
global_fixed,graphite_2.39gcc_300,0.095,8,0.08684956921293915,0.08589674616939452,0.08975630691358998,0.08756315425790755,0.0028930037570221822
global_fixed,graphite_2.39gcc_300,0.1,10,0.084617589768145,0.08307044989869837,0.08677220767174962,0.08470297885718059,0.002742703747145066
global_fixed,graphite_2.39gcc_300,0.2,9,0.0827326585664345,0.0814365748334906,0.0841132464943568,0.08417804985066824,0.00488160827226117
global_fixed,graphite_2.39gcc_300,0.3,8,0.08130141214210705,0.07988819068243874,0.08325493560607512,0.08115907283658083,0.0028413663630288953
global_fixed,graphite_2.39gcc_300,0.4,10,0.08045799285293889,0.07898617028129382,0.08596014433142282,0.08224023934141908,0.005700862154978146
global_fixed,graphite_2.39gcc_300,0.5,10,0.07431100936199295,0.0717576932344961,0.07559504044163078,0.07410884643919108,0.0027897170625915822
global_fixed,graphite_2.39gcc_300,0.6,9,0.0686638946006245,0.0678739667327314,0.0689913554208474,0.06733458224117975,0.004016808906271827
global_fixed,graphite_2.39gcc_300,0.7,10,0.0672453420451351,0.06563529270717725,0.06845588382501089,0.06614993811681613,0.0052418644437833865
global_fixed,graphite_2.39gcc_300,0.8,10,0.06507103884624804,0.06372057985547876,0.06561727628754875,0.06509189908867996,0.0022888344462392326
global_fixed,graphite_2.39gcc_300,0.9,9,0.0601195373954299,0.0589898135238176,0.062833882670848,0.06109208327543983,0.0034256267436782893
global_fixed,graphite_2.39gcc_300,1.0,20,0.05855825704710905,0.05726190775069182,0.059367785730929275,0.059136464764424954,0.0035212166697183244
global_fixed,graphite_2.56gcc_1500,0.01,10,0.18750313868393365,0.17570535511347002,0.18935207608441867,0.18277220857125476,0.011550570961622474
global_fixed,graphite_2.56gcc_1500,0.015,10,0.16232078097170766,0.16041966275343367,0.16727277435026794,0.16583665277709955,0.010079253784878579
global_fixed,graphite_2.56gcc_1500,0.02,10,0.1579706293242898,0.15069562147336352,0.1648334473113422,0.1583285666781014,0.010399667314642194
global_fixed,graphite_2.56gcc_1500,0.025,10,0.1498926782336741,0.14410017441208997,0.1512374336625875,0.14845659357221108,0.006992056681757985
global_fixed,graphite_2.56gcc_1500,0.03,10,0.14934284386966323,0.1446611341549222,0.1540602155102062,0.1501853582974112,0.0087342852756605
global_fixed,graphite_2.56gcc_1500,0.035,10,0.1480000634619163,0.1442912614574988,0.14977372197623146,0.14828753111974616,0.009429949176089993
global_fixed,graphite_2.56gcc_1500,0.04,10,0.14180588889006795,0.1385317270421371,0.14724506029128603,0.1421967540614925,0.0074112612514839445
global_fixed,graphite_2.56gcc_1500,0.045,10,0.14193133798528315,0.13824415969650547,0.1438359989399366,0.14092659718456838,0.0069575263339239956
global_fixed,graphite_2.56gcc_1500,0.05,8,0.14162087819954028,0.13718856718191483,0.1478367443554522,0.1403072083087099,0.010318997612499737
global_fixed,graphite_2.56gcc_1500,0.055,8,0.14082790898637354,0.13695106954917838,0.14387180045779313,0.1380407736546458,0.00858192602502422
global_fixed,graphite_2.56gcc_1500,0.06,8,0.1339719873426492,0.1315001107282601,0.1364102215400824,0.13488469230530714,0.004757902639425238
global_fixed,graphite_2.56gcc_1500,0.065,9,0.136734607190556,0.1323429774942684,0.1395567808866783,0.13656725210091902,0.005407719079962172
global_fixed,graphite_2.56gcc_1500,0.07,10,0.13770688186106927,0.13553934747927066,0.13920985267175662,0.13813245758836618,0.004076678482249801
global_fixed,graphite_2.56gcc_1500,0.075,9,0.1372639787010346,0.1337588545707515,0.1385156394971078,0.1372932583869599,0.004262430908555771
global_fixed,graphite_2.56gcc_1500,0.08,7,0.1364247996732831,0.1314290594315481,0.13888723641404535,0.13549047840685144,0.00596656847875681
global_fixed,graphite_2.56gcc_1500,0.085,9,0.1340249113511916,0.1311316770134328,0.1383048083948669,0.13515316638981278,0.004991743645351278
global_fixed,graphite_2.56gcc_1500,0.09,10,0.13822297617402146,0.13590988701877899,0.13934977251987576,0.13541422240670306,0.006957596728460971
global_fixed,graphite_2.56gcc_1500,0.095,8,0.1371070998109944,0.13129729886037816,0.14138633255624167,0.13611222688973643,0.00617650065160033
global_fixed,graphite_2.56gcc_1500,0.1,10,0.13256611457930523,0.13139915016326745,0.13582488780613047,0.133624925327989,0.003924901978149716
global_fixed,graphite_2.56gcc_1500,0.2,9,0.1322715406007336,0.1290476898769951,0.1336023643561907,0.13300763377935512,0.007552640701515874
global_fixed,graphite_2.56gcc_1500,0.3,8,0.12835053895083925,0.12401387028389121,0.1313318208034744,0.12825721913023597,0.007256433573045242
global_fixed,graphite_2.56gcc_1500,0.4,10,0.1250841023493936,0.12040040318279503,0.13606762677442055,0.12855095601406244,0.010442909720031946
global_fixed,graphite_2.56gcc_1500,0.5,10,0.1127732687053012,0.11087623838438457,0.11419332064109437,0.11212031578422357,0.004416732928538962
global_fixed,graphite_2.56gcc_1500,0.6,9,0.1014925750760782,0.0948844156239939,0.1041450149197696,0.09874906812267203,0.007312713771885025
global_fixed,graphite_2.56gcc_1500,0.7,10,0.0964680116101592,0.09290674378920981,0.09828388152046393,0.09616478644110414,0.00837055834892582
global_fixed,graphite_2.56gcc_1500,0.8,10,0.0933115164387224,0.09010935614180113,0.0939937852250519,0.09338866145075528,0.005657309443582273
global_fixed,graphite_2.56gcc_1500,0.9,9,0.0901989332213322,0.0881264254498833,0.092818255397674,0.09050603324736865,0.005559810350147189
global_fixed,graphite_2.56gcc_1500,1.0,20,0.09125719025699855,0.0892071564694057,0.09256863904677802,0.0919142491938357,0.006094095062965348
global_fixed,graphite_2.67gcc_3000,0.01,10,0.328331528396954,0.3216536362797365,0.3352437458500214,0.3284743497991084,0.01148841467001025
global_fixed,graphite_2.67gcc_3000,0.015,10,0.30522917935158733,0.3018229965503243,0.3182310257625746,0.3085426691725019,0.014638991462873514
global_fixed,graphite_2.67gcc_3000,0.02,10,0.29735904335553087,0.28820692480687826,0.3042019364135286,0.29640742225150446,0.012000559383209146
global_fixed,graphite_2.67gcc_3000,0.025,10,0.2833180245133732,0.2776289194448002,0.28743621613352116,0.2820113877868633,0.008913224857873924
global_fixed,graphite_2.67gcc_3000,0.03,10,0.2803888433707632,0.2764516250348409,0.28609628188836633,0.2815872028535139,0.008707571471018777
global_fixed,graphite_2.67gcc_3000,0.035,10,0.27651300235448295,0.2716550277073856,0.2835425977960804,0.2787200267516431,0.010743578873808142
global_fixed,graphite_2.67gcc_3000,0.04,10,0.2689228238164597,0.2655509324491646,0.2736568109549751,0.2693049073580758,0.008531651280956537
global_fixed,graphite_2.67gcc_3000,0.045,10,0.2679846804136923,0.2667087229871252,0.27085993543417763,0.26887741194116743,0.00794123363594535
global_fixed,graphite_2.67gcc_3000,0.05,8,0.2687390395780924,0.2592640261850899,0.27585313158436875,0.2651982119495768,0.014670463524470755
global_fixed,graphite_2.67gcc_3000,0.055,8,0.2679939046349334,0.26231778774429415,0.2706198001348774,0.2634151657146454,0.013762881982561996
global_fixed,graphite_2.67gcc_3000,0.06,8,0.2572861978272693,0.255304175027472,0.2615187335101318,0.25890086685472635,0.005207554243930652
global_fixed,graphite_2.67gcc_3000,0.065,9,0.2627097019608515,0.252952657784879,0.2646787302236201,0.26111717955099817,0.0073987028988637465
global_fixed,graphite_2.67gcc_3000,0.07,10,0.26041086182322337,0.25802139073835867,0.26924422590578934,0.26410562220344574,0.008197619054348704
global_fixed,graphite_2.67gcc_3000,0.075,9,0.2601550963111415,0.2595508630619635,0.2633965138286028,0.2618794404208625,0.005405950686390613
global_fixed,graphite_2.67gcc_3000,0.08,7,0.260393400450772,0.25096723817612426,0.2658545440729329,0.2593000349033396,0.01084933247853774
global_fixed,graphite_2.67gcc_3000,0.085,9,0.2597134690443959,0.2524318370060571,0.2650844081395644,0.2603277568159088,0.00783650975317136
global_fixed,graphite_2.67gcc_3000,0.09,10,0.26225260111303095,0.2590076337258931,0.264729780618712,0.2598677909008132,0.010268412032294246
global_fixed,graphite_2.67gcc_3000,0.095,8,0.2638391567261892,0.2518101168031808,0.2684743480881924,0.2612787734120795,0.008953327386549382
global_fixed,graphite_2.67gcc_3000,0.1,10,0.25560648936939834,0.2532054278602418,0.2586082961718712,0.2559790714464434,0.0052320739878424895
global_fixed,graphite_2.67gcc_3000,0.2,9,0.2501941356423098,0.2479970152894887,0.2529889016719421,0.2530638027625327,0.011455020884248417
global_fixed,graphite_2.67gcc_3000,0.3,8,0.2436478131037696,0.24119331547399125,0.24913307553028713,0.24579476605823966,0.006690894362844251
global_fixed,graphite_2.67gcc_3000,0.4,10,0.23830130902684626,0.23626077648509766,0.2632381304387728,0.24796627124221177,0.01718680305149058
global_fixed,graphite_2.67gcc_3000,0.5,10,0.2222413283573748,0.21827435336257595,0.2242804920992562,0.2205769259382596,0.0058083876597258745
global_fixed,graphite_2.67gcc_3000,0.6,9,0.2059394324713703,0.2018731289706651,0.2090814852328943,0.20456913997779308,0.00802732077288123
global_fixed,graphite_2.67gcc_3000,0.7,10,0.20068457201476905,0.19814137816736904,0.2039243604587952,0.20293257864240838,0.01007817103780885
global_fixed,graphite_2.67gcc_3000,0.8,10,0.20081237322983408,0.19753842438865538,0.20438856210800255,0.2014608125606412,0.005826359091874522
global_fixed,graphite_2.67gcc_3000,0.9,9,0.1975778639061297,0.1963457130562655,0.2013373259919811,0.1991433331850906,0.005302834923048454
global_fixed,graphite_2.67gcc_3000,1.0,20,0.20146340268331547,0.19867627961048806,0.20258514063310398,0.20277058233182932,0.008358857386204272
stratified_adaptive,Full,0.01,10,0.4482558293573937,0.43787745671124456,0.462459134740825,0.4487845744337909,0.013774376683819235
stratified_adaptive,Full,0.015,9,0.4339789334805636,0.4192273429115522,0.4373877036286014,0.43099981113579117,0.012600899151604172
stratified_adaptive,Full,0.02,10,0.4231569140902268,0.4111913315768969,0.43560872929244776,0.4234834462589241,0.012628128633066516
stratified_adaptive,Full,0.025,7,0.4184473762875201,0.40603659622772104,0.4211030383513903,0.4149291656028996,0.012121824033393905
stratified_adaptive,Full,0.03,8,0.4186638633694641,0.4114420210932884,0.4249981734043024,0.41750464888646804,0.013131383043210113
stratified_adaptive,Full,0.035,10,0.4191287971409562,0.4097816230708478,0.4207950560906778,0.41690562549147814,0.00842442750650667
stratified_adaptive,Full,0.04,9,0.4153807313771709,0.4105042970641753,0.418994232493808,0.4136429451098199,0.006744020729276859
stratified_adaptive,Full,0.045,9,0.4194102985943356,0.412782623730367,0.4204993065185754,0.41752662904105553,0.00734353111774965
stratified_adaptive,Full,0.05,8,0.4113519281104579,0.40943772945948814,0.4137550160334671,0.410800091697826,0.006743059686531693
stratified_adaptive,Full,0.055,9,0.4094530784141289,0.4057126897880767,0.4138132545718328,0.4101918344071777,0.006220192215609679
stratified_adaptive,Full,0.06,10,0.40689198962152207,0.4018716502867558,0.4095469278585617,0.40567735490337836,0.0075763850140880724
stratified_adaptive,Full,0.065,10,0.406111472573151,0.40423286959059085,0.41053651199546726,0.4073014986590847,0.006023139899147988
stratified_adaptive,Full,0.07,10,0.40177109398740707,0.40084056197773676,0.40873971729961917,0.4053032942439089,0.010683556946667136
stratified_adaptive,Full,0.075,10,0.405103774541892,0.4032095783891362,0.40827838110231063,0.40671316643522093,0.006109171339621024
stratified_adaptive,Full,0.08,10,0.40054331889760936,0.39965853570941845,0.40306659223466157,0.40034702594292665,0.004286554601506043
stratified_adaptive,Full,0.085,10,0.40233068387586224,0.3997495563832816,0.4061150846490992,0.40339431180216484,0.005914892481790889
stratified_adaptive,Full,0.09,10,0.40298216953097366,0.3991109576860274,0.40736861417995635,0.40269229917387817,0.00672915708352055
stratified_adaptive,Full,0.095,10,0.40353549303289693,0.40080354643760147,0.40534321870979334,0.4024685036919811,0.003671870379859855
stratified_adaptive,Full,0.1,10,0.40247649737122304,0.3998951045337238,0.40489323132921434,0.4022398218194292,0.004189832547955937
stratified_adaptive,Full,0.2,10,0.3994622041987883,0.3948914726588706,0.40282286223301245,0.40048858948009797,0.008501325206190782
stratified_adaptive,Full,0.3,10,0.3977226070550328,0.3932996768235902,0.40135167530503507,0.3975437884569839,0.006124032847393504
stratified_adaptive,Full,0.4,10,0.39672387173969637,0.3926092043014637,0.3991539743970264,0.39579660508734626,0.004767635636078214
stratified_adaptive,Full,0.5,10,0.3930759371668461,0.3903147496333885,0.3937982343841108,0.3919521084553536,0.0027142178618057723
stratified_adaptive,Full,0.6,10,0.3912850371054323,0.38942587378392146,0.39338758335014895,0.3915664224316759,0.0040534546528446895
stratified_adaptive,Full,0.7,10,0.39107960447129386,0.3856835889288507,0.39424043101603784,0.38988084863065253,0.005639503423838364
stratified_adaptive,Full,0.8,10,0.3910315184858514,0.3892705633861624,0.39351061738935267,0.39095864184482865,0.0055307839630173
stratified_adaptive,Full,0.9,10,0.39157082094050244,0.3891447250969839,0.39471678312338787,0.3917766758681822,0.004863939921988749
stratified_adaptive,Full,1.0,20,0.39014465922928304,0.3874385585219705,0.3944116571168605,0.39210010586729527,0.010427837577393044
stratified_adaptive,HD liquid_2.0gcc_6000,0.01,10,0.6686124890003535,0.6543369514585594,0.6834138371502098,0.6688125351766473,0.01604484765447746
stratified_adaptive,HD liquid_2.0gcc_6000,0.015,9,0.6540254392456386,0.6342121989076106,0.6562365664089346,0.6478346419037214,0.014567158084564364
stratified_adaptive,HD liquid_2.0gcc_6000,0.02,10,0.6417965312971607,0.6278787817153734,0.6568705632801968,0.6417774295500498,0.016255677098277747
stratified_adaptive,HD liquid_2.0gcc_6000,0.025,7,0.6310454248798442,0.6193889844093992,0.634670296161322,0.628583095873805,0.013562606425155777
stratified_adaptive,HD liquid_2.0gcc_6000,0.03,8,0.6355642838279685,0.6246688204130486,0.6469949343143768,0.6345502720966848,0.017501168255042845
stratified_adaptive,HD liquid_2.0gcc_6000,0.035,10,0.6330722878968009,0.6246555434073311,0.6377685306949008,0.6319471928987381,0.010569056745807836
stratified_adaptive,HD liquid_2.0gcc_6000,0.04,9,0.6290672169276778,0.6268573312920395,0.6361822807633657,0.6286852019700379,0.008800693556834152
stratified_adaptive,HD liquid_2.0gcc_6000,0.045,9,0.6384183741212296,0.6274364146156475,0.6409712990013884,0.6355416713813224,0.012000494077773913
stratified_adaptive,HD liquid_2.0gcc_6000,0.05,8,0.6258802639642405,0.6221851149923102,0.6287190936924828,0.6248964320065047,0.00844313839203855
stratified_adaptive,HD liquid_2.0gcc_6000,0.055,9,0.6212039608669895,0.6189063039554997,0.629351390343844,0.6251589172343572,0.008391015382807376
stratified_adaptive,HD liquid_2.0gcc_6000,0.06,10,0.6216248330717635,0.6109310823234838,0.625528707930529,0.618670506584973,0.010634833224688799
stratified_adaptive,HD liquid_2.0gcc_6000,0.065,10,0.6232629292630992,0.6203742930962363,0.6286268726989073,0.6233604091723761,0.008119349516313027
stratified_adaptive,HD liquid_2.0gcc_6000,0.07,10,0.614471170967255,0.6117792480440242,0.6205823815944921,0.619057610742311,0.012953863360564007
stratified_adaptive,HD liquid_2.0gcc_6000,0.075,10,0.6180538133144018,0.6158956580741739,0.622545828197507,0.6213334943453975,0.009016509210964701
stratified_adaptive,HD liquid_2.0gcc_6000,0.08,10,0.6124231753704732,0.6089270890729097,0.6157559202562779,0.6113447417071068,0.005538911198245487
stratified_adaptive,HD liquid_2.0gcc_6000,0.085,10,0.6141761319094381,0.6125725605246017,0.619925847304037,0.6164182453199455,0.008980861492877136
stratified_adaptive,HD liquid_2.0gcc_6000,0.09,10,0.6148531773580019,0.6108615030471276,0.6212553907623368,0.6146184342644897,0.00864031768520527
stratified_adaptive,HD liquid_2.0gcc_6000,0.095,10,0.6137136538390906,0.6123692669349559,0.617501033878095,0.6140659412203657,0.0050675986083826745
stratified_adaptive,HD liquid_2.0gcc_6000,0.1,10,0.6150644906383881,0.6108963292490959,0.6175836652045434,0.6143151579782369,0.005265721839801365
stratified_adaptive,HD liquid_2.0gcc_6000,0.2,10,0.612694099693232,0.6045506742020315,0.6140385423544101,0.6114329554470865,0.011133428411214973
stratified_adaptive,HD liquid_2.0gcc_6000,0.3,10,0.6086336648320066,0.6034194226490147,0.6122268511026419,0.6079244609817475,0.008804387934677941
stratified_adaptive,HD liquid_2.0gcc_6000,0.4,10,0.6047541194640064,0.6021546023105111,0.6091297491065191,0.6049993068686608,0.0066382604041933186
stratified_adaptive,HD liquid_2.0gcc_6000,0.5,10,0.5999183217993269,0.5959245328901493,0.6027765654307656,0.5991209058455785,0.004909076237760021
stratified_adaptive,HD liquid_2.0gcc_6000,0.6,10,0.601659911570909,0.5958658396290513,0.6048868023982554,0.6004587090166094,0.006003354907003441
stratified_adaptive,HD liquid_2.0gcc_6000,0.7,10,0.5993883204963724,0.5949631363289765,0.6054402942539031,0.5990182797849416,0.007655330725245043
stratified_adaptive,HD liquid_2.0gcc_6000,0.8,10,0.6001242788630117,0.5977609217922178,0.6035701390060613,0.5991693055739388,0.007684272707815286
stratified_adaptive,HD liquid_2.0gcc_6000,0.9,10,0.6002809336932493,0.598512428929576,0.6036851742817693,0.6003222081257749,0.006803886030172022
stratified_adaptive,HD liquid_2.0gcc_6000,1.0,20,0.5973304021539166,0.5919557152936545,0.6041940210961764,0.6000632597750686,0.013226796370718108
stratified_adaptive,HD liquid_2.0gcc_7000,0.01,10,0.6615547237355909,0.6537751526746629,0.6749277749672596,0.6645748970767997,0.013407859875450122
stratified_adaptive,HD liquid_2.0gcc_7000,0.015,9,0.652010113904249,0.6320892017738681,0.6586902759337757,0.6475491063969083,0.014490576513571687
stratified_adaptive,HD liquid_2.0gcc_7000,0.02,10,0.6402132838485609,0.6283134765034155,0.6552123153989415,0.6410442362389768,0.015481745390279482
stratified_adaptive,HD liquid_2.0gcc_7000,0.025,7,0.6279893581981253,0.6156720760293077,0.6298034632327529,0.6254870682876484,0.014489075254506227
stratified_adaptive,HD liquid_2.0gcc_7000,0.03,8,0.6340312401385,0.6220669264717416,0.6470277551446316,0.632645146495867,0.01888241270820119
stratified_adaptive,HD liquid_2.0gcc_7000,0.035,10,0.6336670868393499,0.6206761014718509,0.6355072729612385,0.6301299237458056,0.009674141291631142
stratified_adaptive,HD liquid_2.0gcc_7000,0.04,9,0.6233927769650532,0.6220426167596649,0.6309065616746152,0.6268947629242765,0.0072398665886318605
stratified_adaptive,HD liquid_2.0gcc_7000,0.045,9,0.6367237199636794,0.6229876342894033,0.6439698783787489,0.633849776049975,0.01297848060857561
stratified_adaptive,HD liquid_2.0gcc_7000,0.05,8,0.6247229243492349,0.621348379830202,0.628511745933821,0.6243521351780291,0.010468593063930609
stratified_adaptive,HD liquid_2.0gcc_7000,0.055,9,0.6196642442256526,0.6176526837273073,0.6304729505025952,0.6239956025150873,0.008168026136397489
stratified_adaptive,HD liquid_2.0gcc_7000,0.06,10,0.6222217632328648,0.6061699763290802,0.6267871079087484,0.6177624977350942,0.011266026319877595
stratified_adaptive,HD liquid_2.0gcc_7000,0.065,10,0.6230621201519887,0.6160648187751596,0.6278175277734043,0.6221620972565362,0.011445260444059868
stratified_adaptive,HD liquid_2.0gcc_7000,0.07,10,0.615644436928635,0.6071200478773365,0.6211782543763191,0.616997337325698,0.013279487164138586
stratified_adaptive,HD liquid_2.0gcc_7000,0.075,10,0.6149465159479319,0.6129730407839381,0.6247901053801352,0.6194095225860632,0.010730869795314934
stratified_adaptive,HD liquid_2.0gcc_7000,0.08,10,0.6100287772761732,0.6054893457310959,0.6130678131029671,0.6095987132924388,0.005391753424730607
stratified_adaptive,HD liquid_2.0gcc_7000,0.085,10,0.6084635377123415,0.604225000762642,0.6181820494812339,0.6118672683742693,0.010272841929127351
stratified_adaptive,HD liquid_2.0gcc_7000,0.09,10,0.6135906519791136,0.6070134974188577,0.6155300027590878,0.6130143150228228,0.008966631558540602
stratified_adaptive,HD liquid_2.0gcc_7000,0.095,10,0.61417681761972,0.6119911537514149,0.6167172806354607,0.6132584467110372,0.0059772180955686965
stratified_adaptive,HD liquid_2.0gcc_7000,0.1,10,0.6124940089426075,0.6110143623839803,0.613789187679846,0.6123449815284976,0.005921569446940729
stratified_adaptive,HD liquid_2.0gcc_7000,0.2,10,0.6073006138993875,0.5991491878529542,0.6140469356878511,0.6088052835907789,0.01247699964793638
stratified_adaptive,HD liquid_2.0gcc_7000,0.3,10,0.6024681324013739,0.5986314599370579,0.6142655934162852,0.6048510593875833,0.009198589362918931
stratified_adaptive,HD liquid_2.0gcc_7000,0.4,10,0.6011495552568651,0.5976986577097796,0.6066286138191459,0.6022469667677643,0.007420289302491936
stratified_adaptive,HD liquid_2.0gcc_7000,0.5,10,0.5972759050189438,0.5925566880839301,0.6015184270734386,0.5968210960930016,0.005259388232137523
stratified_adaptive,HD liquid_2.0gcc_7000,0.6,10,0.599502213606367,0.5925119398234154,0.6021475310779693,0.5971768606777166,0.008286907032750193
stratified_adaptive,HD liquid_2.0gcc_7000,0.7,10,0.592659073923528,0.5892642337765769,0.5996841933810468,0.5934229188977136,0.00936758225367829
stratified_adaptive,HD liquid_2.0gcc_7000,0.8,10,0.5933311352840538,0.5901615395499273,0.5996102471045673,0.5937294108922656,0.0071275759753242915
stratified_adaptive,HD liquid_2.0gcc_7000,0.9,10,0.593564141109196,0.5904010252505646,0.5981346760288522,0.5941777601064337,0.007319241783001025
stratified_adaptive,HD liquid_2.0gcc_7000,1.0,20,0.5938572861679463,0.5879169384811339,0.6019932326609613,0.5968795277558291,0.014229802109382019
stratified_adaptive,HD liquid_2.5gcc_6000,0.01,10,0.6830497968531526,0.6738660756444872,0.6986289959928721,0.6853291904038015,0.014224931459255201
stratified_adaptive,HD liquid_2.5gcc_6000,0.015,9,0.6703265727976825,0.6530843970110308,0.6735330496249246,0.6655975198808357,0.012519229727966041
stratified_adaptive,HD liquid_2.5gcc_6000,0.02,10,0.6592074441165965,0.648213305469428,0.6729053234358074,0.6603958763532046,0.013454405453755806
stratified_adaptive,HD liquid_2.5gcc_6000,0.025,7,0.6493435228270624,0.6418745882089247,0.6594244046307276,0.6510976075720132,0.01255536603089
stratified_adaptive,HD liquid_2.5gcc_6000,0.03,8,0.6570067552414329,0.649275956805351,0.665729450203726,0.6556119699612701,0.013370991100828617
stratified_adaptive,HD liquid_2.5gcc_6000,0.035,10,0.655182296652681,0.6457268198410376,0.6563147463129224,0.6518215396585447,0.007647306173900717
stratified_adaptive,HD liquid_2.5gcc_6000,0.04,9,0.6519465727331185,0.6475580610956451,0.6536140573092217,0.6506268873486214,0.00632640723700775
stratified_adaptive,HD liquid_2.5gcc_6000,0.045,9,0.6552277799933144,0.6484762242656725,0.6602964460629083,0.6547152438110627,0.008244392818885329
stratified_adaptive,HD liquid_2.5gcc_6000,0.05,8,0.6465773668196891,0.6433223708971666,0.6492791875963627,0.6460629362918174,0.007606635481082572
stratified_adaptive,HD liquid_2.5gcc_6000,0.055,9,0.6464331646616556,0.643296168268038,0.6489423577239719,0.6468310970295298,0.005408375874706013
stratified_adaptive,HD liquid_2.5gcc_6000,0.06,10,0.6414208511671717,0.6361110301517872,0.647575041157952,0.6417145527201313,0.007640809046112331
stratified_adaptive,HD liquid_2.5gcc_6000,0.065,10,0.6436630930527598,0.6405152826330796,0.6491781216899621,0.6447274281442916,0.006820337933179039
stratified_adaptive,HD liquid_2.5gcc_6000,0.07,10,0.6391145651778516,0.636179695064885,0.6426409638204842,0.6421533272291391,0.010273692618813269
stratified_adaptive,HD liquid_2.5gcc_6000,0.075,10,0.6413714031133038,0.6402100459902704,0.6463543054637918,0.6433206724321687,0.007408772575469393
stratified_adaptive,HD liquid_2.5gcc_6000,0.08,10,0.6400513467970782,0.6367068727656044,0.6409087896201526,0.6377188447826816,0.005828099440857068
stratified_adaptive,HD liquid_2.5gcc_6000,0.085,10,0.6392796295664938,0.6348979916323305,0.6422831049972175,0.6397236756957996,0.006475129649952143
stratified_adaptive,HD liquid_2.5gcc_6000,0.09,10,0.6385861987791774,0.6362895553599976,0.6442961320075078,0.6388633136263253,0.008388994007857383
stratified_adaptive,HD liquid_2.5gcc_6000,0.095,10,0.6384590689207175,0.6367083534698297,0.6390838579362401,0.6371891211985058,0.004202524721306759
stratified_adaptive,HD liquid_2.5gcc_6000,0.1,10,0.6379364105805089,0.6346064173392765,0.6403584136180905,0.6375497643866006,0.0041947504794591466
stratified_adaptive,HD liquid_2.5gcc_6000,0.2,10,0.6365981232746063,0.6315332800240112,0.6393026138920914,0.6366131877107273,0.008115648284006578
stratified_adaptive,HD liquid_2.5gcc_6000,0.3,10,0.6342336024370393,0.6262152923198536,0.6367532701323806,0.6321449618415144,0.006345182465246516
stratified_adaptive,HD liquid_2.5gcc_6000,0.4,10,0.6310280612942831,0.6254663181372404,0.6331177462061837,0.6291419318467125,0.005382696629400124
stratified_adaptive,HD liquid_2.5gcc_6000,0.5,10,0.6266920058606533,0.6233449040986336,0.6271918232164222,0.6252538569179478,0.003658826993454553
stratified_adaptive,HD liquid_2.5gcc_6000,0.6,10,0.6251456118528036,0.6219269636254796,0.6287329033565094,0.6253050440480858,0.004524982616687847
stratified_adaptive,HD liquid_2.5gcc_6000,0.7,10,0.6224253368878805,0.619231178354007,0.6304738488960757,0.6238706253235172,0.006789610270649729
stratified_adaptive,HD liquid_2.5gcc_6000,0.8,10,0.6243697127387307,0.6216993995302038,0.6280388575755944,0.6242314021095109,0.006947938078956056
stratified_adaptive,HD liquid_2.5gcc_6000,0.9,10,0.6266896056886915,0.6263728131490789,0.6289626130941766,0.6259593407920796,0.005886702318953274
stratified_adaptive,HD liquid_2.5gcc_6000,1.0,20,0.6257323132420592,0.6200686499936469,0.628652848919075,0.6259625621349527,0.010420815088440482
stratified_adaptive,HD liquid_3.0gcc_8000,0.01,10,0.8146816796739254,0.801559920206018,0.8345223031473998,0.8176013384669124,0.018710441269584564
stratified_adaptive,HD liquid_3.0gcc_8000,0.015,9,0.7953531802490245,0.7744556593273596,0.8002477779804678,0.7918591199325973,0.019152152765046622
stratified_adaptive,HD liquid_3.0gcc_8000,0.02,10,0.7809655583530151,0.7620411867615225,0.7981176905833238,0.7803550862962874,0.018879713443030466
stratified_adaptive,HD liquid_3.0gcc_8000,0.025,7,0.7751152111427748,0.7579836413539824,0.7823856357207735,0.7713873529281451,0.017285060114057105
stratified_adaptive,HD liquid_3.0gcc_8000,0.03,8,0.7784397748162301,0.7652692738024723,0.7848295914196133,0.7749826493807018,0.020034553583707013
stratified_adaptive,HD liquid_3.0gcc_8000,0.035,10,0.7771654093991702,0.7647763277087951,0.7794065324987025,0.7733470291598121,0.012006400545383456
stratified_adaptive,HD liquid_3.0gcc_8000,0.04,9,0.7731678602681078,0.7616961433422406,0.7744484297973813,0.7678501496848136,0.010454327705208296
stratified_adaptive,HD liquid_3.0gcc_8000,0.045,9,0.7779976260698328,0.7691658565337635,0.7824276211893074,0.7755984411454505,0.010649479669205262
stratified_adaptive,HD liquid_3.0gcc_8000,0.05,8,0.7687737549680098,0.7629537383731608,0.7713620700513657,0.7660885357519871,0.010160214269823137
stratified_adaptive,HD liquid_3.0gcc_8000,0.055,9,0.7642691597564483,0.7579857382629878,0.7711599444460351,0.7646750983259505,0.009522806463855732
stratified_adaptive,HD liquid_3.0gcc_8000,0.06,10,0.7568349210457848,0.7507622113383486,0.7638632050477228,0.756653370341436,0.011433449331415333
stratified_adaptive,HD liquid_3.0gcc_8000,0.065,10,0.7561410857213742,0.7535153180131395,0.7628398638118159,0.7586575341073427,0.009728362779469747
stratified_adaptive,HD liquid_3.0gcc_8000,0.07,10,0.7518200608673126,0.7491438582350075,0.7612098727723843,0.7568662121574838,0.01600954129096869
stratified_adaptive,HD liquid_3.0gcc_8000,0.075,10,0.7556395317234839,0.7535667202807492,0.7624539413366118,0.7591287108712058,0.010842377614992403
stratified_adaptive,HD liquid_3.0gcc_8000,0.08,10,0.7507359871200228,0.7493205498413795,0.7526048035908527,0.7496460927795726,0.005547027915256756
stratified_adaptive,HD liquid_3.0gcc_8000,0.085,10,0.753796061926341,0.7468307743219568,0.7583073984929825,0.7541576944149622,0.008972928445533756
stratified_adaptive,HD liquid_3.0gcc_8000,0.09,10,0.7528751597969029,0.7480864977206396,0.7588245473086108,0.7536942941430342,0.010764618141554355
stratified_adaptive,HD liquid_3.0gcc_8000,0.095,10,0.7531557673533928,0.7500007717193897,0.7562066699641915,0.7520782648664269,0.005441244561459604
stratified_adaptive,HD liquid_3.0gcc_8000,0.1,10,0.7508747415948824,0.7471463024228171,0.7564732267646727,0.7519261569620888,0.00597658399622812
stratified_adaptive,HD liquid_3.0gcc_8000,0.2,10,0.7504818335714738,0.7399262625649764,0.7557569430079067,0.7504068860708728,0.013146303259868592
stratified_adaptive,HD liquid_3.0gcc_8000,0.3,10,0.7449045424667953,0.7383132441066298,0.7532931242059855,0.7453905630268166,0.009982199006645162
stratified_adaptive,HD liquid_3.0gcc_8000,0.4,10,0.7443610636879113,0.7399875786180491,0.7465604991613053,0.7421871272113673,0.0070423104676478
stratified_adaptive,HD liquid_3.0gcc_8000,0.5,10,0.7374477354039384,0.7348569792092927,0.7403820353665155,0.7367566537829096,0.004461861821991068
stratified_adaptive,HD liquid_3.0gcc_8000,0.6,10,0.7367738762293067,0.732869644696232,0.7417248745116394,0.7372817577853451,0.0067229932747422195
stratified_adaptive,HD liquid_3.0gcc_8000,0.7,10,0.7343016141848249,0.7278853647922605,0.7390956098895879,0.733383903468342,0.008444452445965105
stratified_adaptive,HD liquid_3.0gcc_8000,0.8,10,0.7345926496163564,0.7326797867224272,0.7404126079360656,0.735447349957219,0.008514824603639469
stratified_adaptive,HD liquid_3.0gcc_8000,0.9,10,0.7357470711202908,0.7324897994003037,0.7393677752318053,0.7360782452531531,0.007560187338533691
stratified_adaptive,HD liquid_3.0gcc_8000,1.0,20,0.7304187591848331,0.7276961735007986,0.7390510776966561,0.7350050292263398,0.014976879714550067
stratified_adaptive,HD liquid_3.6gcc_6000,0.01,10,0.8732750969158222,0.8582008069268635,0.8901703074384031,0.8726725922338053,0.018587429935566807
stratified_adaptive,HD liquid_3.6gcc_6000,0.015,9,0.8502097735894355,0.832385673112157,0.8561050581271447,0.8470863590341385,0.019853629590749905
stratified_adaptive,HD liquid_3.6gcc_6000,0.02,10,0.8341445084802915,0.8210019423648299,0.855588737408497,0.8351754172890068,0.020113249534011047
stratified_adaptive,HD liquid_3.6gcc_6000,0.025,7,0.8282797337606644,0.8065179495856385,0.8340374558227879,0.8219998970009774,0.019981373219802204
stratified_adaptive,HD liquid_3.6gcc_6000,0.03,8,0.8302467458341625,0.8180054490932653,0.8417467265670067,0.8282744533970401,0.02180346393287423
stratified_adaptive,HD liquid_3.6gcc_6000,0.035,10,0.8280073144105655,0.8148665056738763,0.8322227371752987,0.8259128589261687,0.013903509066246036
stratified_adaptive,HD liquid_3.6gcc_6000,0.04,9,0.8243395633166065,0.8174936709744932,0.8289860464491344,0.8209566198288918,0.011801443438608556
stratified_adaptive,HD liquid_3.6gcc_6000,0.045,9,0.8305057102332672,0.8205572897623251,0.8345190907828891,0.8281160739829807,0.012332435237672565
stratified_adaptive,HD liquid_3.6gcc_6000,0.05,8,0.824296844079661,0.815363929633409,0.8256336700127973,0.8189433724642841,0.01172778087152994
stratified_adaptive,HD liquid_3.6gcc_6000,0.055,9,0.8140294009294893,0.8076595770219762,0.8194488851817477,0.8143263284006242,0.010799307874973643
stratified_adaptive,HD liquid_3.6gcc_6000,0.06,10,0.809132482633109,0.7992945116320032,0.8168108650293825,0.8078248052359621,0.016472923498197133
stratified_adaptive,HD liquid_3.6gcc_6000,0.065,10,0.8083499238950085,0.804689945241627,0.8180991481506389,0.811036569545213,0.010934563807964735
stratified_adaptive,HD liquid_3.6gcc_6000,0.07,10,0.802746855266333,0.8014052976150479,0.8181351453494976,0.8093101311489278,0.02011212647724547
stratified_adaptive,HD liquid_3.6gcc_6000,0.075,10,0.8100859164442966,0.804145752284108,0.8160540353297869,0.8114660721569817,0.01220456057146024
stratified_adaptive,HD liquid_3.6gcc_6000,0.08,10,0.8031269331368776,0.7998741171961101,0.8068578974650784,0.8019164068000968,0.007357273076967557
stratified_adaptive,HD liquid_3.6gcc_6000,0.085,10,0.8037309099198766,0.7996322879355833,0.8105444665442505,0.8064721838360367,0.010221504310823545
stratified_adaptive,HD liquid_3.6gcc_6000,0.09,10,0.8051802718151209,0.8004518611875039,0.8156924545482178,0.8060785670061854,0.013162396502227796
stratified_adaptive,HD liquid_3.6gcc_6000,0.095,10,0.8044287357649413,0.8028834117746892,0.8063356834843808,0.8044004575416073,0.0067080757598669645
stratified_adaptive,HD liquid_3.6gcc_6000,0.1,10,0.803840823500921,0.7993203143182648,0.8088870684779006,0.8036000961594117,0.007757755491501179
stratified_adaptive,HD liquid_3.6gcc_6000,0.2,10,0.8019723516079187,0.7927838133492995,0.8081773668184525,0.8036079938910939,0.015184376162921604
stratified_adaptive,HD liquid_3.6gcc_6000,0.3,10,0.7980557388290912,0.79183244715284,0.8052613645125218,0.7988013458208313,0.011259217771520938
stratified_adaptive,HD liquid_3.6gcc_6000,0.4,10,0.7993058328399772,0.7905206260929573,0.8011662032073599,0.7955624383218537,0.008519321458214959
stratified_adaptive,HD liquid_3.6gcc_6000,0.5,10,0.7910116716399087,0.7870064374437779,0.7932478840003159,0.7897696781935774,0.005955249065473306
stratified_adaptive,HD liquid_3.6gcc_6000,0.6,10,0.7889239155408083,0.786451647161891,0.7952189752820873,0.7906581551135472,0.008001581585161552
stratified_adaptive,HD liquid_3.6gcc_6000,0.7,10,0.7907574380559025,0.77860974867544,0.7961947286489366,0.7871388539058383,0.013126523635160538
stratified_adaptive,HD liquid_3.6gcc_6000,0.8,10,0.7876231116533484,0.7812994318506331,0.7978215320949029,0.787994727592678,0.011507162440015421
stratified_adaptive,HD liquid_3.6gcc_6000,0.9,10,0.7896444725626879,0.7877574817477326,0.7987679113669963,0.7905879317538473,0.01032025781049657
stratified_adaptive,HD liquid_3.6gcc_6000,1.0,20,0.7869975523210622,0.7806088877193064,0.7945150015756465,0.7892432962905483,0.01814599442613667
stratified_adaptive,LD liquid_0.5gcc_1000,0.01,10,0.406676994795668,0.38705969422429226,0.4221047016371533,0.4040190771045055,0.025618742849242673
stratified_adaptive,LD liquid_0.5gcc_1000,0.015,9,0.3825239780740124,0.3577126452915531,0.3893754412020094,0.37537605863909446,0.02060464363304264
stratified_adaptive,LD liquid_0.5gcc_1000,0.02,10,0.3597338757966788,0.347239070542436,0.3848870876055107,0.36409274333700903,0.02426550344490366
stratified_adaptive,LD liquid_0.5gcc_1000,0.025,7,0.3387977908253824,0.32550858001386146,0.34941544910974587,0.3393633707830084,0.021571620129638383
stratified_adaptive,LD liquid_0.5gcc_1000,0.03,8,0.3424552187677381,0.3330645365911912,0.36790461500531263,0.3476649696796496,0.023339144212440554
stratified_adaptive,LD liquid_0.5gcc_1000,0.035,10,0.3571072707251517,0.33946950149912003,0.3625074303239979,0.3537516632190538,0.018012298663493874
stratified_adaptive,LD liquid_0.5gcc_1000,0.04,9,0.3438658897722519,0.3362503174485558,0.3470008763325894,0.34301585909895094,0.009876496156483705
stratified_adaptive,LD liquid_0.5gcc_1000,0.045,9,0.3417424143246776,0.3304644559308202,0.3552887944140903,0.3449469606026531,0.016846954953092116
stratified_adaptive,LD liquid_0.5gcc_1000,0.05,8,0.3330768358946419,0.3282581007220449,0.3367902555215234,0.3335896156123341,0.015792788029401636
stratified_adaptive,LD liquid_0.5gcc_1000,0.055,9,0.334665541334118,0.3275035468585274,0.3413017289272118,0.3363765283602087,0.010425817167990322
stratified_adaptive,LD liquid_0.5gcc_1000,0.06,10,0.32873052463345714,0.32361337093181997,0.343116707229801,0.33071037761137323,0.013672335576141002
stratified_adaptive,LD liquid_0.5gcc_1000,0.065,10,0.3354958540918239,0.3245231410198216,0.3431613588601528,0.33363642464016674,0.013280337197092294
stratified_adaptive,LD liquid_0.5gcc_1000,0.07,10,0.3248943683167014,0.31865371298256034,0.33110565600654085,0.3263285541802194,0.015535892762020928
stratified_adaptive,LD liquid_0.5gcc_1000,0.075,10,0.3300922788747601,0.3228803375661451,0.3338827390727717,0.3301245214120328,0.010027136349088332
stratified_adaptive,LD liquid_0.5gcc_1000,0.08,10,0.31786822598344866,0.3140040268905486,0.32194845941551176,0.317238951223895,0.008977733002676676
stratified_adaptive,LD liquid_0.5gcc_1000,0.085,10,0.32245658131164756,0.3141487942933451,0.3332387325336357,0.32411395604798654,0.012805602491950844
stratified_adaptive,LD liquid_0.5gcc_1000,0.09,10,0.32392697679240895,0.32031469513466765,0.3292118106717803,0.3242846243957308,0.011534158578982278
stratified_adaptive,LD liquid_0.5gcc_1000,0.095,10,0.3233700753386912,0.3182576917136927,0.33507115041482316,0.3265296530093678,0.011479442442075743
stratified_adaptive,LD liquid_0.5gcc_1000,0.1,10,0.3219954796665685,0.3172133596798317,0.3267918526977681,0.32222341334333704,0.008444978352303862
stratified_adaptive,LD liquid_0.5gcc_1000,0.2,10,0.31577695897074126,0.30844374900388466,0.326650909603208,0.32060859267751396,0.019991981685974526
stratified_adaptive,LD liquid_0.5gcc_1000,0.3,10,0.3140636883356303,0.30444951808034687,0.32575263616959693,0.31593593732920283,0.012180326612482337
stratified_adaptive,LD liquid_0.5gcc_1000,0.4,10,0.31333533619160747,0.3027846010463937,0.31992992084731353,0.31228873277181973,0.009755942249924626
stratified_adaptive,LD liquid_0.5gcc_1000,0.5,10,0.3043390132183155,0.29835296016334145,0.3090434303204667,0.30356934942675745,0.01120515735828242
stratified_adaptive,LD liquid_0.5gcc_1000,0.6,10,0.3002855812077311,0.2975184146418408,0.30258425865462596,0.29960879955255876,0.004349423057205604
stratified_adaptive,LD liquid_0.5gcc_1000,0.7,10,0.3035774298498479,0.28882271240683904,0.31553946640049935,0.3022625290434221,0.014780198458880938
stratified_adaptive,LD liquid_0.5gcc_1000,0.8,10,0.3024214389752705,0.2919685166460438,0.30494392252546765,0.2992438420400004,0.007856270934022918
stratified_adaptive,LD liquid_0.5gcc_1000,0.9,10,0.3013754728330392,0.29543444437554867,0.30381732679180606,0.301968411607879,0.012188127370288515
stratified_adaptive,LD liquid_0.5gcc_1000,1.0,20,0.2992192586384211,0.2920765737182583,0.3094533882039526,0.30316703797417965,0.017546298079520812
stratified_adaptive,LD liquid_1.0gcc_2000,0.01,10,0.515449311466158,0.493458998610262,0.5375601479172254,0.5175205281823241,0.02572007674432127
stratified_adaptive,LD liquid_1.0gcc_2000,0.015,9,0.4937531734430556,0.4729923173733821,0.4999307556886224,0.4885656483302875,0.01639803117727706
stratified_adaptive,LD liquid_1.0gcc_2000,0.02,10,0.4703951088574136,0.4572038986911302,0.49154035786888756,0.47436632464183337,0.018938143132580285
stratified_adaptive,LD liquid_1.0gcc_2000,0.025,7,0.4592926347693098,0.4493515906028823,0.46460076054617816,0.4597327080565013,0.015855104823008854
stratified_adaptive,LD liquid_1.0gcc_2000,0.03,8,0.46964283046078925,0.45040381488497283,0.4779466431403893,0.4645034906350345,0.018176041818131546
stratified_adaptive,LD liquid_1.0gcc_2000,0.035,10,0.46592918406331707,0.45580733859467565,0.47068442579988556,0.46522005488217494,0.014052567132447069
stratified_adaptive,LD liquid_1.0gcc_2000,0.04,9,0.4598407663240695,0.4534022416075547,0.4694400621706596,0.4597498527144162,0.01018743207281309
stratified_adaptive,LD liquid_1.0gcc_2000,0.045,9,0.4643070502966946,0.4536546946823869,0.4679967180143181,0.46443933921378466,0.013130935477486682
stratified_adaptive,LD liquid_1.0gcc_2000,0.05,8,0.44957404251716526,0.4481028297177836,0.4563431587102851,0.4520648957677825,0.010806964391398765
stratified_adaptive,LD liquid_1.0gcc_2000,0.055,9,0.4532533562257118,0.4483619781500764,0.4601129995560038,0.4545396065653956,0.008578707407104964
stratified_adaptive,LD liquid_1.0gcc_2000,0.06,10,0.449307276587522,0.44281329858490703,0.45542211020960455,0.4493314662906406,0.010611071370280934
stratified_adaptive,LD liquid_1.0gcc_2000,0.065,10,0.4543684814005461,0.4450031678628724,0.4590709560421136,0.4520173299466169,0.009299375380165911
stratified_adaptive,LD liquid_1.0gcc_2000,0.07,10,0.4444215992264524,0.4402633588917749,0.44677172919818375,0.4464886765044862,0.013484677860660245
stratified_adaptive,LD liquid_1.0gcc_2000,0.075,10,0.4469938943774662,0.443320411622721,0.4503528411875199,0.44844179884116253,0.008322330350386471
stratified_adaptive,LD liquid_1.0gcc_2000,0.08,10,0.44231431122276343,0.4393533721567525,0.44543050211448043,0.4421032869125631,0.006740037954733697
stratified_adaptive,LD liquid_1.0gcc_2000,0.085,10,0.44285258048886,0.43967546494035126,0.4477981080624579,0.44530182355792264,0.00972057814408562
stratified_adaptive,LD liquid_1.0gcc_2000,0.09,10,0.44288052855644783,0.43950968577307004,0.44824158836506867,0.4430825647638004,0.008200610973685518
stratified_adaptive,LD liquid_1.0gcc_2000,0.095,10,0.44410643279465495,0.44105047901430705,0.44630303528469684,0.44503571030364847,0.005815467779105774
stratified_adaptive,LD liquid_1.0gcc_2000,0.1,10,0.4453501737345827,0.43977234015822403,0.4494353991659043,0.44383846571989577,0.006875104852014506
stratified_adaptive,LD liquid_1.0gcc_2000,0.2,10,0.43761732001920317,0.43183620493020386,0.44226569049830305,0.43903621836004136,0.012378745255097296
stratified_adaptive,LD liquid_1.0gcc_2000,0.3,10,0.44028771450484827,0.43342785383991994,0.4438991129206015,0.43871628683061437,0.007552243332989726
stratified_adaptive,LD liquid_1.0gcc_2000,0.4,10,0.4341391025031624,0.43137238991142246,0.43991074713598666,0.43579508095225883,0.007708364658323915
stratified_adaptive,LD liquid_1.0gcc_2000,0.5,10,0.4298105913473075,0.4246953828388993,0.4329991359248754,0.42838308519624313,0.005697734833445627
stratified_adaptive,LD liquid_1.0gcc_2000,0.6,10,0.42996743096353207,0.42337761257635753,0.43171567915233033,0.4278256613096791,0.004720355727087392
stratified_adaptive,LD liquid_1.0gcc_2000,0.7,10,0.42947986232959917,0.42095098075886095,0.43354801963960193,0.4261355343008302,0.009259306398769486
stratified_adaptive,LD liquid_1.0gcc_2000,0.8,10,0.4279130485709321,0.4250174046968802,0.43094072890586155,0.42695838578629364,0.007497517848989136
stratified_adaptive,LD liquid_1.0gcc_2000,0.9,10,0.4254693997584046,0.4222510212036767,0.4299079325245012,0.427238391100982,0.008553850691572105
stratified_adaptive,LD liquid_1.0gcc_2000,1.0,20,0.42586957860266217,0.41915044030690074,0.4318869002220269,0.4278031690668375,0.013527107343725468
stratified_adaptive,diamond_0.0gcc_CC,0.01,10,0.017643356256303998,0.0157946416572779,0.02123787017424525,0.01845837272994112,0.00336460685375171
stratified_adaptive,diamond_0.0gcc_CC,0.015,9,0.0128632566306414,0.0105625974584911,0.0154082930261641,0.013144927188647322,0.003537760473118139
stratified_adaptive,diamond_0.0gcc_CC,0.02,10,0.01214222900858325,0.008415448511845251,0.013853102407908425,0.01131677344016889,0.0031717006912292916
stratified_adaptive,diamond_0.0gcc_CC,0.025,7,0.0087673233247756,0.006927745024541399,0.0139769886174879,0.010653107009851587,0.0046382648710068105
stratified_adaptive,diamond_0.0gcc_CC,0.03,8,0.00917294255613455,0.0067397078689873,0.011703264309021124,0.009613883441770174,0.003393684765223172
stratified_adaptive,diamond_0.0gcc_CC,0.035,10,0.01066345816712615,0.0083655175377977,0.0126702460596121,0.01054194446605963,0.0026510718565881056
stratified_adaptive,diamond_0.0gcc_CC,0.04,9,0.0089272059732237,0.0084161627250793,0.0104088954655384,0.009295659522264956,0.0019928919111883445
stratified_adaptive,diamond_0.0gcc_CC,0.045,9,0.0114227357730475,0.00944583535193,0.0122668648978118,0.010880910883214011,0.002195513427034195
stratified_adaptive,diamond_0.0gcc_CC,0.05,8,0.008644450614904601,0.0072641613004786,0.009108306103106874,0.008577536417104138,0.002290873250275156
stratified_adaptive,diamond_0.0gcc_CC,0.055,9,0.0083272653118783,0.0076667282090622,0.0089857983922881,0.008426276360870111,0.0015329074834510477
stratified_adaptive,diamond_0.0gcc_CC,0.06,10,0.0073685202569745995,0.0069544955183466,0.008535264504661876,0.00779688675926465,0.001255982810747246
stratified_adaptive,diamond_0.0gcc_CC,0.065,10,0.00850188500337515,0.008011443714682851,0.00917793876670335,0.0086270784717493,0.0010698739194503588
stratified_adaptive,diamond_0.0gcc_CC,0.07,10,0.008022027825136849,0.007524832881453625,0.00908075553147125,0.00852843000398291,0.0014819991497148953
stratified_adaptive,diamond_0.0gcc_CC,0.075,10,0.008478449048513501,0.0075205085438421,0.008648978335426124,0.00841120455053812,0.0014762790586422213
stratified_adaptive,diamond_0.0gcc_CC,0.08,10,0.0067422848111679,0.006441379453855475,0.007708173446033551,0.007245054931689141,0.0015948904940823925
stratified_adaptive,diamond_0.0gcc_CC,0.085,10,0.0071904707642025,0.006851780136599625,0.008023897272170125,0.0078586280182743,0.0019804332053158526
stratified_adaptive,diamond_0.0gcc_CC,0.09,10,0.007877319841039801,0.0073763544489654,0.00834648467914225,0.00805023507225635,0.001433708827931384
stratified_adaptive,diamond_0.0gcc_CC,0.095,10,0.00816589094189905,0.007381939731458175,0.008704585031316225,0.00812294955542363,0.0008142597915058333
stratified_adaptive,diamond_0.0gcc_CC,0.1,10,0.00753838483587875,0.00693982338827595,0.008316513945114574,0.007653503975971959,0.0011000146489270337
stratified_adaptive,diamond_0.0gcc_CC,0.2,10,0.00758360263611885,0.00668640126592745,0.008476935782039424,0.007430475506659021,0.0014134446930321775
stratified_adaptive,diamond_0.0gcc_CC,0.3,10,0.0077340863735252,0.007308548689659675,0.008075596485562001,0.00764438386217871,0.0011206380820175197
stratified_adaptive,diamond_0.0gcc_CC,0.4,10,0.00798006226406695,0.006867521661199925,0.008534438865174025,0.007820526644986291,0.0010484581060242273
stratified_adaptive,diamond_0.0gcc_CC,0.5,10,0.00762535844774215,0.006530918609110425,0.007890777739656374,0.00730667137775765,0.0010420239858658573
stratified_adaptive,diamond_0.0gcc_CC,0.6,10,0.0074556082561347,0.0066704685394468,0.008108637710710376,0.007450574979926581,0.0010019709329478297
stratified_adaptive,diamond_0.0gcc_CC,0.7,10,0.0076666809158978996,0.00687047660095335,0.007789335789623725,0.0073744575253805,0.0008329547306530128
stratified_adaptive,diamond_0.0gcc_CC,0.8,10,0.00748543682239345,0.007185622589715825,0.007849922436750225,0.0077272865002895,0.0009587386814561921
stratified_adaptive,diamond_0.0gcc_CC,0.9,10,0.00629655619446455,0.0060649315101233,0.006669500312038575,0.006814682245702889,0.0013112598029176472
stratified_adaptive,diamond_0.0gcc_CC,1.0,20,0.0072126787489129,0.0062199520924745,0.007940901709057775,0.007465520976411845,0.002427298741939479
stratified_adaptive,diamond_3.67gcc_3000,0.01,10,0.14539373275836695,0.13816044208458342,0.153248837605112,0.14575571315379127,0.009408265325621095
stratified_adaptive,diamond_3.67gcc_3000,0.015,9,0.1349718146549438,0.1251703580136137,0.1354325290107623,0.13217628207437165,0.00933238097435176
stratified_adaptive,diamond_3.67gcc_3000,0.02,10,0.1281911304804407,0.12037603245066665,0.13257806583191037,0.12676106244877966,0.007707296673539479
stratified_adaptive,diamond_3.67gcc_3000,0.025,7,0.1244673416866807,0.1156520259796796,0.1280253640883677,0.12290583853128943,0.009132309671328073
stratified_adaptive,diamond_3.67gcc_3000,0.03,8,0.12409288300607575,0.11917485947945813,0.1273116663551903,0.12366842386076984,0.007670271092932208
stratified_adaptive,diamond_3.67gcc_3000,0.035,10,0.12321002291297964,0.12015456993969632,0.1252270988554711,0.12292235492912702,0.004112569341014026
stratified_adaptive,diamond_3.67gcc_3000,0.04,9,0.1215557599929374,0.116600752554654,0.1228443891921761,0.12037355508942338,0.003992140299978387
stratified_adaptive,diamond_3.67gcc_3000,0.045,9,0.1231882137368214,0.1196595518515845,0.1249664452252394,0.12186116671334818,0.0035703696948753937
stratified_adaptive,diamond_3.67gcc_3000,0.05,8,0.1180905233335922,0.11534171244232717,0.11962539041547555,0.11769491115772249,0.004328897748627899
stratified_adaptive,diamond_3.67gcc_3000,0.055,9,0.1163870932116282,0.1147968554053548,0.1198871270406293,0.11699344005556354,0.0041569771280419564
stratified_adaptive,diamond_3.67gcc_3000,0.06,10,0.11623714224768686,0.11260015927723495,0.11795756768398644,0.11549899240604285,0.00434973299650241
stratified_adaptive,diamond_3.67gcc_3000,0.065,10,0.1150469800161055,0.11390940173574303,0.11737029244994679,0.11623329349608111,0.003361381682820899
stratified_adaptive,diamond_3.67gcc_3000,0.07,10,0.11224510120235551,0.11100702674377146,0.1183597647835073,0.11539616369329675,0.006918585720524232
stratified_adaptive,diamond_3.67gcc_3000,0.075,10,0.11499203966544644,0.11360470620541213,0.11723067741491411,0.11590524582336126,0.003140464055401677
stratified_adaptive,diamond_3.67gcc_3000,0.08,10,0.11246263417223434,0.11016880337979534,0.11445645645985393,0.11213612982332473,0.0038493240295903695
stratified_adaptive,diamond_3.67gcc_3000,0.085,10,0.11246730853355125,0.11137225627828432,0.11621798434097365,0.1139852610190875,0.0038205118490502008
stratified_adaptive,diamond_3.67gcc_3000,0.09,10,0.1134996758586618,0.1104028781651129,0.11707601200485887,0.11315912425231629,0.005213008803884906
stratified_adaptive,diamond_3.67gcc_3000,0.095,10,0.11323766102689485,0.1112973950244924,0.11435936417600923,0.11361006215635631,0.0032872194545357477
stratified_adaptive,diamond_3.67gcc_3000,0.1,10,0.1130487879688214,0.11115405711599433,0.11511873715374665,0.11336006684360393,0.0028991101756336403
stratified_adaptive,diamond_3.67gcc_3000,0.2,10,0.11057505301477445,0.10920254805325287,0.1117544479991527,0.11119945875082989,0.0038690019488424156
stratified_adaptive,diamond_3.67gcc_3000,0.3,10,0.1109031095932354,0.1088547247057155,0.11161983415658787,0.11047534232775731,0.0028664072951500694
stratified_adaptive,diamond_3.67gcc_3000,0.4,10,0.11045781155083065,0.10789501225804632,0.11222644515551589,0.110113728689514,0.0028045939439894046
stratified_adaptive,diamond_3.67gcc_3000,0.5,10,0.1082878195023825,0.10698489996017885,0.10980461163251765,0.10830305264526499,0.0018866599002566745
stratified_adaptive,diamond_3.67gcc_3000,0.6,10,0.10599126465706546,0.10484029710836987,0.10771441328622915,0.10645786110475204,0.002919379680048317
stratified_adaptive,diamond_3.67gcc_3000,0.7,10,0.10754928101794395,0.1048310374592009,0.10878017094381,0.10673957391062953,0.0030788428653865003
stratified_adaptive,diamond_3.67gcc_3000,0.8,10,0.109207107667917,0.1085659048829183,0.1096540765827936,0.10860217811873456,0.002729291011812949
stratified_adaptive,diamond_3.67gcc_3000,0.9,10,0.1117305024493741,0.10981963763149565,0.11245715240475594,0.11099270611636766,0.003444899087987504
stratified_adaptive,diamond_3.67gcc_3000,1.0,20,0.11106717535937255,0.1088238847160516,0.11354194698915823,0.11245896256574495,0.006616744625601333
stratified_adaptive,diamond_3.68gcc_300,0.01,10,0.0426402567648485,0.03964242908673685,0.047669707139318895,0.04328457652561156,0.0048305166990913525
stratified_adaptive,diamond_3.68gcc_300,0.015,9,0.0379896185700087,0.0338609174711498,0.0391929565447156,0.03695669809718232,0.004421574865705736
stratified_adaptive,diamond_3.68gcc_300,0.02,10,0.0354316760111344,0.0315522073121905,0.037825336344604,0.03500126174712859,0.003584224429784795
stratified_adaptive,diamond_3.68gcc_300,0.025,7,0.0329139650150597,0.03000879605869515,0.03638165423347295,0.0334909331823874,0.0043527491025794245
stratified_adaptive,diamond_3.68gcc_300,0.03,8,0.0339586997294788,0.03204893681870745,0.03454539518609713,0.033388295531750135,0.0029592795862516097
stratified_adaptive,diamond_3.68gcc_300,0.035,10,0.0337359802818554,0.03292914179268737,0.035191486532027604,0.033791504612439384,0.0019786127090441205
stratified_adaptive,diamond_3.68gcc_300,0.04,9,0.0325681283809639,0.0316878004316098,0.0328947087255516,0.03216666521133195,0.0014972418104121947
stratified_adaptive,diamond_3.68gcc_300,0.045,9,0.032817303918396,0.0321626763628819,0.032990476401977,0.03300977470950131,0.001907083967184071
stratified_adaptive,diamond_3.68gcc_300,0.05,8,0.03134926287592035,0.029725127469636424,0.032683601299672876,0.03141687416195313,0.002532125779755258
stratified_adaptive,diamond_3.68gcc_300,0.055,9,0.0305803105732266,0.0299253524404639,0.0330590933920686,0.03110561628068366,0.0017791798661799551
stratified_adaptive,diamond_3.68gcc_300,0.06,10,0.0310789637311528,0.029598743235592775,0.031924318461803575,0.030618926357535298,0.001803154403145487
stratified_adaptive,diamond_3.68gcc_300,0.065,10,0.03125227270357155,0.029709078533445177,0.031701585047165554,0.03099883937355159,0.0018525311059735016
stratified_adaptive,diamond_3.68gcc_300,0.07,10,0.02962323272621585,0.0285617789759165,0.03146198103604345,0.030400928529383163,0.0030381272012964416
stratified_adaptive,diamond_3.68gcc_300,0.075,10,0.0303607968314364,0.03002385896282685,0.0320370481929329,0.03073290590115437,0.0014897337801775333
stratified_adaptive,diamond_3.68gcc_300,0.08,10,0.0296167663911214,0.028013344243448125,0.030697140721841924,0.029269197946241398,0.0019101267971614127
stratified_adaptive,diamond_3.68gcc_300,0.085,10,0.0292170591136429,0.028986615712842022,0.031045011534448448,0.02971105462565236,0.001966522207037728
stratified_adaptive,diamond_3.68gcc_300,0.09,10,0.0298442161480832,0.027907358492328678,0.03157608212277695,0.02964607284081795,0.002292675099186423
stratified_adaptive,diamond_3.68gcc_300,0.095,10,0.02941806900595735,0.028845548299507025,0.03083103367222115,0.0299729745918633,0.001574842878137916
stratified_adaptive,diamond_3.68gcc_300,0.1,10,0.02905653272747335,0.028732552761791975,0.030455206368091327,0.0296451810212831,0.001498471644307169
stratified_adaptive,diamond_3.68gcc_300,0.2,10,0.028995231598853748,0.027950294106314125,0.02946645833203325,0.02895297549197436,0.0015305861153298245
stratified_adaptive,diamond_3.68gcc_300,0.3,10,0.029235320287481402,0.028490491798596224,0.030075625487678125,0.02925616422118977,0.0013519290785146884
stratified_adaptive,diamond_3.68gcc_300,0.4,10,0.029060363196539603,0.0280663112280986,0.02951711401670155,0.028933090499499957,0.0014029213722160276
stratified_adaptive,diamond_3.68gcc_300,0.5,10,0.02861776984498545,0.028364783292477477,0.028886857668208026,0.028624827167195388,0.000615094904140497
stratified_adaptive,diamond_3.68gcc_300,0.6,10,0.0272513367568455,0.02638824736923815,0.0284583722902602,0.027481021367003998,0.0015149011521115936
stratified_adaptive,diamond_3.68gcc_300,0.7,10,0.027242742461461952,0.026172366252075627,0.0280825030093211,0.027223487499407638,0.0012997532210833526
stratified_adaptive,diamond_3.68gcc_300,0.8,10,0.0279741604172488,0.02763609655464115,0.0281895393962995,0.028065192528243736,0.0016292169119054775
stratified_adaptive,diamond_3.68gcc_300,0.9,10,0.0288686166949894,0.027923549272341724,0.02940933851081525,0.028687175147574972,0.0013364803872655405
stratified_adaptive,diamond_3.68gcc_300,1.0,20,0.0284175344152134,0.027902816996187928,0.029634546428531625,0.029137547753851606,0.003107306875224692
stratified_adaptive,graphite_0.0gcc_CC,0.01,10,0.0278277881647246,0.02756522898854595,0.028612285840636725,0.028040189471880538,0.0008109651341863899
stratified_adaptive,graphite_0.0gcc_CC,0.015,9,0.0273771238990582,0.0271645020841034,0.0287434197496024,0.0278640261321297,0.0009325960561245239
stratified_adaptive,graphite_0.0gcc_CC,0.02,10,0.02839971876580855,0.027443512438122,0.0287069088106847,0.028230350271941512,0.0009743047021918079
stratified_adaptive,graphite_0.0gcc_CC,0.025,7,0.0272962808588542,0.0269217581235918,0.0281455867603332,0.027305203433691715,0.0011623333374041424
stratified_adaptive,graphite_0.0gcc_CC,0.03,8,0.027893721018395448,0.02773608314824405,0.0283166244254239,0.028011382934971126,0.00065493784112649
stratified_adaptive,graphite_0.0gcc_CC,0.035,10,0.0271801284824807,0.02689672742124985,0.027514919055094424,0.02708775583837291,0.0009249040595063089
stratified_adaptive,graphite_0.0gcc_CC,0.04,9,0.0278435312365435,0.0275235110530976,0.0282451452365695,0.02777292917372748,0.000706399572062968
stratified_adaptive,graphite_0.0gcc_CC,0.045,9,0.0281235620732033,0.0272874983019744,0.0284173003275112,0.027845920877951236,0.001034940971343081
stratified_adaptive,graphite_0.0gcc_CC,0.05,8,0.02786754145302335,0.027290627284229152,0.0288046196426356,0.02807728537037714,0.0009759611587196937
stratified_adaptive,graphite_0.0gcc_CC,0.055,9,0.027460076889599,0.0270855536699914,0.0278679209791747,0.027312774482639097,0.0007154732687174658
stratified_adaptive,graphite_0.0gcc_CC,0.06,10,0.027805623802797247,0.027378482691963926,0.028120782807823225,0.0276749331104738,0.0006825188726027971
stratified_adaptive,graphite_0.0gcc_CC,0.065,10,0.0273500986742021,0.026577003318206623,0.02765118228680705,0.027293762215617114,0.000973325410098012
stratified_adaptive,graphite_0.0gcc_CC,0.07,10,0.02734260632144235,0.02719243720079455,0.0280082134917185,0.027587749131685668,0.0008659258087261333
stratified_adaptive,graphite_0.0gcc_CC,0.075,10,0.0275292244196374,0.02723365104249815,0.0283160381616088,0.027774591503094793,0.0006604299529893926
stratified_adaptive,graphite_0.0gcc_CC,0.08,10,0.027637977893932048,0.02699169646456945,0.0283967579552329,0.0276083731859268,0.0008931981000100107
stratified_adaptive,graphite_0.0gcc_CC,0.085,10,0.02766519847615715,0.02711908213256465,0.028108069105973226,0.02766611220008448,0.0006402688068231156
stratified_adaptive,graphite_0.0gcc_CC,0.09,10,0.02782372829574465,0.026884301108715175,0.02818593004643595,0.0276264228181193,0.0007372338222801285
stratified_adaptive,graphite_0.0gcc_CC,0.095,10,0.0274952846376463,0.026878623385324152,0.027905428690675124,0.027573056060788293,0.0009425208228435708
stratified_adaptive,graphite_0.0gcc_CC,0.1,10,0.027903698917726198,0.027555342880670176,0.02827840385371535,0.027746175248650473,0.0006821460623677972
stratified_adaptive,graphite_0.0gcc_CC,0.2,10,0.027929721987820698,0.027187137200932673,0.028842699750197848,0.02787591791893847,0.0011496899440902664
stratified_adaptive,graphite_0.0gcc_CC,0.3,10,0.02687259841357755,0.026376406800598377,0.026994462599494524,0.02675800781271546,0.0007847425111316056
stratified_adaptive,graphite_0.0gcc_CC,0.4,10,0.0270451543841411,0.026612066947073097,0.027451548227447376,0.027278040032948446,0.0010324538258077362
stratified_adaptive,graphite_0.0gcc_CC,0.5,10,0.02693788447774815,0.026574835525528376,0.027828611066459674,0.02718582269002217,0.000727357681366607
stratified_adaptive,graphite_0.0gcc_CC,0.6,10,0.02686798377403625,0.026400352062440374,0.027293007598220675,0.02673683279823556,0.0009088666150349709
stratified_adaptive,graphite_0.0gcc_CC,0.7,10,0.027032276412560452,0.0261786922367303,0.0273122495618664,0.026773118578938472,0.0006650175497570982
stratified_adaptive,graphite_0.0gcc_CC,0.8,10,0.02665697307429165,0.026481729354369175,0.027117209148098502,0.026793058984869472,0.000713418561410538
stratified_adaptive,graphite_0.0gcc_CC,0.9,10,0.02667411075121955,0.026411334897527276,0.02699716132460325,0.026758126785871576,0.0008434505374327226
stratified_adaptive,graphite_0.0gcc_CC,1.0,20,0.02652551238137425,0.026044996897137573,0.026987414945243822,0.0265198722489407,0.0008429478312834784
stratified_adaptive,graphite_2.39gcc_300,0.01,10,0.07453934748914945,0.07046870960010246,0.08184610259864222,0.07593606937971391,0.0061933396594197575
stratified_adaptive,graphite_2.39gcc_300,0.015,9,0.071389195133732,0.070062157054949,0.0721960530027327,0.07089381343220912,0.0033497803562514265
stratified_adaptive,graphite_2.39gcc_300,0.02,10,0.06894895246489545,0.06492984863936965,0.07092491645603717,0.06866416512782056,0.004317101222394503
stratified_adaptive,graphite_2.39gcc_300,0.025,7,0.0673343630711107,0.0654018688984758,0.0685675649314381,0.0662740782421346,0.003388957889409935
stratified_adaptive,graphite_2.39gcc_300,0.03,8,0.06725099869101106,0.06487780657824302,0.06796925909478405,0.06622381862180683,0.0046621078658617985
stratified_adaptive,graphite_2.39gcc_300,0.035,10,0.06564212550135665,0.06395739892514625,0.06764652600761076,0.06628134066707139,0.0031860166982429217
stratified_adaptive,graphite_2.39gcc_300,0.04,9,0.0644730219207953,0.0633163753142253,0.0665565134121411,0.06469182080211211,0.0026364791516646684
stratified_adaptive,graphite_2.39gcc_300,0.045,9,0.066433658930971,0.0655770282497548,0.068741037728109,0.06625916797674744,0.0026048337207326055
stratified_adaptive,graphite_2.39gcc_300,0.05,8,0.0647790163406913,0.0631541507213915,0.06610559382826868,0.06459477399457864,0.0021618894696289136
stratified_adaptive,graphite_2.39gcc_300,0.055,9,0.062944717550823,0.0617538181877488,0.0651923433954691,0.0640745861558068,0.0035587693510694494
stratified_adaptive,graphite_2.39gcc_300,0.06,10,0.06294085354041219,0.061826113178098226,0.06444213658019587,0.06312043391456368,0.002556351248421911
stratified_adaptive,graphite_2.39gcc_300,0.065,10,0.06308266210939376,0.06281027905330594,0.06400268864956345,0.0637408323010013,0.002054674718190904
stratified_adaptive,graphite_2.39gcc_300,0.07,10,0.061808778481656196,0.060738993614613476,0.0649038597696522,0.06299917051651265,0.0031630360907764585
stratified_adaptive,graphite_2.39gcc_300,0.075,10,0.062100755528784995,0.0612180269106007,0.06466466889688968,0.06307538705505764,0.0024135945119062585
stratified_adaptive,graphite_2.39gcc_300,0.08,10,0.06211987794287415,0.060817293945308,0.06329619363803457,0.06226262984996517,0.0021625548583359467
stratified_adaptive,graphite_2.39gcc_300,0.085,10,0.061978898337507346,0.05980381799061615,0.06302394630181725,0.061562892730902354,0.0019137589161596124
stratified_adaptive,graphite_2.39gcc_300,0.09,10,0.06199786646570355,0.061158256134020546,0.0640824554900489,0.062286163121839336,0.002377424524452764
stratified_adaptive,graphite_2.39gcc_300,0.095,10,0.061966920397144645,0.060806448626879527,0.0629084300107349,0.061842556115372524,0.002063618281110548
stratified_adaptive,graphite_2.39gcc_300,0.1,10,0.06151368340329915,0.06049931350987367,0.06465152484049472,0.06244745084934218,0.0023064956624270763
stratified_adaptive,graphite_2.39gcc_300,0.2,10,0.0611476215892959,0.059732329058591174,0.06297854414600282,0.06156927433986351,0.0021313785303254105
stratified_adaptive,graphite_2.39gcc_300,0.3,10,0.05978689313142965,0.05798225748653538,0.061516050973006275,0.060096139035760165,0.0029248073311493807
stratified_adaptive,graphite_2.39gcc_300,0.4,10,0.060511845582822,0.059954081614031075,0.0621223084526213,0.060523022502679866,0.0018915945971102713
stratified_adaptive,graphite_2.39gcc_300,0.5,10,0.05919847572941765,0.05871461422785997,0.059495641530354346,0.05931317697181472,0.0009688888570962755
stratified_adaptive,graphite_2.39gcc_300,0.6,10,0.0582865178680719,0.05760866739764853,0.05942328501529458,0.058616317479428005,0.0015641341316128634
stratified_adaptive,graphite_2.39gcc_300,0.7,10,0.05811873712744045,0.05726902143870085,0.05921804656526513,0.05810947926903141,0.0012619341005243852
stratified_adaptive,graphite_2.39gcc_300,0.8,10,0.0592544002991563,0.05759667544292575,0.06014099921384713,0.058731730132271995,0.0018483703071578155
stratified_adaptive,graphite_2.39gcc_300,0.9,10,0.058755265459616304,0.056830427038155426,0.05966714956998913,0.05837035651846911,0.0018840982131147067
stratified_adaptive,graphite_2.39gcc_300,1.0,20,0.05855825704710905,0.05726190775069182,0.059367785730929275,0.059136464764424954,0.0035212166697183244
stratified_adaptive,graphite_2.56gcc_1500,0.01,10,0.12133681761957166,0.11305273971441801,0.12915168008801628,0.12152533448167155,0.009022944152395173
stratified_adaptive,graphite_2.56gcc_1500,0.015,9,0.1153635617806469,0.106859857650148,0.1174962185726262,0.11272610769392433,0.006573051006222919
stratified_adaptive,graphite_2.56gcc_1500,0.02,10,0.108804413663739,0.10490933471638537,0.11461383824882075,0.10975449362124898,0.006699749867442776
stratified_adaptive,graphite_2.56gcc_1500,0.025,7,0.1044525995036079,0.1012475624829791,0.10700924693982565,0.10446977989235884,0.0063967271201206145
stratified_adaptive,graphite_2.56gcc_1500,0.03,8,0.1050858622912604,0.10140111721462583,0.1071972684977163,0.10418563042222136,0.006869312901078033
stratified_adaptive,graphite_2.56gcc_1500,0.035,10,0.1035120386973011,0.09999251358499323,0.10863393497722804,0.1044699398669104,0.005558183110891284
stratified_adaptive,graphite_2.56gcc_1500,0.04,9,0.104393723383765,0.1021651474033513,0.1062714797604093,0.10316193596052005,0.0045770164307182655
stratified_adaptive,graphite_2.56gcc_1500,0.045,9,0.1059879681346569,0.1036276293156492,0.1073271050787209,0.10519346295226165,0.003972289023355635
stratified_adaptive,graphite_2.56gcc_1500,0.05,8,0.10273910846968595,0.10053177280793915,0.10372827780906788,0.10261264831680698,0.003760872114209247
stratified_adaptive,graphite_2.56gcc_1500,0.055,9,0.1024096774865213,0.0993887670261004,0.1042882313006119,0.10233385342752227,0.004596831331504526
stratified_adaptive,graphite_2.56gcc_1500,0.06,10,0.0995619324533806,0.09735946575096041,0.10202719047682053,0.09991925029696838,0.004407773019021546
stratified_adaptive,graphite_2.56gcc_1500,0.065,10,0.10047492740365074,0.09997071452430639,0.10129014117807797,0.10102026130774247,0.0035230852522637013
stratified_adaptive,graphite_2.56gcc_1500,0.07,10,0.09627301892671715,0.09473259664958562,0.1026978546020998,0.0988078937080789,0.006410241795446358
stratified_adaptive,graphite_2.56gcc_1500,0.075,10,0.0991129186664775,0.09762425783213323,0.10074257654590897,0.0991912186001845,0.002711593689046928
stratified_adaptive,graphite_2.56gcc_1500,0.08,10,0.09679481838683951,0.09640284843405897,0.09725406306900375,0.09665848977370906,0.003105106225470926
stratified_adaptive,graphite_2.56gcc_1500,0.085,10,0.09810013747132525,0.09590164863143305,0.09873253249039372,0.09783417200209354,0.0032736786004504167
stratified_adaptive,graphite_2.56gcc_1500,0.09,10,0.09896092084198185,0.09817118757415885,0.09986609962299012,0.09785186631604964,0.003702136891502517
stratified_adaptive,graphite_2.56gcc_1500,0.095,10,0.09697987297517474,0.09634075907974556,0.0983285565914789,0.09727212337011916,0.0023622022188986933
stratified_adaptive,graphite_2.56gcc_1500,0.1,10,0.0986342755979943,0.09478891819664832,0.10047890666922005,0.09788341342215152,0.0031481368901050797
stratified_adaptive,graphite_2.56gcc_1500,0.2,10,0.09479053860085945,0.09353774297728253,0.0965354055982175,0.09589196697774019,0.004746343939050534
stratified_adaptive,graphite_2.56gcc_1500,0.3,10,0.0934792164103964,0.09139898527403428,0.09682036826114818,0.09405078100764526,0.004440846777458159
stratified_adaptive,graphite_2.56gcc_1500,0.4,10,0.09403078852439481,0.09228727049936608,0.09661234588972503,0.09439929664652186,0.003259131685896122
stratified_adaptive,graphite_2.56gcc_1500,0.5,10,0.09268297717151244,0.0909136034324438,0.0941911030845897,0.09252130014294513,0.0023440333484370255
stratified_adaptive,graphite_2.56gcc_1500,0.6,10,0.09128304100664231,0.09069371105805207,0.09217054813509915,0.09166623724597532,0.0028319553263100837
stratified_adaptive,graphite_2.56gcc_1500,0.7,10,0.09150567517319085,0.0885619565475404,0.09242824678632924,0.09054593799105906,0.0026252577500309347
stratified_adaptive,graphite_2.56gcc_1500,0.8,10,0.09248869493265524,0.08994829010182599,0.09388444585090215,0.09186825994093134,0.0038340319594410066
stratified_adaptive,graphite_2.56gcc_1500,0.9,10,0.0909274226808718,0.08851957039980725,0.09268945099250893,0.09102323343891985,0.0034022570280764276
stratified_adaptive,graphite_2.56gcc_1500,1.0,20,0.09125719025699855,0.0892071564694057,0.09256863904677802,0.0919142491938357,0.006094095062965346
stratified_adaptive,graphite_2.67gcc_3000,0.01,10,0.25241460018891426,0.23872773680202944,0.2610530990436796,0.24955160258342465,0.01264435084519755
stratified_adaptive,graphite_2.67gcc_3000,0.015,9,0.2388025551214307,0.2287687414013653,0.2428014643665225,0.235617286798086,0.010441941949959363
stratified_adaptive,graphite_2.67gcc_3000,0.02,10,0.22831263837221094,0.22072826746356655,0.23769505073698682,0.22939072600804913,0.010176862685180766
stratified_adaptive,graphite_2.67gcc_3000,0.025,7,0.2244975906702906,0.2145707477032839,0.22591247392278696,0.2213450774535424,0.00977814342093553
stratified_adaptive,graphite_2.67gcc_3000,0.03,8,0.2230164590080152,0.21700754073915748,0.22671744609971545,0.2215312741218546,0.009290830983645838
stratified_adaptive,graphite_2.67gcc_3000,0.035,10,0.2229422110201966,0.21532516667411877,0.2264083415438231,0.22190546575131126,0.007608320589465401
stratified_adaptive,graphite_2.67gcc_3000,0.04,9,0.2219971418237118,0.2216098942571455,0.2255514628754791,0.2212193052820739,0.006095255559473875
stratified_adaptive,graphite_2.67gcc_3000,0.045,9,0.222166778666993,0.2217251705991415,0.224012535190821,0.22215200704532936,0.005510883383272331
stratified_adaptive,graphite_2.67gcc_3000,0.05,8,0.21638467146417226,0.21521603339054057,0.2177220378644295,0.21666318052275413,0.004659659642810666
stratified_adaptive,graphite_2.67gcc_3000,0.055,9,0.2168474399651418,0.2153693578503455,0.2183313335664517,0.21724794417857732,0.004331083384812803
stratified_adaptive,graphite_2.67gcc_3000,0.06,10,0.21314354134675745,0.21168972365193833,0.214892026992103,0.21359656788964826,0.005847817635026418
stratified_adaptive,graphite_2.67gcc_3000,0.065,10,0.21418305589845488,0.21187543525184882,0.21522317861338264,0.21384408006355793,0.004247253908528606
stratified_adaptive,graphite_2.67gcc_3000,0.07,10,0.2092579894561378,0.2074431275983884,0.21837960969201248,0.21246916372867225,0.008276812608672383
stratified_adaptive,graphite_2.67gcc_3000,0.075,10,0.21266431859687468,0.21140330956804795,0.21482890347662312,0.2134607331352026,0.0033407186754454564
stratified_adaptive,graphite_2.67gcc_3000,0.08,10,0.20853927973475214,0.20702277520710188,0.2103228735658551,0.20777916007214997,0.0040763962857000464
stratified_adaptive,graphite_2.67gcc_3000,0.085,10,0.2102494247940518,0.20891885852950381,0.21338933838581714,0.2110417891061001,0.003890383097240631
stratified_adaptive,graphite_2.67gcc_3000,0.09,10,0.20967188294044695,0.2085969218206331,0.21231267379992752,0.20916733943661625,0.0043812436398602776
stratified_adaptive,graphite_2.67gcc_3000,0.095,10,0.2103916100030235,0.20894658590415235,0.2129148021250715,0.2104487924749495,0.0038238739103604023
stratified_adaptive,graphite_2.67gcc_3000,0.1,10,0.21068645127116797,0.20778799422808453,0.21442039631318266,0.21071605026353998,0.004066880342129267
stratified_adaptive,graphite_2.67gcc_3000,0.2,10,0.2055931632795844,0.20476121367949332,0.20886277054841812,0.20798028065852697,0.006294830467564938
stratified_adaptive,graphite_2.67gcc_3000,0.3,10,0.20527938867915005,0.20310853408293833,0.20791787231467004,0.20555701521405165,0.005279093285564939
stratified_adaptive,graphite_2.67gcc_3000,0.4,10,0.20454368263899153,0.2016858463859057,0.20651307863799787,0.20453868824100457,0.004030500867827832
stratified_adaptive,graphite_2.67gcc_3000,0.5,10,0.2017202737422883,0.2008358776351519,0.2029043052251528,0.20180348818619565,0.0015509862442679254
stratified_adaptive,graphite_2.67gcc_3000,0.6,10,0.20065103885107033,0.19962957695925748,0.20221217855753593,0.2011621717289384,0.003328972090504532
stratified_adaptive,graphite_2.67gcc_3000,0.7,10,0.2007737340042958,0.1975431903595369,0.2018183396261699,0.19988326362046144,0.003049604490410726
stratified_adaptive,graphite_2.67gcc_3000,0.8,10,0.20186682640441944,0.19897212939989592,0.20361189578541306,0.20110723548853762,0.004887132083114722
stratified_adaptive,graphite_2.67gcc_3000,0.9,10,0.2011955498730717,0.19799336752579932,0.202729287877139,0.20103404727181085,0.0032383959246335674
stratified_adaptive,graphite_2.67gcc_3000,1.0,20,0.20146340268331547,0.19867627961048806,0.20258514063310398,0.20277058233182932,0.008358857386204285
