scope,subsample,rep,n,h,H,f_uniq
Si-diamond,1.0,0,640,0.004999999999999999,5.454884695258364,0.8442175286448008
Si-diamond,1.0,0,640,0.005626677913003822,5.209095837410082,0.8061783630651008
Si-diamond,1.0,0,640,0.006331900867337016,4.94567898247309,0.7654110254032072
Si-diamond,1.0,0,640,0.007125513351514988,4.669406904902443,0.7226541673594443
Si-diamond,1.0,0,640,0.008018593718756654,4.384323775031003,0.6785336792458101
Si-diamond,1.0,0,640,0.00902360883413585,4.094039010984342,0.6336081675627251
Si-diamond,1.0,0,640,0.010154588104523677,3.8020516805372715,0.5884191605943673
Si-diamond,1.0,0,640,0.011427319320674952,3.51189457973638,0.5435134065332786
Si-diamond,1.0,0,640,0.01285956904529672,3.2270573742446738,0.4994309785590773
Si-diamond,1.0,0,640,0.01447133062358375,2.9506920135055505,0.4566596836774426
Si-diamond,1.0,0,640,0.016285103278298914,2.6852871783111953,0.41558467905765256
Si-diamond,1.0,0,640,0.018326206185398135,2.432581837774448,0.3764750937993759
Si-diamond,1.0,0,640,0.020623131914506758,2.193725667121252,0.33950885576584194
Si-diamond,1.0,0,640,0.023207944168063883,1.9694746976139428,0.3048029710679997
Si-diamond,1.0,0,640,0.026116725371334214,1.760259242465788,0.2724240365227834
Si-diamond,1.0,0,640,0.029390080361374554,1.5661147605876085,0.24237753987846544
Si-diamond,1.0,0,640,0.03307370320615074,1.3865884119098306,0.2145933979809986
Si-diamond,1.0,0,640,0.03721901506625844,1.220770955928249,0.18893089350741712
Si-diamond,1.0,0,640,0.04188388200341457,1.0675443581615154,0.1652169954296584
Si-diamond,1.0,0,640,0.047133422755894265,0.9259962539003814,0.14331050291157388
Si-diamond,1.0,0,640,0.05304091775697241,0.7957801823016118,0.12315779642989436
Si-diamond,1.0,0,640,0.05968883208572181,0.6771482478555756,0.10479789258015015
Si-diamond,1.0,0,640,0.067169966629945,0.570607498046891,0.08830926385044761
Si-diamond,1.0,0,640,0.0755887535307831,0.4764717482080412,0.07374047742767338
Si-diamond,1.0,0,640,0.08506271399262945,0.3946071863232138,0.06107082408411632
Si-diamond,1.0,0,640,0.09572409880849786,0.32442598212161583,0.05020932909781709
Si-diamond,1.0,0,640,0.10772173450159415,0.26501055903288706,0.04101398502630027
Si-diamond,1.0,0,640,0.1212231008541164,0.21525697507040623,0.03331394184655387
Si-diamond,1.0,0,640,0.1364166688243384,0.17399044611318124,0.026927385752655072
Si-diamond,1.0,0,640,0.15351453148789246,0.14004684847864082,0.02167415278638282
Si-diamond,1.0,0,640,0.1727553647296109,0.1123264285311841,0.017384041128957663
Si-diamond,1.0,0,640,0.19440775901540433,0.08982640271295168,0.013901856398779291
Si-diamond,1.0,0,640,0.2187739687537092,0.07165755615244178,0.011089980511655013
Si-diamond,1.0,0,640,0.24619413158533693,0.05704896403058568,0.008829102376354824
Si-diamond,1.0,0,640,0.27705101650047453,0.04534442363041535,0.007017665705815445
Si-diamond,1.0,0,640,0.3117753670636956,0.03599367005456089,0.005570509530060479
Si-diamond,1.0,0,640,0.35085191433519125,0.028540827527969374,0.0044170808783701694
Si-diamond,1.0,0,640,0.3948261434249862,0.022611887255266,0.003499496807554681
Si-diamond,1.0,0,640,0.4443119081371701,0.017902400186087096,0.0027706396901562443
Si-diamond,1.0,0,640,0.5,0.014166087834753056,0.002192394584035102
Si-diamond,0.25,0,160,0.004999999999999999,4.705657431354354,0.9271913835206356
Si-diamond,0.25,0,160,0.005626677913003822,4.58748350010811,0.9039066773118495
Si-diamond,0.25,0,160,0.006331900867337016,4.448394346820758,0.8765008862294126
Si-diamond,0.25,0,160,0.007125513351514988,4.286965216610968,0.8446932800100475
Si-diamond,0.25,0,160,0.008018593718756654,4.102410380533966,0.8083290405187743
Si-diamond,0.25,0,160,0.00902360883413585,3.895897408720969,0.7676382229564042
Si-diamond,0.25,0,160,0.010154588104523677,3.670590096037897,0.7232442138277353
Si-diamond,0.25,0,160,0.011427319320674952,3.4308768017801476,0.6760116848573546
Si-diamond,0.25,0,160,0.01285956904529672,3.1820769966990055,0.6269887717239491
Si-diamond,0.25,0,160,0.01447133062358375,2.9301899489302734,0.5773575557422109
Si-diamond,0.25,0,160,0.016285103278298914,2.681069288680392,0.5282714220807171
Si-diamond,0.25,0,160,0.018326206185398135,2.4395582196406846,0.48068466390609477
Si-diamond,0.25,0,160,0.020623131914506758,2.2091721111609384,0.4352899411109442
Si-diamond,0.25,0,160,0.023207944168063883,1.992238191005243,0.3925458050373109
Si-diamond,0.25,0,160,0.026116725371334214,1.7900925296670287,0.3527155117907138
Si-diamond,0.25,0,160,0.029390080361374554,1.6031184601571298,0.31587459238246207
Si-diamond,0.25,0,160,0.03307370320615074,1.4307378077441755,0.28190912465886797
Si-diamond,0.25,0,160,0.03721901506625844,1.2715838768362495,0.25054981821891836
Si-diamond,0.25,0,160,0.04188388200341457,1.1239395432865942,0.2214583350648871
Si-diamond,0.25,0,160,0.047133422755894265,0.9863111114952858,0.1943403610206883
Si-diamond,0.25,0,160,0.05304091775697241,0.8578986412322424,0.16903827779398264
Si-diamond,0.25,0,160,0.05968883208572181,0.7387509276122346,0.14556169985642126
Si-diamond,0.25,0,160,0.067169966629945,0.6295291058545193,0.12404089569600588
Si-diamond,0.25,0,160,0.0755887535307831,0.53102312534694,0.10463151503363326
Si-diamond,0.25,0,160,0.08506271399262945,0.44371950954151573,0.08742942127610115
Si-diamond,0.25,0,160,0.09572409880849786,0.3676166049209145,0.07243428861834508
Si-diamond,0.25,0,160,0.10772173450159415,0.30225821720367807,0.059556229640137404
Si-diamond,0.25,0,160,0.1212231008541164,0.24686036259897373,0.04864077006741891
Si-diamond,0.25,0,160,0.1364166688243384,0.2004438501178211,0.03949497247092534
Si-diamond,0.25,0,160,0.15351453148789246,0.16194233956549253,0.03190872775222013
Si-diamond,0.25,0,160,0.1727553647296109,0.1302828029587879,0.02567060906716659
Si-diamond,0.25,0,160,0.19440775901540433,0.10444176799644087,0.02057895390359728
Si-diamond,0.25,0,160,0.2187739687537092,0.08348108258836899,0.016448911037842514
Si-diamond,0.25,0,160,0.24619413158533693,0.06656695550042184,0.013116192257418266
Si-diamond,0.25,0,160,0.27705101650047453,0.05297623165446946,0.01043830883101069
Si-diamond,0.25,0,160,0.3117753670636956,0.04209378158816655,0.008294057133928364
Si-diamond,0.25,0,160,0.35085191433519125,0.03340439235894601,0.006581920851395901
Si-diamond,0.25,0,160,0.3948261434249862,0.02648180754356087,0.0052179114465148195
Si-diamond,0.25,0,160,0.4443119081371701,0.020976789280652962,0.00413321593394265
Si-diamond,0.25,0,160,0.5,0.01660540382266377,0.003271888693313397
Si-diamond,0.25,1,160,0.004999999999999999,4.723142188414255,0.9306365378535607
Si-diamond,0.25,1,160,0.005626677913003822,4.60239644513913,0.9068450880094804
Si-diamond,0.25,1,160,0.006331900867337016,4.458471563699865,0.8784864767226601
Si-diamond,0.25,1,160,0.007125513351514988,4.289717949203018,0.8452356717964702
Si-diamond,0.25,1,160,0.008018593718756654,4.095231835692217,0.8069145973680388
Si-diamond,0.25,1,160,0.00902360883413585,3.876186820719565,0.7637544962666424
Si-diamond,0.25,1,160,0.010154588104523677,3.636618007215943,0.7165504354353615
Si-diamond,0.25,1,160,0.011427319320674952,3.382955048834399,0.6665692983125027
Si-diamond,0.25,1,160,0.01285956904529672,3.1225470303555096,0.6152591308267628
Si-diamond,0.25,1,160,0.01447133062358375,2.8621544902099716,0.5639520131544705
Si-diamond,0.25,1,160,0.016285103278298914,2.6071370383187116,0.5137039898994266
Si-diamond,0.25,1,160,0.018326206185398135,2.361362832169157,0.4652772334774435
Si-diamond,0.25,1,160,0.020623131914506758,2.127479690900779,0.4191934637814489
Si-diamond,0.25,1,160,0.023207944168063883,1.907238092907382,0.37579759084950876
Si-diamond,0.25,1,160,0.026116725371334214,1.701688874312533,0.3352966688952961
Si-diamond,0.25,1,160,0.029390080361374554,1.5111976724901832,0.2977627422245357
Si-diamond,0.25,1,160,0.03307370320615074,1.3353941451358702,0.2631228394833498
Si-diamond,0.25,1,160,0.03721901506625844,1.1732772580356574,0.23117971930614586
Si-diamond,0.25,1,160,0.04188388200341457,1.02359991708448,0.20168765728023053
Si-diamond,0.25,1,160,0.047133422755894265,0.8854222138623443,0.17446145611892716
Si-diamond,0.25,1,160,0.05304091775697241,0.7585067321054278,0.1494543358945986
Si-diamond,0.25,1,160,0.05968883208572181,0.6432508178854422,0.12674458871824984
Si-diamond,0.25,1,160,0.067169966629945,0.5402176633075422,0.10644318460305835
Si-diamond,0.25,1,160,0.0755887535307831,0.44966032492548347,0.08859998520164307
Si-diamond,0.25,1,160,0.08506271399262945,0.37132337183759884,0.07316466102560293
Si-diamond,0.25,1,160,0.09572409880849786,0.30449737999042004,0.059997428871584574
Si-diamond,0.25,1,160,0.10772173450159415,0.2481734341223889,0.048899494511392395
Si-diamond,0.25,1,160,0.1212231008541164,0.20119268355118067,0.039642520803380835
Si-diamond,0.25,1,160,0.1364166688243384,0.16235749846445718,0.03199052965971707
Si-diamond,0.25,1,160,0.15351453148789246,0.13050557511829725,0.025714503555832307
Si-diamond,0.25,1,160,0.1727553647296109,0.10455608824436533,0.020601479289344922
Si-diamond,0.25,1,160,0.19440775901540433,0.08353561600994655,0.016459656171617806
Si-diamond,0.25,1,160,0.2187739687537092,0.06658937652170369,0.013120610041340177
Si-diamond,0.25,1,160,0.24619413158533693,0.05298201876406648,0.010439449109118927
Si-diamond,0.25,1,160,0.27705101650047453,0.042091450149121204,0.008293597752805623
Si-diamond,0.25,1,160,0.3117753670636956,0.033398534158375584,0.006580766565693835
Si-diamond,0.25,1,160,0.35085191433519125,0.026474827804407706,0.00521653617555716
Si-diamond,0.25,1,160,0.3948261434249862,0.020969888539180886,0.004131856228497417
Si-diamond,0.25,1,160,0.4443119081371701,0.01659912873888608,0.003270652265950287
Si-diamond,0.25,1,160,0.5,0.013132767796246373,0.002587648871616294
Si-diamond,0.25,2,160,0.004999999999999999,4.716017576895423,0.9292327215946088
Si-diamond,0.25,2,160,0.005626677913003822,4.596105923202535,0.9056056187487996
Si-diamond,0.25,2,160,0.006331900867337016,4.453566136968184,0.8775199232783314
Si-diamond,0.25,2,160,0.007125513351514988,4.286329806431738,0.844568080321847
Si-diamond,0.25,2,160,0.008018593718756654,4.093556686898132,0.8065845300924991
Si-diamond,0.25,2,160,0.00902360883413585,3.876710842170399,0.7638577481886281
Si-diamond,0.25,2,160,0.010154588104523677,3.639781875639746,0.717173836433827
Si-diamond,0.25,2,160,0.011427319320674952,3.3886702472733403,0.6676954072197063
Si-diamond,0.25,2,160,0.01285956904529672,3.1301871859938446,0.6167645286547941
Si-diamond,0.25,2,160,0.01447133062358375,2.8709879085888645,0.5656925285930509
Si-diamond,0.25,2,160,0.016285103278298914,2.6166803614034406,0.5155843832479426
Si-diamond,0.25,2,160,0.018326206185398135,2.3713627409953224,0.4672475913785167
Si-diamond,0.25,2,160,0.020623131914506758,2.1376791407419495,0.4212031387625413
Si-diamond,0.25,2,160,0.023207944168063883,1.917191072855439,0.3777587019976988
Si-diamond,0.25,2,160,0.026116725371334214,1.7107474918172414,0.33708155702612574
Si-diamond,0.25,2,160,0.029390080361374554,1.5186727522580736,0.29923561390145303
Si-diamond,0.25,2,160,0.03307370320615074,1.340807153801549,0.26418940564694227
Si-diamond,0.25,2,160,0.03721901506625844,1.1765617002074038,0.23182687786491044
Si-diamond,0.25,2,160,0.04188388200341457,1.025127579476237,0.201988664191003
Si-diamond,0.25,2,160,0.047133422755894265,0.8858298979051884,0.1745417851988141
Si-diamond,0.25,2,160,0.05304091775697241,0.7584271632746057,0.14943865784420685
Si-diamond,0.25,2,160,0.05968883208572181,0.6431180237164463,0.1267184232756797
Si-diamond,0.25,2,160,0.067169966629945,0.540235044779942,0.10644660940643112
Si-diamond,0.25,2,160,0.0755887535307831,0.44987349329380555,0.0886419873824713
Si-diamond,0.25,2,160,0.08506271399262945,0.3717021522957732,0.0732392950129232
Si-diamond,0.25,2,160,0.09572409880849786,0.3049870630721663,0.060093914844198244
Si-diamond,0.25,2,160,0.10772173450159415,0.2487191340830699,0.0490070179146388
Si-diamond,0.25,2,160,0.1212231008541164,0.20174906474142856,0.039752148810322754
Si-diamond,0.25,2,160,0.1364166688243384,0.1628916001119715,0.032095767759328785
Si-diamond,0.25,2,160,0.15351453148789246,0.1309963532882864,0.025811205301990443
Si-diamond,0.25,2,160,0.1727553647296109,0.10499242762425516,0.02068745454768585
Si-diamond,0.25,2,160,0.19440775901540433,0.08391382413305665,0.01653417738741831
Si-diamond,0.25,2,160,0.2187739687537092,0.06691077248184482,0.013183937125661196
Si-diamond,0.25,2,160,0.24619413158533693,0.05325093049780707,0.01049243482813675
Si-diamond,0.25,2,160,0.27705101650047453,0.04231371822940476,0.008337392918917252
Si-diamond,0.25,2,160,0.3117753670636956,0.03358049017370743,0.006616618739817542
Si-diamond,0.25,2,160,0.35085191433519125,0.026622657021747174,0.005245664087766932
Si-diamond,0.25,2,160,0.3948261434249862,0.02108927455943318,0.004155379761798668
Si-diamond,0.25,2,160,0.4443119081371701,0.0166950895134392,0.0032895601453740582
Si-diamond,0.25,2,160,0.5,0.013209612370979618,0.0026027901411630797
Si-diamond,0.5,0,320,0.004999999999999999,5.101648287788348,0.8844251718148907
Si-diamond,0.5,0,320,0.005626677913003822,4.920321061434203,0.85299016213246
Si-diamond,0.5,0,320,0.006331900867337016,4.717073745017128,0.8177550709221613
Si-diamond,0.5,0,320,0.007125513351514988,4.493355774711198,0.7789711734121121
Si-diamond,0.5,0,320,0.008018593718756654,4.251573658507018,0.7370556634430092
Si-diamond,0.5,0,320,0.00902360883413585,3.9954564349354884,0.692655009637805
Si-diamond,0.5,0,320,0.010154588104523677,3.729804406126725,0.6466013955961324
Si-diamond,0.5,0,320,0.011427319320674952,3.4596048294042143,0.5997594155954461
Si-diamond,0.5,0,320,0.01285956904529672,3.189387783588142,0.5529144071409733
Si-diamond,0.5,0,320,0.01447133062358375,2.9231376191588008,0.5067570999065997
Si-diamond,0.5,0,320,0.016285103278298914,2.664272633202957,0.4618800921699278
Si-diamond,0.5,0,320,0.018326206185398135,2.4155194272699014,0.4187560694058609
Si-diamond,0.5,0,320,0.020623131914506758,2.178845151039304,0.37772605800337844
Si-diamond,0.5,0,320,0.023207944168063883,1.9555313578759244,0.3390122289140787
Si-diamond,0.5,0,320,0.026116725371334214,1.746315202610517,0.30274237579425983
Si-diamond,0.5,0,320,0.029390080361374554,1.5514719407620792,0.26896421712546925
Si-diamond,0.5,0,320,0.03307370320615074,1.3708174708041803,0.23764583694350103
Si-diamond,0.5,0,320,0.03721901506625844,1.2037509706790486,0.20868307633309888
Si-diamond,0.5,0,320,0.04188388200341457,1.0494681714459624,0.1819365066908081
Si-diamond,0.5,0,320,0.047133422755894265,0.9073258931430818,0.1572946259066891
Si-diamond,0.5,0,320,0.05304091775697241,0.7771440830639478,0.13472621992268408
Si-diamond,0.5,0,320,0.05968883208572181,0.6591960972110632,0.11427867791888582
Si-diamond,0.5,0,320,0.067169966629945,0.5538767292298289,0.09602044158667881
Si-diamond,0.5,0,320,0.0755887535307831,0.46131843032358305,0.07997447275558588
Si-diamond,0.5,0,320,0.08506271399262945,0.3812057674071837,0.0660860877342223
Si-diamond,0.5,0,320,0.09572409880849786,0.31280590175282097,0.05422824110879358
Si-diamond,0.5,0,320,0.10772173450159415,0.25510006982377886,0.04422431934869721
Si-diamond,0.5,0,320,0.1212231008541164,0.20692107005853172,0.03587197560770585
Si-diamond,0.5,0,320,0.1364166688243384,0.16706025546211095,0.028961678031428968
Si-diamond,0.5,0,320,0.15351453148789246,0.13434119401154807,0.023289479574647273
Si-diamond,0.5,0,320,0.1727553647296109,0.10766671818781211,0.018665174539752916
Si-diamond,0.5,0,320,0.19440775901540433,0.08604605320716266,0.014917001545147534
Si-diamond,0.5,0,320,0.2187739687537092,0.06860714763216007,0.011893781168244282
Si-diamond,0.5,0,320,0.24619413158533693,0.054598294980184627,0.00946519706860929
Si-diamond,0.5,0,320,0.27705101650047453,0.0433824978207973,0.007520818944096831
Si-diamond,0.5,0,320,0.3117753670636956,0.03442744065170054,0.00596836422189487
Si-diamond,0.5,0,320,0.35085191433519125,0.02729330139367509,0.004731585051105377
Si-diamond,0.5,0,320,0.3948261434249862,0.021619995214171645,0.003748056883439189
Si-diamond,0.5,0,320,0.4443119081371701,0.017114884187064718,0.002967047811580666
Si-diamond,0.5,0,320,0.5,0.013541544815375164,0.002347571299386699
Si-diamond,0.5,1,320,0.004999999999999999,5.1305383234645365,0.8894335677930714
Si-diamond,0.5,1,320,0.005626677913003822,4.949641699399698,0.8580732076125703
Si-diamond,0.5,1,320,0.006331900867337016,4.74417852446568,0.8224539736823087
Si-diamond,0.5,1,320,0.007125513351514988,4.515786144997163,0.7828597174619876
Si-diamond,0.5,1,320,0.008018593718756654,4.267428553099721,0.7398042786127033
Si-diamond,0.5,1,320,0.00902360883413585,4.003614749403946,0.6940693405105852
Si-diamond,0.5,1,320,0.010154588104523677,3.7300411548667327,0.6466424385166253
Si-diamond,0.5,1,320,0.011427319320674952,3.4527724256403287,0.5985749454924703
Si-diamond,0.5,1,320,0.01285956904529672,3.177396030809557,0.5508355088294318
Si-diamond,0.5,1,320,0.01447133062358375,2.9085028399582953,0.5042200047603383
Si-diamond,0.5,1,320,0.016285103278298914,2.6494832184248582,0.4593161892961309
Si-diamond,0.5,1,320,0.018326206185398135,2.4025803535301455,0.4165129428965715
Si-diamond,0.5,1,320,0.020623131914506758,2.1691482417112065,0.3760449952929002
Si-diamond,0.5,1,320,0.023207944168063883,1.9499400950534322,0.33804292383785817
Si-diamond,0.5,1,320,0.026116725371334214,1.745280960208548,0.3025630788371863
Si-diamond,0.5,1,320,0.029390080361374554,1.555120485196028,0.2695967312377403
Si-diamond,0.5,1,320,0.03307370320615074,1.3790366328194208,0.23907071638783742
Si-diamond,0.5,1,320,0.03721901506625844,1.2162550040679847,0.2108507839551355
Si-diamond,0.5,1,320,0.04188388200341457,1.0657626963476314,0.18476133646598025
Si-diamond,0.5,1,320,0.047133422755894265,0.9266000738124183,0.16063601080593296
Si-diamond,0.5,1,320,0.05304091775697241,0.798257390223058,0.13838643702476733
Si-diamond,0.5,1,320,0.05968883208572181,0.6808688101416844,0.11803587398103715
Si-diamond,0.5,1,320,0.067169966629945,0.5749707097956035,0.09967730821756782
Si-diamond,0.5,1,320,0.0755887535307831,0.48101478617324905,0.08338904622749019
Si-diamond,0.5,1,320,0.08506271399262945,0.39902437372635474,0.06917513328702081
Si-diamond,0.5,1,320,0.09572409880849786,0.3285367543578814,0.0569553522762427
Si-diamond,0.5,1,320,0.10772173450159415,0.26871988312021505,0.04658545932450086
Si-diamond,0.5,1,320,0.1212231008541164,0.21852566336718113,0.03788375569364618
Si-diamond,0.5,1,320,0.1364166688243384,0.17681583619430935,0.03065291205590717
Si-diamond,0.5,1,320,0.15351453148789246,0.14244998483413285,0.024695224994934678
Si-diamond,0.5,1,320,0.1727553647296109,0.11434284175551095,0.01982255180300977
Si-diamond,0.5,1,320,0.19440775901540433,0.09149916682562911,0.01586235698262108
Si-diamond,0.5,1,320,0.2187739687537092,0.07303216175557552,0.012660904587111253
Si-diamond,0.5,1,320,0.24619413158533693,0.058169780574077776,0.010084352208640063
Si-diamond,0.5,1,320,0.27705101650047453,0.0462525037997218,0.008018365107186107
Si-diamond,0.5,1,320,0.3117753670636956,0.03672560012103045,0.006366774690210644
Si-diamond,0.5,1,320,0.35085191433519125,0.02912832353701934,0.005049705721692595
Si-diamond,0.5,1,320,0.3948261434249862,0.023081875516652077,0.004001489434010911
Si-diamond,0.5,1,320,0.4443119081371701,0.018277378810660928,0.0031685786598888467
Si-diamond,0.5,1,320,0.5,0.0144646251029704,0.002507597117691253
Si-diamond,0.5,2,320,0.004999999999999999,5.133033586040411,0.8898661481882494
Si-diamond,0.5,2,320,0.005626677913003822,4.9513710013641665,0.8583730005619796
Si-diamond,0.5,2,320,0.006331900867337016,4.745659230877576,0.8227106699398463
Si-diamond,0.5,2,320,0.007125513351514988,4.5178942646952525,0.7832251825079908
Si-diamond,0.5,2,320,0.008018593718756654,4.271077181589085,0.7404368072968774
Si-diamond,0.5,2,320,0.00902360883413585,4.009233895383291,0.6950434794295953
Si-diamond,0.5,2,320,0.010154588104523677,3.7372849158839627,0.6478982217891776
Si-diamond,0.5,2,320,0.011427319320674952,3.4606355686638772,0.5999381052454178
Si-diamond,0.5,2,320,0.01285956904529672,3.1845085554796992,0.5520685408807564
Si-diamond,0.5,2,320,0.01447133062358375,2.9133831609506924,0.5050660604836512
Si-diamond,0.5,2,320,0.016285103278298914,2.650778970978145,0.4595408218285838
Si-diamond,0.5,2,320,0.018326206185398135,2.3993450965415333,0.41595207657325634
Si-diamond,0.5,2,320,0.020623131914506758,2.161072114138214,0.37464491239548836
Si-diamond,0.5,2,320,0.023207944168063883,1.9374391365953954,0.33587574928790637
Si-diamond,0.5,2,320,0.026116725371334214,1.7294109014301466,0.2998118347940802
Si-diamond,0.5,2,320,0.029390080361374554,1.5373138258027188,0.26650975681202893
Si-diamond,0.5,2,320,0.03307370320615074,1.360728319086368,0.23589677482903665
Si-diamond,0.5,2,320,0.03721901506625844,1.1985635671165786,0.20778378456929922
Si-diamond,0.5,2,320,0.04188388200341457,1.0493795272897568,0.1819211392803831
Si-diamond,0.5,2,320,0.047133422755894265,0.9118686839335195,0.1580821671676124
Si-diamond,0.5,2,320,0.05304091775697241,0.7852951374512622,0.13613929218292378
Si-diamond,0.5,2,320,0.05968883208572181,0.6696463337290268,0.1160903379366941
Si-diamond,0.5,2,320,0.067169966629945,0.5653699951496115,0.09801292188175315
Si-diamond,0.5,2,320,0.0755887535307831,0.4728800306171557,0.08197879954357208
Si-diamond,0.5,2,320,0.08506271399262945,0.392191875218259,0.06799064675912508
Si-diamond,0.5,2,320,0.09572409880849786,0.32284566613735954,0.055968741402008804
Si-diamond,0.5,2,320,0.10772173450159415,0.2640161388019331,0.045770015051945306
Si-diamond,0.5,2,320,0.1212231008541164,0.21466508698818645,0.03721448358104881
Si-diamond,0.5,2,320,0.1364166688243384,0.17366684217475675,0.030107000338814995
Si-diamond,0.5,2,320,0.15351453148789246,0.13989526048714634,0.02425233626720101
Si-diamond,0.5,2,320,0.1727553647296109,0.11227989471421318,0.019464917919111483
Si-diamond,0.5,2,320,0.19440775901540433,0.08983996952829314,0.015574717425365881
Si-diamond,0.5,2,320,0.2187739687537092,0.07170219352158382,0.012430340401282915
Si-diamond,0.5,2,320,0.24619413158533693,0.057106722469284554,0.0099000597419815
Si-diamond,0.5,2,320,0.27705101650047453,0.04540477784955887,0.007871402767402816
Si-diamond,0.5,2,320,0.3117753670636956,0.036050888441716465,0.006249806220563068
Si-diamond,0.5,2,320,0.35085191433519125,0.02859215726402854,0.0049567555766882225
Si-diamond,0.5,2,320,0.3948261434249862,0.022656347168112902,0.0039277195538587025
Si-diamond,0.5,2,320,0.4443119081371701,0.01794000430340766,0.0031100911888380365
Si-diamond,0.5,2,320,0.5,0.01419736227199456,0.0024612642539045934
Si-diamond,0.75,0,480,0.004999999999999999,5.357247581565627,0.8677410411383958
Si-diamond,0.75,0,480,0.005626677913003822,5.135711256469136,0.831857659147485
Si-diamond,0.75,0,480,0.006331900867337016,4.8919413885294265,0.7923729954683135
Si-diamond,0.75,0,480,0.007125513351514988,4.630623325657087,0.7500459600844376
Si-diamond,0.75,0,480,0.008018593718756654,4.3565503256468325,0.7056529417002995
Si-diamond,0.75,0,480,0.00902360883413585,4.074281299204258,0.6599323706127822
Si-diamond,0.75,0,480,0.010154588104523677,3.788003354064989,0.6135624542727367
Si-diamond,0.75,0,480,0.011427319320674952,3.501674408971752,0.5671842772069209
Si-diamond,0.75,0,480,0.01285956904529672,3.219090082912659,0.5214126354131609
Si-diamond,0.75,0,480,0.01447133062358375,2.9436874623918645,0.4768042515323627
Si-diamond,0.75,0,480,0.016285103278298914,2.678305811440396,0.4338190158139204
Si-diamond,0.75,0,480,0.018326206185398135,2.425109479125481,0.39280749904710355
Si-diamond,0.75,0,480,0.020623131914506758,2.1856493238686228,0.3540209017748859
Si-diamond,0.75,0,480,0.023207944168063883,1.9609597213711745,0.31762676716833693
Si-diamond,0.75,0,480,0.026116725371334214,1.751619753328997,0.28371889207854867
Si-diamond,0.75,0,480,0.029390080361374554,1.5577400274660769,0.2523151922094546
Si-diamond,0.75,0,480,0.03307370320615074,1.3788986837010964,0.22334733670633797
Si-diamond,0.75,0,480,0.03721901506625844,1.2141443934666576,0.196661233971047
Si-diamond,0.75,0,480,0.04188388200341457,1.0622131197822295,0.17205214140977332
Si-diamond,0.75,0,480,0.047133422755894265,0.9219777929490441,0.14933750172626464
Si-diamond,0.75,0,480,0.05304091775697241,0.792904467671699,0.12843082904517375
Si-diamond,0.75,0,480,0.05968883208572181,0.6751614009647189,0.10935937682356787
Si-diamond,0.75,0,480,0.067169966629945,0.5692704416830566,0.09220767161390125
Si-diamond,0.75,0,480,0.0755887535307831,0.475601467456852,0.07703562440497637
Si-diamond,0.75,0,480,0.08506271399262945,0.39407260165365743,0.06382997321604597
Si-diamond,0.75,0,480,0.09572409880849786,0.32413111261266503,0.052501189247196094
Si-diamond,0.75,0,480,0.10772173450159415,0.26488213879905254,0.04290432715698436
Si-diamond,0.75,0,480,0.1212231008541164,0.2152383812657997,0.034863271523087824
Si-diamond,0.75,0,480,0.1364166688243384,0.17403891210706385,0.028189980860702048
Si-diamond,0.75,0,480,0.15351453148789246,0.1401315131288284,0.022697824442000497
Si-diamond,0.75,0,480,0.1727553647296109,0.11242628201113604,0.018210265162908825
Si-diamond,0.75,0,480,0.19440775901540433,0.08992809899209643,0.014566118339483831
Si-diamond,0.75,0,480,0.2187739687537092,0.07175333766711348,0.01162225844231373
Si-diamond,0.75,0,480,0.24619413158533693,0.05713490094137098,0.0092544347957343
Si-diamond,0.75,0,480,0.27705101650047453,0.045419048081152276,0.007356757638954591
Si-diamond,0.75,0,480,0.3117753670636956,0.036056990021880266,0.005840336774721048
Si-diamond,0.75,0,480,0.35085191433519125,0.02859365631328444,0.00463146209344907
Si-diamond,0.75,0,480,0.3948261434249862,0.022655412040347312,0.003669614019512064
Si-diamond,0.75,0,480,0.4443119081371701,0.017937919880719844,0.002905497466033489
Si-diamond,0.75,0,480,0.5,0.014194864592679657,0.002299215482005161
Si-diamond,0.75,1,480,0.004999999999999999,5.337848350945085,0.8645988476295728
Si-diamond,0.75,1,480,0.005626677913003822,5.1180268068208825,0.8289932175632394
Si-diamond,0.75,1,480,0.006331900867337016,4.878072442135323,0.7901265706390929
Si-diamond,0.75,1,480,0.007125513351514988,4.62153063608639,0.7485731702245895
Si-diamond,0.75,1,480,0.008018593718756654,4.3521499119629965,0.7049401839840814
Si-diamond,0.75,1,480,0.00902360883413585,4.074041564223431,0.659893539500594
Si-diamond,0.75,1,480,0.010154588104523677,3.7914857466484784,0.614126515373151
Si-diamond,0.75,1,480,0.011427319320674952,3.508624146587572,0.5683099620782234
Si-diamond,0.75,1,480,0.01285956904529672,3.2292647443930163,0.5230606778475961
Si-diamond,0.75,1,480,0.01447133062358375,2.9567306408158287,0.4789169224614253
Si-diamond,0.75,1,480,0.016285103278298914,2.6936861194307964,0.4363102436814812
Si-diamond,0.75,1,480,0.018326206185398135,2.4420847543417836,0.3955570719883452
Si-diamond,0.75,1,480,0.020623131914506758,2.203304560854207,0.35688061163338347
Si-diamond,0.75,1,480,0.023207944168063883,1.978319913453485,0.3204386870810366
Si-diamond,0.75,1,480,0.026116725371334214,1.7677656037584941,0.28633411880616283
Si-diamond,0.75,1,480,0.029390080361374554,1.571885111938999,0.25460634454853254
Si-diamond,0.75,1,480,0.03307370320615074,1.3904560987543135,0.2252193508737729
Si-diamond,0.75,1,480,0.03721901506625844,1.2228134282258554,0.19806540227446764
Si-diamond,0.75,1,480,0.04188388200341457,1.068053724302927,0.17299817426909223
Si-diamond,0.75,1,480,0.047133422755894265,0.925397079160465,0.14989134116188418
Si-diamond,0.75,1,480,0.05304091775697241,0.7945181534827306,0.1286922060647002
Si-diamond,0.75,1,480,0.05968883208572181,0.6755937368679006,0.10942940450122073
Si-diamond,0.75,1,480,0.067169966629945,0.5690109792607873,0.09216564514620336
Si-diamond,0.75,1,480,0.0755887535307831,0.4749727800751703,0.07693379266492234
Si-diamond,0.75,1,480,0.08506271399262945,0.3932685598072574,0.06369973840828484
Si-diamond,0.75,1,480,0.09572409880849786,0.3232663342877553,0.05236111663853167
Si-diamond,0.75,1,480,0.10772173450159415,0.26402597883311285,0.04276565050840423
Si-diamond,0.75,1,480,0.1212231008541164,0.21443306806976162,0.034732830788263995
Si-diamond,0.75,1,480,0.1364166688243384,0.17330863157269152,0.028071693553354166
Si-diamond,0.75,1,480,0.15351453148789246,0.1394876205456452,0.022593529836980694
Si-diamond,0.75,1,480,0.1727553647296109,0.11187105655811193,0.018120332430598386
Si-diamond,0.75,1,480,0.19440775901540433,0.08945779039865152,0.014489940029200671
Si-diamond,0.75,1,480,0.2187739687537092,0.07136061622343974,0.01155864732312942
Si-diamond,0.75,1,480,0.24619413158533693,0.05681070332300688,0.009201922834207288
Si-diamond,0.75,1,480,0.27705101650047453,0.045153857694810666,0.007313803383352181
Si-diamond,0.75,1,480,0.3117753670636956,0.035841645080331025,0.005805456243078862
Si-diamond,0.75,1,480,0.35085191433519125,0.028419800788859872,0.00460330181683782
Si-diamond,0.75,1,480,0.3948261434249862,0.022515698607783394,0.0036469839137370005
Si-diamond,0.75,1,480,0.4443119081371701,0.017826053916064476,0.002887377958364659
Si-diamond,0.75,1,480,0.5,0.014105555049217903,0.0022847495542974764
Si-diamond,0.75,2,480,0.004999999999999999,5.343492058201828,0.8655129880228035
Si-diamond,0.75,2,480,0.005626677913003822,5.122939284976188,0.8297889170048188
Si-diamond,0.75,2,480,0.006331900867337016,4.880993935374315,0.79059977997771
Si-diamond,0.75,2,480,0.007125513351514988,4.621736480982092,0.7486065119847732
Si-diamond,0.75,2,480,0.008018593718756654,4.34910557721572,0.7044470773723457
Si-diamond,0.75,2,480,0.00902360883413585,4.067005562548477,0.6587538819943991
Si-diamond,0.75,2,480,0.010154588104523677,3.779606358860479,0.612202349620066
Si-diamond,0.75,2,480,0.011427319320674952,3.4913909259189797,0.565518608380741
Si-diamond,0.75,2,480,0.01285956904529672,3.2068579031103988,0.5194313261166613
Si-diamond,0.75,2,480,0.01447133062358375,2.9300331976604093,0.4745925998000771
Si-diamond,0.75,2,480,0.016285103278298914,2.664075646238993,0.4315140825101233
Si-diamond,0.75,2,480,0.018326206185398135,2.411219918227114,0.39055773518022957
Si-diamond,0.75,2,480,0.020623131914506758,2.1729678786163973,0.35196682263466256
Si-diamond,0.75,2,480,0.023207944168063883,1.9502718395652119,0.3158955957888802
Si-diamond,0.75,2,480,0.026116725371334214,1.7435800558618033,0.2824166607845114
Si-diamond,0.75,2,480,0.029390080361374554,1.55277071644599,0.25151028725543517
Si-diamond,0.75,2,480,0.03307370320615074,1.377088519856124,0.22305413512557246
Si-diamond,0.75,2,480,0.03721901506625844,1.215226340417463,0.19683648250291982
Si-diamond,0.75,2,480,0.04188388200341457,1.0656457609576921,0.17260814401784766
Si-diamond,0.75,2,480,0.047133422755894265,0.9270876491530821,0.1501651715091242
Si-diamond,0.75,2,480,0.05304091775697241,0.7990216458203828,0.12942165996249655
Si-diamond,0.75,2,480,0.05968883208572181,0.6817060634376229,0.11041944958325867
Si-diamond,0.75,2,480,0.067169966629945,0.5757893896428812,0.0932635792611883
Si-diamond,0.75,2,480,0.0755887535307831,0.4817736854888709,0.07803537041628018
Si-diamond,0.75,2,480,0.08506271399262945,0.3996975343964853,0.06474107260435695
Si-diamond,0.75,2,480,0.09572409880849786,0.3291072224943596,0.053307195447921056
Si-diamond,0.75,2,480,0.10772173450159415,0.2691819657538059,0.04360079232153481
Si-diamond,0.75,2,480,0.1212231008541164,0.2188848321878672,0.03545390599935561
Si-diamond,0.75,2,480,0.1364166688243384,0.17708534868544995,0.02868342791687082
Si-diamond,0.75,2,480,0.15351453148789246,0.14264653401224076,0.023105195355259515
Si-diamond,0.75,2,480,0.1727553647296109,0.11448306906073571,0.018543413577023746
Si-diamond,0.75,2,480,0.19440775901540433,0.09159763575773407,0.014836541826391235
Si-diamond,0.75,2,480,0.2187739687537092,0.07310058894722012,0.011840479685718188
Si-diamond,0.75,2,480,0.24619413158533693,0.05821706242832087,0.00942971807713369
Si-diamond,0.75,2,480,0.27705101650047453,0.04628512492361725,0.007497040575209476
Si-diamond,0.75,2,480,0.3117753670636956,0.03674815219047743,0.005952287878462777
Si-diamond,0.75,2,480,0.35085191433519125,0.029143992827885195,0.004720602939169807
Si-diamond,0.75,2,480,0.3948261434249862,0.023092843494296147,0.003740467049822326
Si-diamond,0.75,2,480,0.4443119081371701,0.018285126973709823,0.0029617363909244143
Si-diamond,0.75,2,480,0.5,0.01447015590026851,0.002343805835955853
beta_cristobalite,1.0,0,1920,0.004999999999999999,7.552391800499385,0.9989829917078243
beta_cristobalite,1.0,0,1920,0.005626677913003822,7.547621027658325,0.9983519438157903
beta_cristobalite,1.0,0,1920,0.006331900867337016,7.539769651592548,0.9973134130617721
beta_cristobalite,1.0,0,1920,0.007125513351514988,7.525949316398278,0.9954853458529359
beta_cristobalite,1.0,0,1920,0.008018593718756654,7.500432449887528,0.9921101348841097
beta_cristobalite,1.0,0,1920,0.00902360883413585,7.45419806065895,0.9859945400247043
beta_cristobalite,1.0,0,1920,0.010154588104523677,7.377801292983987,0.9758892550309233
beta_cristobalite,1.0,0,1920,0.011427319320674952,7.267066975447415,0.9612420144295956
beta_cristobalite,1.0,0,1920,0.01285956904529672,7.125397651064621,0.9425028852578554
beta_cristobalite,1.0,0,1920,0.01447133062358375,6.958695414197584,0.9204525595188217
beta_cristobalite,1.0,0,1920,0.016285103278298914,6.766741873810838,0.895062149816854
beta_cristobalite,1.0,0,1920,0.018326206185398135,6.537197966815253,0.864699522321338
beta_cristobalite,1.0,0,1920,0.020623131914506758,6.248940516974589,0.8265706358399912
beta_cristobalite,1.0,0,1920,0.023207944168063883,5.887854580583528,0.7788084541989764
beta_cristobalite,1.0,0,1920,0.026116725371334214,5.460823306081097,0.7223234370780378
beta_cristobalite,1.0,0,1920,0.029390080361374554,4.992397936756473,0.6603630688661009
beta_cristobalite,1.0,0,1920,0.03307370320615074,4.51139601392481,0.5967391530814593
beta_cristobalite,1.0,0,1920,0.03721901506625844,4.041062799010652,0.5345264270277822
beta_cristobalite,1.0,0,1920,0.04188388200341457,3.59643519437762,0.4757138777843995
beta_cristobalite,1.0,0,1920,0.047133422755894265,3.185876613439858,0.4214077651924383
beta_cristobalite,1.0,0,1920,0.05304091775697241,2.813403409364441,0.37213934724388126
beta_cristobalite,1.0,0,1920,0.05968883208572181,2.4803609906277098,0.328086586128756
beta_cristobalite,1.0,0,1920,0.067169966629945,2.186369054222768,0.28919917775193354
beta_cristobalite,1.0,0,1920,0.0755887535307831,1.929866241065407,0.2552705953321934
beta_cristobalite,1.0,0,1920,0.08506271399262945,1.7084871540654567,0.22598795898669366
beta_cristobalite,1.0,0,1920,0.09572409880849786,1.5193553063282066,0.2009707850806347
beta_cristobalite,1.0,0,1920,0.10772173450159415,1.3593130234713016,0.17980139626296648
beta_cristobalite,1.0,0,1920,0.1212231008541164,1.2250988824518092,0.16204839196090118
beta_cristobalite,1.0,0,1920,0.1364166688243384,1.113480215543942,0.14728417517454653
beta_cristobalite,1.0,0,1920,0.15351453148789246,1.0213217741049563,0.13509403488895372
beta_cristobalite,1.0,0,1920,0.1727553647296109,0.9454864891703566,0.12506301930843627
beta_cristobalite,1.0,0,1920,0.19440775901540433,0.8824018878589512,0.11671858413962047
beta_cristobalite,1.0,0,1920,0.2187739687537092,0.8274152649654136,0.10944529873638385
beta_cristobalite,1.0,0,1920,0.24619413158533693,0.7747004040508474,0.10247250775109451
beta_cristobalite,1.0,0,1920,0.27705101650047453,0.7185160006681071,0.09504078746151713
beta_cristobalite,1.0,0,1920,0.3117753670636956,0.6553705549073008,0.08668830417076898
beta_cristobalite,1.0,0,1920,0.35085191433519125,0.5853681858082566,0.07742883009203083
beta_cristobalite,1.0,0,1920,0.3948261434249862,0.5115976765501316,0.06767093008032614
beta_cristobalite,1.0,0,1920,0.4443119081371701,0.43828183702636253,0.05797317092776434
beta_cristobalite,1.0,0,1920,0.5,0.3691358441290851,0.0488269729187359
beta_cristobalite,0.25,0,480,0.004999999999999999,6.171822713448603,0.99968197951463
beta_cristobalite,0.25,0,480,0.005626677913003822,6.170462136053302,0.9994615997715673
beta_cristobalite,0.25,0,480,0.006331900867337016,6.168076666058199,0.9990752128843386
beta_cristobalite,0.25,0,480,0.007125513351514988,6.163701227398742,0.9983665005017228
beta_cristobalite,0.25,0,480,0.008018593718756654,6.155317212910714,0.9970084984026981
beta_cristobalite,0.25,0,480,0.00902360883413585,6.1389301904578835,0.994354207797704
beta_cristobalite,0.25,0,480,0.010154588104523677,6.107848514342504,0.9893197482954975
beta_cristobalite,0.25,0,480,0.011427319320674952,6.053713336994232,0.9805511942126053
beta_cristobalite,0.25,0,480,0.01285956904529672,5.97034606111777,0.9670477662555252
beta_cristobalite,0.25,0,480,0.01447133062358375,5.857465879242674,0.9487639805889383
beta_cristobalite,0.25,0,480,0.016285103278298914,5.719151532252935,0.9263604919254225
beta_cristobalite,0.25,0,480,0.018326206185398135,5.557901231943384,0.9002419485234023
beta_cristobalite,0.25,0,480,0.020623131914506758,5.36958742445871,0.8697397891813973
beta_cristobalite,0.25,0,480,0.023207944168063883,5.143437182464833,0.8331090672568158
beta_cristobalite,0.25,0,480,0.026116725371334214,4.869038972854491,0.7886633729952478
beta_cristobalite,0.25,0,480,0.029390080361374554,4.545806740848874,0.7363077800793661
beta_cristobalite,0.25,0,480,0.03307370320615074,4.185769279851142,0.67799065426087
beta_cristobalite,0.25,0,480,0.03721901506625844,3.8077563572089645,0.6167619501431056
beta_cristobalite,0.25,0,480,0.04188388200341457,3.4299907617401795,0.5555733068841449
beta_cristobalite,0.25,0,480,0.047133422755894265,3.0665763404051156,0.49670919737031183
beta_cristobalite,0.25,0,480,0.05304091775697241,2.7272256571741362,0.4417428157173252
beta_cristobalite,0.25,0,480,0.05968883208572181,2.417923600492302,0.39164356519642524
beta_cristobalite,0.25,0,480,0.067169966629945,2.141531439693875,0.34687490036954655
beta_cristobalite,0.25,0,480,0.0755887535307831,1.8984758663172923,0.3075059346674521
beta_cristobalite,0.25,0,480,0.08506271399262945,1.6875437886865285,0.2733401773702481
beta_cristobalite,0.25,0,480,0.09572409880849786,1.5065587387561705,0.2440250947152186
beta_cristobalite,0.25,0,480,0.10772173450159415,1.352845135556642,0.21912730904325
beta_cristobalite,0.25,0,480,0.1212231008541164,1.223516137511533,0.19817922372436103
beta_cristobalite,0.25,0,480,0.1364166688243384,1.115646922884884,0.18070709028610116
beta_cristobalite,0.25,0,480,0.15351453148789246,1.0263529220523975,0.16624368009829904
beta_cristobalite,0.25,0,480,0.1727553647296109,0.9526853092156593,0.15431135662661624
beta_cristobalite,0.25,0,480,0.19440775901540433,0.8911873920795813,0.14435022157899768
beta_cristobalite,0.25,0,480,0.2187739687537092,0.8372585040610228,0.13561508124355998
beta_cristobalite,0.25,0,480,0.24619413158533693,0.7851034929744277,0.1271672649103002
beta_cristobalite,0.25,0,480,0.27705101650047453,0.7290324857153934,0.1180851544653665
beta_cristobalite,0.25,0,480,0.3117753670636956,0.6656205654342534,0.1078139984496013
beta_cristobalite,0.25,0,480,0.35085191433519125,0.5950310421132841,0.0963802490237254
beta_cristobalite,0.25,0,480,0.3948261434249862,0.5204155350732529,0.0842943902355706
beta_cristobalite,0.25,0,480,0.4443119081371701,0.44608427457954997,0.07225457232760578
beta_cristobalite,0.25,0,480,0.5,0.3758553973378451,0.06087923860859031
beta_cristobalite,0.25,1,480,0.004999999999999999,6.171847166376508,0.9996859402815715
beta_cristobalite,0.25,1,480,0.005626677913003822,6.1704485606554345,0.9994594008943082
beta_cristobalite,0.25,1,480,0.006331900867337016,6.167982188247935,0.999059909825782
beta_cristobalite,0.25,1,480,0.007125513351514988,6.163471985711469,0.9983293690424505
beta_cristobalite,0.25,1,480,0.008018593718756654,6.15480495747127,0.9969255257452683
beta_cristobalite,0.25,1,480,0.00902360883413585,6.137836663791104,0.9941770836394684
beta_cristobalite,0.25,1,480,0.010154588104523677,6.105962510895136,0.9890142625829011
beta_cristobalite,0.25,1,480,0.011427319320674952,6.051425095612676,0.9801805559457386
beta_cristobalite,0.25,1,480,0.01285956904529672,5.968666468403393,0.9667757139546989
beta_cristobalite,0.25,1,480,0.01447133062358375,5.857434313791916,0.9487588677699602
beta_cristobalite,0.25,1,480,0.016285103278298914,5.721794339944597,0.9267885611275595
beta_cristobalite,0.25,1,480,0.018326206185398135,5.564557800432507,0.9013201472781204
beta_cristobalite,0.25,1,480,0.020623131914506758,5.38196876269128,0.8717452584387052
beta_cristobalite,0.25,1,480,0.023207944168063883,5.163236577237508,0.8363160774187262
beta_cristobalite,0.25,1,480,0.026116725371334214,4.896972032536303,0.7931878348427612
beta_cristobalite,0.25,1,480,0.029390080361374554,4.580832487711779,0.7419810810770746
beta_cristobalite,0.25,1,480,0.03307370320615074,4.225116331944282,0.6843638993702644
beta_cristobalite,0.25,1,480,0.03721901506625844,3.847948733636575,0.6232721167979252
beta_cristobalite,0.25,1,480,0.04188388200341457,3.4681549497369044,0.5617549573907286
beta_cristobalite,0.25,1,480,0.047133422755894265,3.100846557775577,0.5022601213566161
beta_cristobalite,0.25,1,480,0.05304091775697241,2.7564907063481203,0.44648302677768054
beta_cristobalite,0.25,1,480,0.05968883208572181,2.44161061146877,0.39548027262001045
beta_cristobalite,0.25,1,480,0.067169966629945,2.159633501525564,0.34980698475456407
beta_cristobalite,0.25,1,480,0.0755887535307831,1.9115316659487072,0.30962064991862726
beta_cristobalite,0.25,1,480,0.08506271399262945,1.6964447283512698,0.27478190850815
beta_cristobalite,0.25,1,480,0.09572409880849786,1.5123136080349868,0.24495724059490484
beta_cristobalite,0.25,1,480,0.10772173450159415,1.3564027726493535,0.21970355788518234
beta_cristobalite,0.25,1,480,0.1212231008541164,1.2256676266675504,0.19852771152743823
beta_cristobalite,0.25,1,480,0.1364166688243384,1.1169935629048537,0.18092521252054636
beta_cristobalite,0.25,1,480,0.15351453148789246,1.0273185800491926,0.1664000927080888
beta_cristobalite,0.25,1,480,0.1727553647296109,0.9535557991298369,0.1544523543708736
beta_cristobalite,0.25,1,480,0.19440775901540433,0.8921623558699449,0.1445081414962017
beta_cristobalite,0.25,1,480,0.2187739687537092,0.8384943941861566,0.13581526474592537
beta_cristobalite,0.25,1,480,0.24619413158533693,0.7867231082173746,0.1274296023505175
beta_cristobalite,0.25,1,480,0.27705101650047453,0.7310969892966309,0.11841955276593812
beta_cristobalite,0.25,1,480,0.3117753670636956,0.6680943305346176,0.10821468695074661
beta_cristobalite,0.25,1,480,0.35085191433519125,0.5977816762321931,0.09682578342880799
beta_cristobalite,0.25,1,480,0.3948261434249862,0.523259355121091,0.0847550184465222
beta_cristobalite,0.25,1,480,0.4443119081371701,0.44884564328145277,0.07270184546850024
beta_cristobalite,0.25,1,480,0.5,0.37840529620056695,0.06129225888817373
beta_cristobalite,0.25,2,480,0.004999999999999999,6.170082667672388,0.9994001353193613
beta_cristobalite,0.25,2,480,0.005626677913003822,6.168084737190384,0.9990765202072761
beta_cristobalite,0.25,2,480,0.006331900867337016,6.164992168141064,0.9985756008366868
beta_cristobalite,0.25,2,480,0.007125513351514988,6.15988066245248,0.9977476638783018
beta_cristobalite,0.25,2,480,0.008018593718756654,6.15081415642953,0.9962791151028236
beta_cristobalite,0.25,2,480,0.00902360883413585,6.134183866030417,0.9935854211329916
beta_cristobalite,0.25,2,480,0.010154588104523677,6.104371771197071,0.9887566022637236
beta_cristobalite,0.25,2,480,0.011427319320674952,6.054667376664819,0.9807057249421335
beta_cristobalite,0.25,2,480,0.01285956904529672,5.979982928286011,0.9686086993695103
beta_cristobalite,0.25,2,480,0.01447133062358375,5.879513569576821,0.9523351587870641
beta_cristobalite,0.25,2,480,0.016285103278298914,5.755899358341162,0.9323127269834206
beta_cristobalite,0.25,2,480,0.018326206185398135,5.6107051660194385,0.9087948742625499
beta_cristobalite,0.25,2,480,0.020623131914506758,5.439629223069486,0.8810848208089924
beta_cristobalite,0.25,2,480,0.023207944168063883,5.231352756531077,0.847349206546818
beta_cristobalite,0.25,2,480,0.026116725371334214,4.973052909964314,0.8055110472358705
beta_cristobalite,0.25,2,480,0.029390080361374554,4.660171301109822,0.7548319981744289
beta_cristobalite,0.25,2,480,0.03307370320615074,4.301491177111529,0.6967347272353531
beta_cristobalite,0.25,2,480,0.03721901506625844,3.9156034013814462,0.6342304925184756
beta_cristobalite,0.25,2,480,0.04188388200341457,3.5237279642245927,0.5707564053761981
beta_cristobalite,0.25,2,480,0.047133422755894265,3.1439916350240464,0.5092485522031596
beta_cristobalite,0.25,2,480,0.05304091775697241,2.788947567209582,0.45174023205094843
beta_cristobalite,0.25,2,480,0.05968883208572181,2.4656972688511845,0.3993817128346611
beta_cristobalite,0.25,2,480,0.067169966629945,2.1772364823372117,0.3526582304108595
beta_cristobalite,0.25,2,480,0.0755887535307831,1.9238684789800973,0.3116189071992922
beta_cristobalite,0.25,2,480,0.08506271399262945,1.704240273679664,0.276044593220124
beta_cristobalite,0.25,2,480,0.09572409880849786,1.5160329576151927,0.24555968284308302
beta_cristobalite,0.25,2,480,0.10772173450159415,1.3564116643067297,0.21970499811282004
beta_cristobalite,0.25,2,480,0.1212231008541164,1.2223150737751203,0.19798468123192617
beta_cristobalite,0.25,2,480,0.1364166688243384,1.1106402627141427,0.17989613569738017
beta_cristobalite,0.25,2,480,0.15351453148789246,1.0183349303204352,0.16494496459422694
beta_cristobalite,0.25,2,480,0.1727553647296109,0.9423080482609698,0.15263049810964704
beta_cristobalite,0.25,2,480,0.19440775901540433,0.8790002553104851,0.1423762081350603
beta_cristobalite,0.25,2,480,0.2187739687537092,0.8237491720070762,0.13342690500509127
beta_cristobalite,0.25,2,480,0.24619413158533693,0.7707236190243129,0.12483808250778279
beta_cristobalite,0.25,2,480,0.27705101650047453,0.7142168152439835,0.11568538385101915
beta_cristobalite,0.25,2,480,0.3117753670636956,0.6508197181729971,0.10541662882710953
beta_cristobalite,0.25,2,480,0.35085191433519125,0.5807278091361873,0.09406348055517465
beta_cristobalite,0.25,2,480,0.3948261434249862,0.5070750482602882,0.08213356273224436
beta_cristobalite,0.25,2,480,0.4443119081371701,0.4340643889594065,0.07030764941549733
beta_cristobalite,0.25,2,480,0.5,0.36534990294040937,0.05917760945904849
beta_cristobalite,0.5,0,960,0.004999999999999999,6.864536297082467,0.9996509377213787
beta_cristobalite,0.5,0,960,0.005626677913003822,6.862823427901922,0.9994015004384476
beta_cristobalite,0.5,0,960,0.006331900867337016,6.859781339813193,0.9989584951021918
beta_cristobalite,0.5,0,960,0.007125513351514988,6.853992540267675,0.9981154987738866
beta_cristobalite,0.5,0,960,0.008018593718756654,6.842540546746256,0.9964477974803074
beta_cristobalite,0.5,0,960,0.00902360883413585,6.8203065047149325,0.9932099559125681
beta_cristobalite,0.5,0,960,0.010154588104523677,6.78017019946513,0.9873650898585145
beta_cristobalite,0.5,0,960,0.011427319320674952,6.715236265133714,0.9779090588121164
beta_cristobalite,0.5,0,960,0.01285956904529672,6.622315543520517,0.9643774402913055
beta_cristobalite,0.5,0,960,0.01447133062358375,6.502717636628265,0.9469609456294349
beta_cristobalite,0.5,0,960,0.016285103278298914,6.357996349698163,0.9258858483574737
beta_cristobalite,0.5,0,960,0.018326206185398135,6.183286899825599,0.9004437124526605
beta_cristobalite,0.5,0,960,0.020623131914506758,5.96384599189005,0.8684875394646271
beta_cristobalite,0.5,0,960,0.023207944168063883,5.681181379744377,0.8273243883990312
beta_cristobalite,0.5,0,960,0.026116725371334214,5.327847111002649,0.775869939359715
beta_cristobalite,0.5,0,960,0.029390080361374554,4.915979881365428,0.7158916036783168
beta_cristobalite,0.5,0,960,0.03307370320615074,4.47104336786744,0.6510975398558584
beta_cristobalite,0.5,0,960,0.03721901506625844,4.020122265006106,0.5854319677318864
beta_cristobalite,0.5,0,960,0.04188388200341457,3.58411548445755,0.5219382999638993
beta_cristobalite,0.5,0,960,0.047133422755894265,3.176023475744424,0.4625097323911614
beta_cristobalite,0.5,0,960,0.05304091775697241,2.802823297817152,0.4081623021093311
beta_cristobalite,0.5,0,960,0.05968883208572181,2.4676647562112275,0.35935470085240573
beta_cristobalite,0.5,0,960,0.067169966629945,2.1712290579656552,0.316186129677216
beta_cristobalite,0.5,0,960,0.0755887535307831,1.9125247646339794,0.2785122099498964
beta_cristobalite,0.5,0,960,0.08506271399262945,1.689442350767628,0.24602574115441095
beta_cristobalite,0.5,0,960,0.09572409880849786,1.4991711696466246,0.21831742169956223
beta_cristobalite,0.5,0,960,0.10772173450159415,1.3385118439892654,0.19492134094530614
beta_cristobalite,0.5,0,960,0.1212231008541164,1.2041079177510314,0.17534871359178927
beta_cristobalite,0.5,0,960,0.1364166688243384,1.092613918212725,0.15911235379045136
beta_cristobalite,0.5,0,960,0.15351453148789246,1.0007865870012416,0.14573996069916192
beta_cristobalite,0.5,0,960,0.1727553647296109,0.9253984576255218,0.13476153317514564
beta_cristobalite,0.5,0,960,0.19440775901540433,0.8628089760849526,0.12564691403617814
beta_cristobalite,0.5,0,960,0.2187739687537092,0.8083192345255619,0.11771182288236032
beta_cristobalite,0.5,0,960,0.24619413158533693,0.7560858626132846,0.11010531649173205
beta_cristobalite,0.5,0,960,0.27705101650047453,0.7004087610286541,0.10199731554309702
beta_cristobalite,0.5,0,960,0.3117753670636956,0.6379177945382827,0.0928970426990645
beta_cristobalite,0.5,0,960,0.35085191433519125,0.5688654537317368,0.08284126700618079
beta_cristobalite,0.5,0,960,0.3948261434249862,0.4964076891593231,0.07228957506876717
beta_cristobalite,0.5,0,960,0.4443119081371701,0.42470422479656256,0.06184772841139433
beta_cristobalite,0.5,0,960,0.5,0.35732428135467853,0.05203549627651287
beta_cristobalite,0.5,1,960,0.004999999999999999,6.863756266192112,0.9995373454003175
beta_cristobalite,0.5,1,960,0.005626677913003822,6.861027619776936,0.9991399851374254
beta_cristobalite,0.5,1,960,0.006331900867337016,6.856340262758473,0.9984573868327251
beta_cristobalite,0.5,1,960,0.007125513351514988,6.848011947898472,0.9972445725362988
beta_cristobalite,0.5,1,960,0.008018593718756654,6.832482623326541,0.9949831082219346
beta_cristobalite,0.5,1,960,0.00902360883413585,6.803308325934799,0.9907345890965549
beta_cristobalite,0.5,1,960,0.010154588104523677,6.75182307336365,0.9832370278944319
beta_cristobalite,0.5,1,960,0.011427319320674952,6.6708693869992794,0.9714481138317966
beta_cristobalite,0.5,1,960,0.01285956904529672,6.558980427172685,0.9551542377751047
beta_cristobalite,0.5,1,960,0.01447133062358375,6.420152742432307,0.9349373987598619
beta_cristobalite,0.5,1,960,0.016285103278298914,6.25865796096714,0.9114196544080144
beta_cristobalite,0.5,1,960,0.018326206185398135,6.072516166155236,0.8843126785425148
beta_cristobalite,0.5,1,960,0.020623131914506758,5.850149290722086,0.8519304103273408
beta_cristobalite,0.5,1,960,0.023207944168063883,5.575209004464368,0.811892117414282
beta_cristobalite,0.5,1,960,0.026116725371334214,5.2393572590575985,0.7629835680671206
beta_cristobalite,0.5,1,960,0.029390080361374554,4.850765524991592,0.7063947360559971
beta_cristobalite,0.5,1,960,0.03307370320615074,4.42998571823154,0.6451185026444727
beta_cristobalite,0.5,1,960,0.03721901506625844,4.00043908808104,0.5825655969503902
beta_cristobalite,0.5,1,960,0.04188388200341457,3.5815701777009044,0.5215676386146176
beta_cristobalite,0.5,1,960,0.047133422755894265,3.1865823965113766,0.4640473795954592
beta_cristobalite,0.5,1,960,0.05304091775697241,2.823177733673263,0.41112642525032156
beta_cristobalite,0.5,1,960,0.05968883208572181,2.495147750775381,0.36335692330392433
beta_cristobalite,0.5,1,960,0.067169966629945,2.203671184152137,0.3209105277225399
beta_cristobalite,0.5,1,960,0.0755887535307831,1.9481740446694278,0.28370365110108886
beta_cristobalite,0.5,1,960,0.08506271399262945,1.7269177766912762,0.25148311555594266
beta_cristobalite,0.5,1,960,0.09572409880849786,1.5374228168697495,0.22388783364890774
beta_cristobalite,0.5,1,960,0.10772173450159415,1.3767791451735305,0.20049403250921782
beta_cristobalite,0.5,1,960,0.1212231008541164,1.2418758489084392,0.1808486841889796
beta_cristobalite,0.5,1,960,0.1364166688243384,1.1295681250883527,0.1644938254525171
beta_cristobalite,0.5,1,960,0.15351453148789246,1.036768280921197,0.15097980975978595
beta_cristobalite,0.5,1,960,0.1727553647296109,0.9603603489862084,0.13985287306624325
beta_cristobalite,0.5,1,960,0.19440775901540433,0.8967755589221833,0.13059331171184632
beta_cristobalite,0.5,1,960,0.2187739687537092,0.8413540863385885,0.12252253684222594
beta_cristobalite,0.5,1,960,0.24619413158533693,0.7882506894547354,0.1147893327052333
beta_cristobalite,0.5,1,960,0.27705101650047453,0.7316756894380242,0.10655057492601823
beta_cristobalite,0.5,1,960,0.3117753670636956,0.6680438025620347,0.09728415507889779
beta_cristobalite,0.5,1,960,0.35085191433519125,0.5973508028672408,0.08698945775676797
beta_cristobalite,0.5,1,960,0.3948261434249862,0.5226334449352822,0.07610871160170848
beta_cristobalite,0.5,1,960,0.4443119081371701,0.4481547616217632,0.06526272253668505
beta_cristobalite,0.5,1,960,0.5,0.3777319388794866,0.055007369845022025
beta_cristobalite,0.5,2,960,0.004999999999999999,6.8648696994690335,0.9996994895818315
beta_cristobalite,0.5,2,960,0.005626677913003822,6.863018075901764,0.9994298461339391
beta_cristobalite,0.5,2,960,0.006331900867337016,6.859683545039498,0.9989442536978206
beta_cristobalite,0.5,2,960,0.007125513351514988,6.85342165568798,0.9980323634708269
beta_cristobalite,0.5,2,960,0.008018593718756654,6.84118583883802,0.9962505175808068
beta_cristobalite,0.5,2,960,0.00902360883413585,6.817438925627735,0.9927923635218445
beta_cristobalite,0.5,2,960,0.010154588104523677,6.774495911553226,0.986538769334221
beta_cristobalite,0.5,2,960,0.011427319320674952,6.705469569269867,0.9764867796870306
beta_cristobalite,0.5,2,960,0.01285956904529672,6.608087315879923,0.9623054487557552
beta_cristobalite,0.5,2,960,0.01447133062358375,6.484673579641482,0.9443332723669595
beta_cristobalite,0.5,2,960,0.016285103278298914,6.337163764915657,0.9228520945812947
beta_cristobalite,0.5,2,960,0.018326206185398135,6.160878394556263,0.8971804646037204
beta_cristobalite,0.5,2,960,0.020623131914506758,5.941749502444276,0.8652697290490559
beta_cristobalite,0.5,2,960,0.023207944168063883,5.662434507792602,0.8245943674165652
beta_cristobalite,0.5,2,960,0.026116725371334214,5.315984526637416,0.7741424456046678
beta_cristobalite,0.5,2,960,0.029390080361374554,4.913525433226273,0.7155341736527903
beta_cristobalite,0.5,2,960,0.03307370320615074,4.478297689993976,0.6521539535162255
beta_cristobalite,0.5,2,960,0.03721901506625844,4.035146519959285,0.5876198810741021
beta_cristobalite,0.5,2,960,0.04188388200341457,3.604087840516515,0.5248467825763862
beta_cristobalite,0.5,2,960,0.047133422755894265,3.1984881781700403,0.46578116397423036
beta_cristobalite,0.5,2,960,0.05304091775697241,2.8260549223224447,0.411545417037484
beta_cristobalite,0.5,2,960,0.05968883208572181,2.4905342352522495,0.36268507819752566
beta_cristobalite,0.5,2,960,0.067169966629945,2.193013625004481,0.31935851626325124
beta_cristobalite,0.5,2,960,0.0755887535307831,1.9327866191134375,0.28146285088961626
beta_cristobalite,0.5,2,960,0.08506271399262945,1.7079488022569402,0.24872075080758285
beta_cristobalite,0.5,2,960,0.09572409880849786,1.515832031040792,0.22074366653171557
beta_cristobalite,0.5,2,960,0.10772173450159415,1.3533308548814074,0.19707936553623578
beta_cristobalite,0.5,2,960,0.1212231008541164,1.217148846450564,0.17724780422793115
beta_cristobalite,0.5,2,960,0.1364166688243384,1.1039793758500833,0.16076745326011932
beta_cristobalite,0.5,2,960,0.15351453148789246,1.0106059844096547,0.14716991450847472
beta_cristobalite,0.5,2,960,0.1727553647296109,0.9338225071791726,0.13598828887593456
beta_cristobalite,0.5,2,960,0.19440775901540433,0.8700089119400013,0.12669540767326362
beta_cristobalite,0.5,2,960,0.2187739687537092,0.8144851407009749,0.118609735519631
beta_cristobalite,0.5,2,960,0.24619413158533693,0.7614136033650835,0.11088117094248871
beta_cristobalite,0.5,2,960,0.27705101650047453,0.7050708605449361,0.10267623571359452
beta_cristobalite,0.5,2,960,0.3117753670636956,0.6420332520895304,0.09349635790728998
beta_cristobalite,0.5,2,960,0.35085191433519125,0.572493854891946,0.08336965442599444
beta_cristobalite,0.5,2,960,0.3948261434249862,0.4995719115180711,0.0727503662586143
beta_cristobalite,0.5,2,960,0.4443119081371701,0.42741990325266194,0.06224320020988177
beta_cristobalite,0.5,2,960,0.5,0.3596167850404302,0.05236934307402567
beta_cristobalite,0.75,0,1440,0.004999999999999999,7.265106184935633,0.9989972761060693
beta_cristobalite,0.75,0,1440,0.005626677913003822,7.260693694607767,0.9983905312483653
beta_cristobalite,0.75,0,1440,0.006331900867337016,7.253697168308424,0.9974284653766041
beta_cristobalite,0.75,0,1440,0.007125513351514988,7.24177074291783,0.9957885077248371
beta_cristobalite,0.75,0,1440,0.008018593718756654,7.220199881897666,0.9928223802032476
beta_cristobalite,0.75,0,1440,0.00902360883413585,7.1813776117969015,0.9874840766608527
beta_cristobalite,0.75,0,1440,0.010154588104523677,7.116778605255186,0.9786013115736547
beta_cristobalite,0.75,0,1440,0.011427319320674952,7.021405052760808,0.9654868550565561
beta_cristobalite,0.75,0,1440,0.01285956904529672,6.8964004907363305,0.9482979504783648
beta_cristobalite,0.75,0,1440,0.01447133062358375,6.746263955207452,0.927653243268393
beta_cristobalite,0.75,0,1440,0.016285103278298914,6.5719560622608695,0.9036848241118371
beta_cristobalite,0.75,0,1440,0.018326206185398135,6.3642518482371795,0.8751242031431214
beta_cristobalite,0.75,0,1440,0.020623131914506758,6.103978442134885,0.8393349913793371
beta_cristobalite,0.75,0,1440,0.023207944168063883,5.77449503592249,0.7940289742407522
beta_cristobalite,0.75,0,1440,0.026116725371334214,5.377160902946416,0.7393930602646951
beta_cristobalite,0.75,0,1440,0.029390080361374554,4.932497588217007,0.6782490894965774
beta_cristobalite,0.75,0,1440,0.03307370320615074,4.4684271557958235,0.6144365193690514
beta_cristobalite,0.75,0,1440,0.03721901506625844,4.0093135939963,0.551305549774676
beta_cristobalite,0.75,0,1440,0.04188388200341457,3.5719059828692674,0.4911592833690957
beta_cristobalite,0.75,0,1440,0.047133422755894265,3.1660329234414233,0.43534921390940956
beta_cristobalite,0.75,0,1440,0.05304091775697241,2.7967144172409624,0.38456562282097567
beta_cristobalite,0.75,0,1440,0.05968883208572181,2.4659278911318268,0.33908041859356586
beta_cristobalite,0.75,0,1440,0.067169966629945,2.1736697641301195,0.298893108819627
beta_cristobalite,0.75,0,1440,0.0755887535307831,1.9185917678338416,0.26381829821011993
beta_cristobalite,0.75,0,1440,0.08506271399262945,1.6984450360586554,0.23354675368086228
beta_cristobalite,0.75,0,1440,0.09572409880849786,1.5104143964137497,0.20769137152289222
beta_cristobalite,0.75,0,1440,0.10772173450159415,1.351372077841698,0.18582206376679627
beta_cristobalite,0.75,0,1440,0.1212231008541164,1.2180692630322947,0.16749209783071747
beta_cristobalite,0.75,0,1440,0.1364166688243384,1.1072772092206649,0.1522575015076087
beta_cristobalite,0.75,0,1440,0.15351453148789246,1.0158615531307413,0.1396872803570018
beta_cristobalite,0.75,0,1440,0.1727553647296109,0.940687568416572,0.12935039001406184
beta_cristobalite,0.75,0,1440,0.19440775901540433,0.878190169571264,0.12075660905327738
beta_cristobalite,0.75,0,1440,0.2187739687537092,0.8237294532389623,0.11326792191150277
beta_cristobalite,0.75,0,1440,0.24619413158533693,0.7714927726999886,0.10608505352074711
beta_cristobalite,0.75,0,1440,0.27705101650047453,0.7157474120808078,0.09841971980138792
beta_cristobalite,0.75,0,1440,0.3117753670636956,0.6530048410026542,0.08979222613406414
beta_cristobalite,0.75,0,1440,0.35085191433519125,0.583369757139882,0.08021696910002762
beta_cristobalite,0.75,0,1440,0.3948261434249862,0.5099306036474073,0.07011862883754903
beta_cristobalite,0.75,0,1440,0.4443119081371701,0.4369087819629286,0.06007767429371071
beta_cristobalite,0.75,0,1440,0.5,0.36801797582019613,0.05060476007422629
beta_cristobalite,0.75,1,1440,0.004999999999999999,7.265340436231911,0.9990294871159222
beta_cristobalite,0.75,1,1440,0.005626677913003822,7.261368806529366,0.998483363335547
beta_cristobalite,0.75,1,1440,0.006331900867337016,7.254928974647622,0.9975978464078271
beta_cristobalite,0.75,1,1440,0.007125513351514988,7.243617008550771,0.996042380729763
beta_cristobalite,0.75,1,1440,0.008018593718756654,7.22252987833552,0.9931427692017704
beta_cristobalite,0.75,1,1440,0.00902360883413585,7.183547340657542,0.9877824278709373
beta_cristobalite,0.75,1,1440,0.010154588104523677,7.117279676628089,0.9786702120031766
beta_cristobalite,0.75,1,1440,0.011427319320674952,7.018135434320108,0.965037262189911
beta_cristobalite,0.75,1,1440,0.01285956904529672,6.887629902731964,0.9470919400907427
beta_cristobalite,0.75,1,1440,0.01447133062358375,6.731163378629647,0.9255768200909675
beta_cristobalite,0.75,1,1440,0.016285103278298914,6.550606199412507,0.9007490852130751
beta_cristobalite,0.75,1,1440,0.018326206185398135,6.338186909499962,0.8715401119904905
beta_cristobalite,0.75,1,1440,0.020623131914506758,6.076923814226825,0.8356148118116582
beta_cristobalite,0.75,1,1440,0.023207944168063883,5.751529420463139,0.7908710593109521
beta_cristobalite,0.75,1,1440,0.026116725371334214,5.362046628239008,0.7373147535092717
beta_cristobalite,0.75,1,1440,0.029390080361374554,4.925938987179636,0.6773472410714317
beta_cristobalite,0.75,1,1440,0.03307370320615074,4.468933773984771,0.6145061825202706
beta_cristobalite,0.75,1,1440,0.03721901506625844,4.014852320646919,0.5520671591298894
beta_cristobalite,0.75,1,1440,0.04188388200341457,3.5806838171065634,0.492366290158804
beta_cristobalite,0.75,1,1440,0.047133422755894265,3.1766861572910274,0.43681409980736696
beta_cristobalite,0.75,1,1440,0.05304091775697241,2.8083108024489376,0.3861601978953862
beta_cristobalite,0.75,1,1440,0.05968883208572181,2.4778696910629137,0.34072249034025226
beta_cristobalite,0.75,1,1440,0.067169966629945,2.18558042537189,0.3005308988029067
beta_cristobalite,0.75,1,1440,0.0755887535307831,1.930232591223099,0.265418983810781
beta_cristobalite,0.75,1,1440,0.08506271399262945,1.7096649912386936,0.23508956728572492
beta_cristobalite,0.75,1,1440,0.09572409880849786,1.5211221798199346,0.209163758324078
beta_cristobalite,0.75,1,1440,0.10772173450159415,1.3615197676071829,0.18721743420962741
beta_cristobalite,0.75,1,1440,0.1212231008541164,1.2276415231986382,0.16880834312554663
beta_cristobalite,0.75,1,1440,0.1364166688243384,1.116283368176464,0.1534959043658735
beta_cristobalite,0.75,1,1440,0.15351453148789246,1.024328638462983,0.14085155723997514
beta_cristobalite,0.75,1,1440,0.1727553647296109,0.9486516566959823,0.13044550167454882
beta_cristobalite,0.75,1,1440,0.19440775901540433,0.8856844594414889,0.12178712051121422
beta_cristobalite,0.75,1,1440,0.2187739687537092,0.8307732407593275,0.11423648649503294
beta_cristobalite,0.75,1,1440,0.24619413158533693,0.7780888715821801,0.1069920581327236
beta_cristobalite,0.75,1,1440,0.27705101650047453,0.7218859116384613,0.09926380166080927
beta_cristobalite,0.75,1,1440,0.3117753670636956,0.6586624205078381,0.09057017849582749
beta_cristobalite,0.75,1,1440,0.35085191433519125,0.5885075221288198,0.08092344373351125
beta_cristobalite,0.75,1,1440,0.3948261434249862,0.5145049361936744,0.07074762800664579
beta_cristobalite,0.75,1,1440,0.4443119081371701,0.4408925583791036,0.060625468322740406
beta_cristobalite,0.75,1,1440,0.5,0.37141497369206705,0.051071868404724455
beta_cristobalite,0.75,2,1440,0.004999999999999999,7.265323886870284,0.9990272114757918
beta_cristobalite,0.75,2,1440,0.005626677913003822,7.261118961847722,0.9984490081382439
beta_cristobalite,0.75,2,1440,0.006331900867337016,7.254296006862716,0.9975108094015002
beta_cristobalite,0.75,2,1440,0.007125513351514988,7.242403929772647,0.9958755748546388
beta_cristobalite,0.75,2,1440,0.008018593718756654,7.22054829745376,0.9928702895087184
beta_cristobalite,0.75,2,1440,0.00902360883413585,7.180700891311014,0.987391023386079
beta_cristobalite,0.75,2,1440,0.010154588104523677,7.113529062801897,0.9781544792801147
beta_cristobalite,0.75,2,1440,0.011427319320674952,7.013281631558884,0.964369834128464
beta_cristobalite,0.75,2,1440,0.01285956904529672,6.881235041473766,0.9462126069033954
beta_cristobalite,0.75,2,1440,0.01447133062358375,6.722837162425102,0.9244319135890009
beta_cristobalite,0.75,2,1440,0.016285103278298914,6.540202259612594,0.8993184787971034
beta_cristobalite,0.75,2,1440,0.018326206185398135,6.325499313986414,0.8697954887137308
beta_cristobalite,0.75,2,1440,0.020623131914506758,6.061342255888553,0.8334722506513412
beta_cristobalite,0.75,2,1440,0.023207944168063883,5.732520037564911,0.7882571509588399
beta_cristobalite,0.75,2,1440,0.026116725371334214,5.340031391327251,0.7342875215393828
beta_cristobalite,0.75,2,1440,0.029390080361374554,4.902278419582925,0.6740937659014129
beta_cristobalite,0.75,2,1440,0.03307370320615074,4.445149647647378,0.6112357172550985
beta_cristobalite,0.75,2,1440,0.03721901506625844,3.9920898017949273,0.5489371712464907
beta_cristobalite,0.75,2,1440,0.04188388200341457,3.559699528563164,0.4894808200001782
beta_cristobalite,0.75,2,1440,0.047133422755894265,3.157943572226492,0.434236877816382
beta_cristobalite,0.75,2,1440,0.05304091775697241,2.7920125262036084,0.3839190835661739
beta_cristobalite,0.75,2,1440,0.05968883208572181,2.4640152117399365,0.33881741328381215
beta_cristobalite,0.75,2,1440,0.067169966629945,2.174046085892842,0.29894485540203464
beta_cristobalite,0.75,2,1440,0.0755887535307831,1.9208257949407808,0.26412549082888814
beta_cristobalite,0.75,2,1440,0.08506271399262945,1.7021524929473648,0.2340565520566632
beta_cristobalite,0.75,2,1440,0.09572409880849786,1.5152509861100119,0.20835643268087325
beta_cristobalite,0.75,2,1440,0.10772173450159415,1.3570370742748032,0.18660103600226854
beta_cristobalite,0.75,2,1440,0.1212231008541164,1.2243110833805488,0.16835038694131282
beta_cristobalite,0.75,2,1440,0.1364166688243384,1.1138955063157918,0.15316755851189612
beta_cristobalite,0.75,2,1440,0.15351453148789246,1.0227035542126874,0.14062809805050663
beta_cristobalite,0.75,2,1440,0.1727553647296109,0.947636620388636,0.13030592787061873
beta_cristobalite,0.75,2,1440,0.19440775901540433,0.8851459978823041,0.1217130786985799
beta_cristobalite,0.75,2,1440,0.2187739687537092,0.8305886153986534,0.11421109935990807
beta_cristobalite,0.75,2,1440,0.24619413158533693,0.7781440410234214,0.10699964427394733
beta_cristobalite,0.75,2,1440,0.27705101650047453,0.7220820971025087,0.09929077838203068
beta_cristobalite,0.75,2,1440,0.3117753670636956,0.6589239244721368,0.09060613691699511
beta_cristobalite,0.75,2,1440,0.35085191433519125,0.5887831517290618,0.0809613445174567
beta_cristobalite,0.75,2,1440,0.3948261434249862,0.5147638337970353,0.07078322803697765
beta_cristobalite,0.75,2,1440,0.4443119081371701,0.44111892212124126,0.06065659474485294
beta_cristobalite,0.75,2,1440,0.5,0.3716034645577721,0.051097787070827454
beta_quartz,1.0,0,720,0.004999999999999999,6.345418239801363,0.9644590296564619
beta_quartz,1.0,0,720,0.005626677913003822,6.250607792175805,0.9500485071561984
beta_quartz,1.0,0,720,0.006331900867337016,6.147876938169163,0.934434138484713
beta_quartz,1.0,0,720,0.007125513351514988,6.040527831691528,0.9181178278562825
beta_quartz,1.0,0,720,0.008018593718756654,5.927818818885738,0.9009868490907894
beta_quartz,1.0,0,720,0.00902360883413585,5.804460927378378,0.882237315514358
beta_quartz,1.0,0,720,0.010154588104523677,5.66156274378592,0.8605177947075519
beta_quartz,1.0,0,720,0.011427319320674952,5.489527096587263,0.8343695839682181
beta_quartz,1.0,0,720,0.01285956904529672,5.281866016384145,0.8028065574912775
beta_quartz,1.0,0,720,0.01447133062358375,5.0375183539803485,0.765667428047831
beta_quartz,1.0,0,720,0.016285103278298914,4.760842353250353,0.7236146181133299
beta_quartz,1.0,0,720,0.018326206185398135,4.460304162435775,0.6779349227908653
beta_quartz,1.0,0,720,0.020623131914506758,4.146479687322057,0.6302358055203701
beta_quartz,1.0,0,720,0.023207944168063883,3.8297688128685525,0.5820979758118214
beta_quartz,1.0,0,720,0.026116725371334214,3.518549405479882,0.5347948105487965
beta_quartz,1.0,0,720,0.029390080361374554,3.2185239084952992,0.4891930410895455
beta_quartz,1.0,0,720,0.03307370320615074,2.9332467003537266,0.44583290800619196
beta_quartz,1.0,0,720,0.03721901506625844,2.664933880032648,0.40505124278701227
beta_quartz,1.0,0,720,0.04188388200341457,2.4149397439930955,0.3670538889873579
beta_quartz,1.0,0,720,0.047133422755894265,2.184058163839779,0.33196150951842174
beta_quartz,1.0,0,720,0.05304091775697241,1.9727533728190114,0.2998446645748754
beta_quartz,1.0,0,720,0.05968883208572181,1.7812289211285228,0.2707342923579171
beta_quartz,1.0,0,720,0.067169966629945,1.6093928437250828,0.2446164148265406
beta_quartz,1.0,0,720,0.0755887535307831,1.4568346517666306,0.22142864055825232
beta_quartz,1.0,0,720,0.08506271399262945,1.3228424424167364,0.20106276531924366
beta_quartz,1.0,0,720,0.09572409880849786,1.2064390172478408,0.18337026180814398
beta_quartz,1.0,0,720,0.10772173450159415,1.1064230721879,0.16816854023877045
beta_quartz,1.0,0,720,0.1212231008541164,1.0214154754647482,0.155247982262815
beta_quartz,1.0,0,720,0.1364166688243384,0.949913427152929,0.1443801728407799
beta_quartz,1.0,0,720,0.15351453148789246,0.8903456012420662,0.13532628144929074
beta_quartz,1.0,0,720,0.1727553647296109,0.8410770929915791,0.12783781404428424
beta_quartz,1.0,0,720,0.19440775901540433,0.8002086927494035,0.12162610409048703
beta_quartz,1.0,0,720,0.2187739687537092,0.7650212416036183,0.11627785852090727
beta_quartz,1.0,0,720,0.24619413158533693,0.7313879661253183,0.11116583674297241
beta_quartz,1.0,0,720,0.27705101650047453,0.6940936983890711,0.10549736984081669
beta_quartz,1.0,0,720,0.3117753670636956,0.6485880627872748,0.09858083266425653
beta_quartz,1.0,0,720,0.35085191433519125,0.5931363313400181,0.09015255873757742
beta_quartz,1.0,0,720,0.3948261434249862,0.529539517073377,0.08048628939821123
beta_quartz,1.0,0,720,0.4443119081371701,0.46192247527913577,0.07020897369535288
beta_quartz,1.0,0,720,0.5,0.39481206668542357,0.060008662682572975
beta_quartz,0.25,0,180,0.004999999999999999,5.120900323542818,0.9861241813832826
beta_quartz,0.25,0,180,0.005626677913003822,5.080093667812598,0.9782661042026057
beta_quartz,0.25,0,180,0.006331900867337016,5.029491953770931,0.96852180716825
beta_quartz,0.25,0,180,0.007125513351514988,4.970084257348959,0.9570817551655479
beta_quartz,0.25,0,180,0.008018593718756654,4.902340126138674,0.9440363682779846
beta_quartz,0.25,0,180,0.00902360883413585,4.82582405214658,0.9293017813770793
beta_quartz,0.25,0,180,0.010154588104523677,4.739027900300122,0.9125875751283639
beta_quartz,0.25,0,180,0.011427319320674952,4.639283552795315,0.8933799540429493
beta_quartz,0.25,0,180,0.01285956904529672,4.522871165411317,0.8709625932354853
beta_quartz,0.25,0,180,0.01447133062358375,4.385416172085746,0.844493089006501
beta_quartz,0.25,0,180,0.016285103278298914,4.2227032745451325,0.8131597076184542
beta_quartz,0.25,0,180,0.018326206185398135,4.032212659694189,0.7764772124002843
beta_quartz,0.25,0,180,0.020623131914506758,3.815001777190298,0.7346492348643925
beta_quartz,0.25,0,180,0.023207944168063883,3.5763970591949676,0.6887014781534105
beta_quartz,0.25,0,180,0.026116725371334214,3.3246964981698435,0.6402318743703603
beta_quartz,0.25,0,180,0.029390080361374554,3.068568859052858,0.5909097547241942
beta_quartz,0.25,0,180,0.03307370320615074,2.8150550509421013,0.5420909766387768
beta_quartz,0.25,0,180,0.03721901506625844,2.5695040743345166,0.4948055892076275
beta_quartz,0.25,0,180,0.04188388200341457,2.3360360127972704,0.4498469908134923
beta_quartz,0.25,0,180,0.047133422755894265,2.117508072394897,0.4077653893911905
beta_quartz,0.25,0,180,0.05304091775697241,1.9156246041148817,0.36888898928295405
beta_quartz,0.25,0,180,0.05968883208572181,1.731277001702689,0.3333894448604753
beta_quartz,0.25,0,180,0.067169966629945,1.5648054988285034,0.30133227441707977
beta_quartz,0.25,0,180,0.0755887535307831,1.4161326581293374,0.2727025659546112
beta_quartz,0.25,0,180,0.08506271399262945,1.2848375836071566,0.24741926815488585
beta_quartz,0.25,0,180,0.09572409880849786,1.1702070581968456,0.2253450378653235
beta_quartz,0.25,0,180,0.10772173450159415,1.0712754419877728,0.20629392324030726
beta_quartz,0.25,0,180,0.1212231008541164,0.9868647836583807,0.19003908794066063
beta_quartz,0.25,0,180,0.1364166688243384,0.9156343392400587,0.17632234688857365
beta_quartz,0.25,0,180,0.15351453148789246,0.8561360201204166,0.16486484380736807
beta_quartz,0.25,0,180,0.1727553647296109,0.8068276186608849,0.15536959805906597
beta_quartz,0.25,0,180,0.19440775901540433,0.7658913832533544,0.14748656791208659
beta_quartz,0.25,0,180,0.2187739687537092,0.7307004760486637,0.1407099070972258
beta_quartz,0.25,0,180,0.24619413158533693,0.6972330968909992,0.13426514352251454
beta_quartz,0.25,0,180,0.27705101650047453,0.6603792065047788,0.1271682445024692
beta_quartz,0.25,0,180,0.3117753670636956,0.615713958944021,0.11856712401499568
beta_quartz,0.25,0,180,0.35085191433519125,0.5616706682240912,0.10816008766331381
beta_quartz,0.25,0,180,0.3948261434249862,0.500178509956717,0.09631863393414739
beta_quartz,0.25,0,180,0.4443119081371701,0.4353196151591982,0.08382885274399553
beta_quartz,0.25,0,180,0.5,0.3713959037225669,0.07151915842684112
beta_quartz,0.25,1,180,0.004999999999999999,5.125181765055569,0.9869486522263278
beta_quartz,0.25,1,180,0.005626677913003822,5.090507993101208,0.9802715753797492
beta_quartz,0.25,1,180,0.006331900867337016,5.0480515694387,0.972095804834837
beta_quartz,0.25,1,180,0.007125513351514988,4.998617965997039,0.9625764491265018
beta_quartz,0.25,1,180,0.008018593718756654,4.942609497020182,0.9517909813120993
beta_quartz,0.25,1,180,0.00902360883413585,4.879397635076321,0.9396183667961469
beta_quartz,0.25,1,180,0.010154588104523677,4.806760459320695,0.925630733576515
beta_quartz,0.25,1,180,0.011427319320674952,4.72071589220021,0.9090612588839351
beta_quartz,0.25,1,180,0.01285956904529672,4.616175077163463,0.8889299891587061
beta_quartz,0.25,1,180,0.01447133062358375,4.488025225054089,0.8642523621748797
beta_quartz,0.25,1,180,0.016285103278298914,4.332000120195773,0.8342068391061547
beta_quartz,0.25,1,180,0.018326206185398135,4.145887996788134,0.7983675034922385
beta_quartz,0.25,1,180,0.020623131914506758,3.931225799504769,0.7570303224897493
beta_quartz,0.25,1,180,0.023207944168063883,3.693721275228177,0.7112944284516779
beta_quartz,0.25,1,180,0.026116725371334214,3.4416365877849397,0.6627508540139231
beta_quartz,0.25,1,180,0.029390080361374554,3.1835073373809006,0.6130432870504524
beta_quartz,0.25,1,180,0.03307370320615074,2.9266121474772087,0.5635733612875119
beta_quartz,0.25,1,180,0.03721901506625844,2.6766040947394405,0.5154296813154917
beta_quartz,0.25,1,180,0.04188388200341457,2.4376187887590723,0.4694086353406152
beta_quartz,0.25,1,180,0.047133422755894265,2.212412900515505,0.42604107140544384
beta_quartz,0.25,1,180,0.05304091775697241,2.0028455570277353,0.38568499884307617
beta_quartz,0.25,1,180,0.05968883208572181,1.8103759450480055,0.34862141108252404
beta_quartz,0.25,1,180,0.067169966629945,1.6360661965263483,0.3150548412983411
beta_quartz,0.25,1,180,0.0755887535307831,1.4803842951904052,0.2850754084229735
beta_quartz,0.25,1,180,0.08506271399262945,1.3431651810244611,0.2586513270939671
beta_quartz,0.25,1,180,0.09572409880849786,1.223715971913873,0.23564917002999855
beta_quartz,0.25,1,180,0.10772173450159415,1.1209556011026522,0.21586075780901023
beta_quartz,0.25,1,180,0.1212231008541164,1.0335379835533134,0.19902687683147946
beta_quartz,0.25,1,180,0.1364166688243384,0.9599530428021196,0.18485673391211757
beta_quartz,0.25,1,180,0.15351453148789246,0.8986062685936389,0.17304327657557833
beta_quartz,0.25,1,180,0.1727553647296109,0.847836304839695,0.16326657994363142
beta_quartz,0.25,1,180,0.19440775901540433,0.805724494516225,0.15515717107838137
beta_quartz,0.25,1,180,0.2187739687537092,0.7695486076582838,0.14819083419234705
beta_quartz,0.25,1,180,0.24619413158533693,0.735190918600373,0.14157462496040996
beta_quartz,0.25,1,180,0.27705101650047453,0.6974289193008042,0.13430285275358034
beta_quartz,0.25,1,180,0.3117753670636956,0.6516568818302543,0.1254885993744668
beta_quartz,0.25,1,180,0.35085191433519125,0.5960424045991527,0.11477900196628348
beta_quartz,0.25,1,180,0.3948261434249862,0.5322918804403428,0.10250265806639504
beta_quartz,0.25,1,180,0.4443119081371701,0.46447798777447025,0.08944383731878042
beta_quartz,0.25,1,180,0.5,0.3971207954787355,0.07647296268418993
beta_quartz,0.25,2,180,0.004999999999999999,5.123689720198488,0.9866613313607934
beta_quartz,0.25,2,180,0.005626677913003822,5.0836101068345325,0.9789432596504373
beta_quartz,0.25,2,180,0.006331900867337016,5.033557294886719,0.969304663878313
beta_quartz,0.25,2,180,0.007125513351514988,4.975131788532494,0.9580537507604409
beta_quartz,0.25,2,180,0.008018593718756654,4.909949385594493,0.9455016720874154
beta_quartz,0.25,2,180,0.00902360883413585,4.838635253231692,0.9317688153719631
beta_quartz,0.25,2,180,0.010154588104523677,4.759905740654304,0.9166079898850555
beta_quartz,0.25,2,180,0.011427319320674952,4.669967917078951,0.8992887965703769
beta_quartz,0.25,2,180,0.01285956904529672,4.562546347791672,0.8786027842710711
beta_quartz,0.25,2,180,0.01447133062358375,4.4301202185413295,0.8531016809396152
beta_quartz,0.25,2,180,0.016285103278298914,4.2666268755287495,0.8216180103243755
beta_quartz,0.25,2,180,0.018326206185398135,4.0704674202843725,0.7838438749181185
beta_quartz,0.25,2,180,0.020623131914506758,3.845625136009312,0.7405463296599643
beta_quartz,0.25,2,180,0.023207944168063883,3.600042845258116,0.6932549121106164
beta_quartz,0.25,2,180,0.026116725371334214,3.3429883928039397,0.6437543173945038
beta_quartz,0.25,2,180,0.029390080361374554,3.0832007516590427,0.5937273965853386
beta_quartz,0.25,2,180,0.03307370320615074,2.8278092334994973,0.5445470306603329
beta_quartz,0.25,2,180,0.03721901506625844,2.5818041384313797,0.4971741943106633
beta_quartz,0.25,2,180,0.04188388200341457,2.348223223635266,0.45219386393182104
beta_quartz,0.25,2,180,0.047133422755894265,2.128969254328324,0.4099724522000143
beta_quartz,0.25,2,180,0.05304091775697241,1.9256713856270908,0.3708236831001166
beta_quartz,0.25,2,180,0.05968883208572181,1.7397634656939835,0.33502367064647226
beta_quartz,0.25,2,180,0.067169966629945,1.5720998165511395,0.30273693036398713
beta_quartz,0.25,2,180,0.0755887535307831,1.4228440643400466,0.27399497149608193
beta_quartz,0.25,2,180,0.08506271399262945,1.2915962591381231,0.24872077627926165
beta_quartz,0.25,2,180,0.09572409880849786,1.1775418614879398,0.2267574900581117
beta_quartz,0.25,2,180,0.10772173450159415,1.0795622986941638,0.2078897109474534
beta_quartz,0.25,2,180,0.1212231008541164,0.9963205124936324,0.19185996362030944
beta_quartz,0.25,2,180,0.1364166688243384,0.9263379827814157,0.17838353165261076
beta_quartz,0.25,2,180,0.15351453148789246,0.8680617159978196,0.16716135737754315
beta_quartz,0.25,2,180,0.1727553647296109,0.8198693230786793,0.157881019738905
beta_quartz,0.25,2,180,0.19440775901540433,0.7798539629444523,0.1501753211777149
beta_quartz,0.25,2,180,0.2187739687537092,0.7452535715863813,0.14351237512374573
beta_quartz,0.25,2,180,0.24619413158533693,0.711889192395172,0.13708744609983334
beta_quartz,0.25,2,180,0.27705101650047453,0.674575473002368,0.12990199848988304
beta_quartz,0.25,2,180,0.3117753670636956,0.628965776307578,0.12111900683321807
beta_quartz,0.25,2,180,0.35085191433519125,0.573664623242498,0.11046974579504867
beta_quartz,0.25,2,180,0.3948261434249862,0.5107581178084737,0.09835593332937403
beta_quartz,0.25,2,180,0.4443119081371701,0.4444391981037181,0.08558499730794594
beta_quartz,0.25,2,180,0.5,0.37909442873439086,0.07300165197201745
beta_quartz,0.5,0,360,0.004999999999999999,5.754073339637153,0.9775690862567927
beta_quartz,0.5,0,360,0.005626677913003822,5.693581109328588,0.9672919606767235
beta_quartz,0.5,0,360,0.006331900867337016,5.624070866023565,0.9554827498755516
beta_quartz,0.5,0,360,0.007125513351514988,5.547974771253231,0.9425546578194575
beta_quartz,0.5,0,360,0.008018593718756654,5.466051810588673,0.9286366298289846
beta_quartz,0.5,0,360,0.00902360883413585,5.376521535011087,0.9134261824601964
beta_quartz,0.5,0,360,0.010154588104523677,5.274643036316546,0.8961178749362056
beta_quartz,0.5,0,360,0.011427319320674952,5.153042114927904,0.8754588922306819
beta_quartz,0.5,0,360,0.01285956904529672,5.003541332502978,0.8500599557480568
beta_quartz,0.5,0,360,0.01447133062358375,4.820146532147394,0.818902708207802
beta_quartz,0.5,0,360,0.016285103278298914,4.601285235109597,0.78171999858045
beta_quartz,0.5,0,360,0.018326206185398135,4.350533897369308,0.7391194369185266
beta_quartz,0.5,0,360,0.020623131914506758,4.07601105023487,0.6924802940036834
beta_quartz,0.5,0,360,0.023207944168063883,3.7880907460762145,0.6435650348407017
beta_quartz,0.5,0,360,0.026116725371334214,3.4966816282566007,0.5940570553244411
beta_quartz,0.5,0,360,0.029390080361374554,3.2095976677271363,0.5452838839711077
beta_quartz,0.5,0,360,0.03307370320615074,2.9323198295375823,0.4981766910455282
beta_quartz,0.5,0,360,0.03721901506625844,2.6685540285772507,0.45336508058961383
beta_quartz,0.5,0,360,0.04188388200341457,2.4207322210047684,0.4112622216784663
beta_quartz,0.5,0,360,0.047133422755894265,2.1904081289755224,0.3721320787522461
beta_quartz,0.5,0,360,0.05304091775697241,1.9786389744826134,0.33615426501307305
beta_quartz,0.5,0,360,0.05968883208572181,1.786118772248401,0.30344668777598144
beta_quartz,0.5,0,360,0.067169966629945,1.613099400149685,0.27405213899222686
beta_quartz,0.5,0,360,0.0755887535307831,1.4593538487383724,0.24793205164925233
beta_quartz,0.5,0,360,0.08506271399262945,1.3242427461221635,0.22497780179327048
beta_quartz,0.5,0,360,0.09572409880849786,1.2068091024753744,0.2050268048317273
beta_quartz,0.5,0,360,0.10772173450159415,1.1058556608248646,0.18787565678692492
beta_quartz,0.5,0,360,0.1212231008541164,1.0200050153148337,0.1732903478879791
beta_quartz,0.5,0,360,0.1364166688243384,0.9477557313173693,0.1610157969097042
beta_quartz,0.5,0,360,0.15351453148789246,0.8875361424056482,0.15078499082983188
beta_quartz,0.5,0,360,0.1727553647296109,0.8377088681599458,0.14231975236658534
beta_quartz,0.5,0,360,0.19440775901540433,0.7963716580296105,0.13529690501127772
beta_quartz,0.5,0,360,0.2187739687537092,0.76080353966724,0.12925417824798474
beta_quartz,0.5,0,360,0.24619413158533693,0.7268767030407002,0.12349029156754812
beta_quartz,0.5,0,360,0.27705101650047453,0.6893768676569433,0.11711938218786493
beta_quartz,0.5,0,360,0.3117753670636956,0.6437656736972841,0.10937042061396933
beta_quartz,0.5,0,360,0.35085191433519125,0.5883371829552829,0.09995358216771691
beta_quartz,0.5,0,360,0.3948261434249862,0.5249193694175263,0.08917942438883504
beta_quartz,0.5,0,360,0.4443119081371701,0.4576332737104579,0.07774807772089463
beta_quartz,0.5,0,360,0.5,0.3909657298005148,0.06642181784615737
beta_quartz,0.5,1,360,0.004999999999999999,5.747515003828114,0.9764548796824616
beta_quartz,0.5,1,360,0.005626677913003822,5.685609825630424,0.9659377060363753
beta_quartz,0.5,1,360,0.006331900867337016,5.614203782438423,0.9538064146404928
beta_quartz,0.5,1,360,0.007125513351514988,5.535636939717035,0.9404585631071871
beta_quartz,0.5,1,360,0.008018593718756654,5.451105668607178,0.9260974049186473
beta_quartz,0.5,1,360,0.00902360883413585,5.359567447204021,0.9105458242951896
beta_quartz,0.5,1,360,0.010154588104523677,5.256892543115249,0.8931022141346884
beta_quartz,0.5,1,360,0.011427319320674952,5.135905602621707,0.8725475416642232
beta_quartz,0.5,1,360,0.01285956904529672,4.988216902232896,0.8474564628114383
beta_quartz,0.5,1,360,0.01447133062358375,4.807543657473652,0.8167615848762395
beta_quartz,0.5,1,360,0.016285103278298914,4.5923868261252325,0.7802082330838127
beta_quartz,0.5,1,360,0.018326206185398135,4.346519161868293,0.738437366829455
beta_quartz,0.5,1,360,0.020623131914506758,4.077658599618061,0.6927601989075703
beta_quartz,0.5,1,360,0.023207944168063883,3.795406223582598,0.6448078734768006
beta_quartz,0.5,1,360,0.026116725371334214,3.5091009558718533,0.5961669955410758
beta_quartz,0.5,1,360,0.029390080361374554,3.226193877058792,0.5481034415669267
beta_quartz,0.5,1,360,0.03307370320615074,2.9519033565172927,0.5015037690032186
beta_quartz,0.5,1,360,0.03721901506625844,2.689953600267103,0.4570006894024231
beta_quartz,0.5,1,360,0.04188388200341457,2.443227420154647,0.41508396846202367
beta_quartz,0.5,1,360,0.047133422755894265,2.2138026671581326,0.37610661573929394
beta_quartz,0.5,1,360,0.05304091775697241,2.0029133263524677,0.3402782750102042
beta_quartz,0.5,1,360,0.05968883208572181,1.8111086230592846,0.3076922550777756
beta_quartz,0.5,1,360,0.067169966629945,1.6384429481580995,0.27835779649895814
beta_quartz,0.5,1,360,0.0755887535307831,1.4846020513056477,0.2522215107604694
beta_quartz,0.5,1,360,0.08506271399262945,1.3489760858571223,0.22917979000190655
beta_quartz,0.5,1,360,0.09572409880849786,1.2307031275592064,0.2090862004788588
beta_quartz,0.5,1,360,0.10772173450159415,1.1287012181354232,0.19175692650089737
beta_quartz,0.5,1,360,0.1212231008541164,1.0417020520379292,0.17697649352984435
beta_quartz,0.5,1,360,0.1364166688243384,0.9682940871373997,0.16450509232655233
beta_quartz,0.5,1,360,0.15351453148789246,0.9069708591111904,0.1540867871626354
beta_quartz,0.5,1,360,0.1727553647296109,0.856133455646652,0.14544993616698393
beta_quartz,0.5,1,360,0.19440775901540433,0.8138897128474665,0.13827307646938564
beta_quartz,0.5,1,360,0.2187739687537092,0.7775019108664687,0.13209109229333754
beta_quartz,0.5,1,360,0.24619413158533693,0.7428100575222065,0.12619723565082844
beta_quartz,0.5,1,360,0.27705101650047453,0.7045639765048042,0.11969954535975491
beta_quartz,0.5,1,360,0.3117753670636956,0.6581757000579923,0.11181856395015805
beta_quartz,0.5,1,360,0.35085191433519125,0.6018621734208055,0.10225136528423286
beta_quartz,0.5,1,360,0.3948261434249862,0.5373784823746292,0.0912961238033429
beta_quartz,0.5,1,360,0.4443119081371701,0.46883484758852156,0.07965113173050987
beta_quartz,0.5,1,360,0.5,0.40078268319902527,0.06808963638046416
beta_quartz,0.5,2,360,0.004999999999999999,5.7434708865693525,0.9757678178777172
beta_quartz,0.5,2,360,0.005626677913003822,5.67856231505216,0.96474039274721
beta_quartz,0.5,2,360,0.006331900867337016,5.60424868630374,0.9521151268070648
beta_quartz,0.5,2,360,0.007125513351514988,5.5234048344044515,0.9383804303988242
beta_quartz,0.5,2,360,0.008018593718756654,5.437177049014676,0.9237310485786847
beta_quartz,0.5,2,360,0.00902360883413585,5.343975221397232,0.9078968351296094
beta_quartz,0.5,2,360,0.010154588104523677,5.239074762003413,0.8900751216781783
beta_quartz,0.5,2,360,0.011427319320674952,5.115145442704378,0.8690205635805188
beta_quartz,0.5,2,360,0.01285956904529672,4.9642879845685,0.8433911392057832
beta_quartz,0.5,2,360,0.01447133062358375,4.7809320847975085,0.81224050055052
beta_quartz,0.5,2,360,0.016285103278298914,4.5636337909607905,0.7753233321356114
beta_quartz,0.5,2,360,0.018326206185398135,4.315610479192004,0.7331862393415377
beta_quartz,0.5,2,360,0.020623131914506758,4.0443749724191465,0.6871055881461776
beta_quartz,0.5,2,360,0.023207944168063883,3.759776216624396,0.6387546323570673
beta_quartz,0.5,2,360,0.026116725371334214,3.471585153671333,0.5897933735323466
beta_quartz,0.5,2,360,0.029390080361374554,3.187833778108322,0.5415863805796408
beta_quartz,0.5,2,360,0.03307370320615074,2.914184014332845,0.4950955672482192
beta_quartz,0.5,2,360,0.03721901506625844,2.654248219861952,0.45093464296247354
beta_quartz,0.5,2,360,0.04188388200341457,2.4102265447308726,0.40947739486980606
beta_quartz,0.5,2,360,0.047133422755894265,2.1834330331506604,0.3709470681259314
beta_quartz,0.5,2,360,0.05304091775697241,1.9746508002726402,0.33547670746589686
beta_quartz,0.5,2,360,0.05968883208572181,1.784324441686296,0.30314184597357396
beta_quartz,0.5,2,360,0.067169966629945,1.6126224367970245,0.27397110689525545
beta_quartz,0.5,2,360,0.0755887535307831,1.4594264021950942,0.24794437787664045
beta_quartz,0.5,2,360,0.08506271399262945,1.3243042521065502,0.22498825114721635
beta_quartz,0.5,2,360,0.09572409880849786,1.2065065762709362,0.2049754081518824
beta_quartz,0.5,2,360,0.10772173450159415,1.104996869261981,0.18772975526050012
beta_quartz,0.5,2,360,0.1212231008541164,1.0185068479665524,0.1730358217463621
beta_quartz,0.5,2,360,0.1364166688243384,0.9456045908736191,0.1606503360832804
beta_quartz,0.5,2,360,0.15351453148789246,0.8847606095748471,0.15031345094267204
beta_quartz,0.5,2,360,0.1727553647296109,0.8343584206193932,0.14175053926354625
beta_quartz,0.5,2,360,0.19440775901540433,0.7924937358374506,0.13463807836271022
beta_quartz,0.5,2,360,0.2187739687537092,0.75641892641926,0.12850926901353144
beta_quartz,0.5,2,360,0.24619413158533693,0.7219719605924729,0.12265701671851036
beta_quartz,0.5,2,360,0.27705101650047453,0.6839389274129871,0.11619552147882875
beta_quartz,0.5,2,360,0.3117753670636956,0.63785271185101,0.10836585769515572
beta_quartz,0.5,2,360,0.35085191433519125,0.582130398111043,0.09889910117127573
beta_quartz,0.5,2,360,0.3948261434249862,0.5186990080709577,0.08812263685784129
beta_quartz,0.5,2,360,0.4443119081371701,0.4516931959514874,0.07673890803459076
beta_quartz,0.5,2,360,0.5,0.38553369540887983,0.06549896049219098
beta_quartz,0.75,0,540,0.004999999999999999,6.117158084291458,0.9722786078642527
beta_quartz,0.75,0,540,0.005626677913003822,6.040436170853652,0.9600842074315504
beta_quartz,0.75,0,540,0.006331900867337016,5.954724756061134,0.9464609899334535
beta_quartz,0.75,0,540,0.007125513351514988,5.863308101084636,0.9319309652371158
beta_quartz,0.75,0,540,0.008018593718756654,5.766456818160481,0.916537145225634
beta_quartz,0.75,0,540,0.00902360883413585,5.660461357556391,0.8996899234510782
beta_quartz,0.75,0,540,0.010154588104523677,5.537926673485958,0.880213910178015
beta_quartz,0.75,0,540,0.011427319320674952,5.38976484970891,0.8566646459975613
beta_quartz,0.75,0,540,0.01285956904529672,5.208396618482572,0.8278374604094728
beta_quartz,0.75,0,540,0.01447133062358375,4.990450743501682,0.7931965194698664
beta_quartz,0.75,0,540,0.016285103278298914,4.73787589976813,0.7530515511589431
beta_quartz,0.75,0,540,0.018326206185398135,4.45755137952708,0.7084959698686563
beta_quartz,0.75,0,540,0.020623131914506758,4.1593910934766365,0.6611055209302895
beta_quartz,0.75,0,540,0.023207944168063883,3.8537553884782745,0.6125269075162408
beta_quartz,0.75,0,540,0.026116725371334214,3.549497334435914,0.5641672618867692
beta_quartz,0.75,0,540,0.029390080361374554,3.253126233192694,0.5170611911007418
beta_quartz,0.75,0,540,0.03307370320615074,2.969032473269547,0.47190651607112094
beta_quartz,0.75,0,540,0.03721901506625844,2.7001891151620323,0.42917578353936525
beta_quartz,0.75,0,540,0.04188388200341457,2.4486040548158274,0.3891881342319197
beta_quartz,0.75,0,540,0.047133422755894265,2.21555905588306,0.3521472953309381
beta_quartz,0.75,0,540,0.05304091775697241,2.0018419691096065,0.3181784900881085
beta_quartz,0.75,0,540,0.05968883208572181,1.8078724390105843,0.2873484180033187
beta_quartz,0.75,0,540,0.067169966629945,1.633705475949288,0.2596658225811021
beta_quartz,0.75,0,540,0.0755887535307831,1.4790212255633584,0.23507986525396243
beta_quartz,0.75,0,540,0.08506271399262945,1.3431510150449704,0.21348426525266828
beta_quartz,0.75,0,540,0.09572409880849786,1.2251259522803801,0.1947250240925408
beta_quartz,0.75,0,540,0.10772173450159415,1.1237314317895328,0.17860908890344337
beta_quartz,0.75,0,540,0.1212231008541164,1.037564376542422,0.16491345060784962
beta_quartz,0.75,0,540,0.1364166688243384,0.9650947033313021,0.15339491340296285
beta_quartz,0.75,0,540,0.15351453148789246,0.9047243933729399,0.14379948361124634
beta_quartz,0.75,0,540,0.1727553647296109,0.8547941052492434,0.13586342076012717
beta_quartz,0.75,0,540,0.19440775901540433,0.8133832072220352,0.12928145414597417
beta_quartz,0.75,0,540,0.2187739687537092,0.7777544372820494,0.12361851551338895
beta_quartz,0.75,0,540,0.24619413158533693,0.743762954866101,0.11821581204435663
beta_quartz,0.75,0,540,0.27705101650047453,0.7061611885586642,0.11223927972414176
beta_quartz,0.75,0,540,0.3117753670636956,0.6603280976027446,0.10495443711345764
beta_quartz,0.75,0,540,0.35085191433519125,0.6044194290454887,0.09606815337134164
beta_quartz,0.75,0,540,0.3948261434249862,0.5401407395973568,0.08585151456116329
beta_quartz,0.75,0,540,0.4443119081371701,0.4715989846390539,0.07495729192163993
beta_quartz,0.75,0,540,0.5,0.40338727911589384,0.06411552828365046
beta_quartz,0.75,1,540,0.004999999999999999,6.110391625762849,0.9712031275860397
beta_quartz,0.75,1,540,0.005626677913003822,6.030277371036619,0.9584695387230466
beta_quartz,0.75,1,540,0.006331900867337016,5.940385265552684,0.9441818302849819
beta_quartz,0.75,1,540,0.007125513351514988,5.844169347281589,0.9288889969493144
beta_quartz,0.75,1,540,0.008018593718756654,5.742341114679768,0.9127041263163946
beta_quartz,0.75,1,540,0.00902360883413585,5.631964149143432,0.8951604956118794
beta_quartz,0.75,1,540,0.010154588104523677,5.506536175310025,0.8752246145858287
beta_quartz,0.75,1,540,0.011427319320674952,5.357493246304975,0.8515353050194854
beta_quartz,0.75,1,540,0.01285956904529672,5.177071286416487,0.8228585225052342
beta_quartz,0.75,1,540,0.01447133062358375,4.961161791344207,0.7885412496146373
beta_quartz,0.75,1,540,0.016285103278298914,4.710747610221689,0.7487397032010351
beta_quartz,0.75,1,540,0.018326206185398135,4.431901003768581,0.7044190257566983
beta_quartz,0.75,1,540,0.020623131914506758,4.134287870544794,0.6571155428540723
beta_quartz,0.75,1,540,0.023207944168063883,3.8285438095017525,0.6085197070202623
beta_quartz,0.75,1,540,0.026116725371334214,3.5239551622387855,0.5601075159584392
beta_quartz,0.75,1,540,0.029390080361374554,3.227377354027328,0.5129685905754658
beta_quartz,0.75,1,540,0.03307370320615074,2.943413770715907,0.4678346061889642
beta_quartz,0.75,1,540,0.03721901506625844,2.675080263345881,0.4251849107921711
beta_quartz,0.75,1,540,0.04188388200341457,2.424278186293898,0.38532171108972135
beta_quartz,0.75,1,540,0.047133422755894265,2.1921537723946383,0.34842719260787325
beta_quartz,0.75,1,540,0.05304091775697241,1.9794125630772248,0.31461349612001294
beta_quartz,0.75,1,540,0.05968883208572181,1.7864301767049966,0.28394032348350023
beta_quartz,0.75,1,540,0.067169966629945,1.6132191942034828,0.25640967434663425
beta_quartz,0.75,1,540,0.0755887535307831,1.4594156722604383,0.23196370251807993
beta_quartz,0.75,1,540,0.08506271399262945,1.3243193366875208,0.2104911044147709
beta_quartz,0.75,1,540,0.09572409880849786,1.2069505796596947,0.19183617836621672
beta_quartz,0.75,1,540,0.10772173450159415,1.10610253060875,0.17580710091129992
beta_quartz,0.75,1,540,0.1212231008541164,1.020389666452938,0.16218365304725416
beta_quartz,0.75,1,540,0.1364166688243384,0.9483007451827973,0.15072563364524508
beta_quartz,0.75,1,540,0.15351453148789246,0.8882530751593203,0.14118148516789203
beta_quartz,0.75,1,540,0.1727553647296109,0.8385981397308347,0.13328918766196787
beta_quartz,0.75,1,540,0.19440775901540433,0.7974224756188738,0.12674460979933763
beta_quartz,0.75,1,540,0.2187739687537092,0.7619935586427459,0.12111343636863207
beta_quartz,0.75,1,540,0.24619413158533693,0.7281737622944107,0.1157380211744013
beta_quartz,0.75,1,540,0.27705101650047453,0.6907439599949532,0.10978882130562499
beta_quartz,0.75,1,540,0.3117753670636956,0.6451646574552341,0.10254431655193189
beta_quartz,0.75,1,540,0.35085191433519125,0.5897274842632949,0.09373297363218595
beta_quartz,0.75,1,540,0.3948261434249862,0.5262569895684746,0.08364479160844424
beta_quartz,0.75,1,540,0.4443119081371701,0.45887624077364075,0.07293510261032507
beta_quartz,0.75,1,540,0.5,0.3920825903064351,0.06231872870016017
beta_quartz,0.75,2,540,0.004999999999999999,6.1091217755445975,0.9710012939591519
beta_quartz,0.75,2,540,0.005626677913003822,6.028546533220265,0.9581944344083739
beta_quartz,0.75,2,540,0.006331900867337016,5.938590604249124,0.9438965816826459
beta_quartz,0.75,2,540,0.007125513351514988,5.842623792027822,0.9286433419752556
beta_quartz,0.75,2,540,0.008018593718756654,5.740927004486773,0.9124793635963756
beta_quartz,0.75,2,540,0.00902360883413585,5.629761738421386,0.8948104381503476
beta_quartz,0.75,2,540,0.010154588104523677,5.501587589387595,0.8744380721808005
beta_quartz,0.75,2,540,0.011427319320674952,5.3470390117279,0.8498736790649449
beta_quartz,0.75,2,540,0.01285956904529672,5.158645179858418,0.8199298244095214
beta_quartz,0.75,2,540,0.01447133062358375,4.934116262951688,0.7842425559513239
beta_quartz,0.75,2,540,0.016285103278298914,4.6768480853488885,0.7433516157270127
beta_quartz,0.75,2,540,0.018326206185398135,4.394245181058888,0.6984339015572467
beta_quartz,0.75,2,540,0.020623131914506758,4.095808187784701,0.6509994719810445
beta_quartz,0.75,2,540,0.023207944168063883,3.7913751259467534,0.6026120101118232
beta_quartz,0.75,2,540,0.026116725371334214,3.489425295649247,0.5546192401684726
beta_quartz,0.75,2,540,0.029390080361374554,3.1961124951862514,0.5079992644586314
beta_quartz,0.75,2,540,0.03307370320615074,2.9154990959070664,0.4633977679075048
beta_quartz,0.75,2,540,0.03721901506625844,2.6502966662205663,0.4212457349561324
beta_quartz,0.75,2,540,0.04188388200341457,2.4022881560022347,0.381826552758964
beta_quartz,0.75,2,540,0.047133422755894265,2.172622017363046,0.3453227595803816
beta_quartz,0.75,2,540,0.05304091775697241,1.962079885879647,0.3118585908152936
beta_quartz,0.75,2,540,0.05968883208572181,1.7711290449323318,0.2815083178211196
beta_quartz,0.75,2,540,0.067169966629945,1.5998434222669644,0.2542836908853037
beta_quartz,0.75,2,540,0.0755887535307831,1.4478790935044714,0.23013004568302578
beta_quartz,0.75,2,540,0.08506271399262945,1.314526859887779,0.20893466013473092
beta_quartz,0.75,2,540,0.09572409880849786,1.1987853528948011,0.1905383738624794
beta_quartz,0.75,2,540,0.10772173450159415,1.0994247611135153,0.17474571712180165
beta_quartz,0.75,2,540,0.1212231008541164,1.015042305643197,0.1613337282206923
beta_quartz,0.75,2,540,0.1364166688243384,0.9441184356555614,0.15006088540288062
beta_quartz,0.75,2,540,0.15351453148789246,0.8850716496711006,0.14067582029834202
beta_quartz,0.75,2,540,0.1727553647296109,0.8362631911253464,0.13291806425003438
beta_quartz,0.75,2,540,0.19440775901540433,0.7957970855570031,0.12648626565246163
beta_quartz,0.75,2,540,0.2187739687537092,0.7609649225561466,0.12094994200597273
beta_quartz,0.75,2,540,0.24619413158533693,0.7276548299277936,0.11565554057932141
beta_quartz,0.75,2,540,0.27705101650047453,0.690664369120452,0.10977617090431242
beta_quartz,0.75,2,540,0.3117753670636956,0.6454520548074746,0.1025899963093764
beta_quartz,0.75,2,540,0.35085191433519125,0.5902924680884472,0.09382277377784436
beta_quartz,0.75,2,540,0.3948261434249862,0.5269958569357411,0.08376222930178864
beta_quartz,0.75,2,540,0.4443119081371701,0.45968888087431664,0.07306426595299048
beta_quartz,0.75,2,540,0.5,0.3928898000257941,0.06244702892248208
beta_tridymite,1.0,0,960,0.004999999999999999,6.551593499835231,0.9540785134260465
beta_tridymite,1.0,0,960,0.005626677913003822,6.435403782545275,0.9371583377847796
beta_tridymite,1.0,0,960,0.006331900867337016,6.300147803679437,0.9174616299149234
beta_tridymite,1.0,0,960,0.007125513351514988,6.14202953911493,0.894435592233403
beta_tridymite,1.0,0,960,0.008018593718756654,5.956350496773591,0.8673960048878431
beta_tridymite,1.0,0,960,0.00902360883413585,5.739425332040811,0.8358061880443292
beta_tridymite,1.0,0,960,0.010154588104523677,5.490169706531859,0.7995082344770572
beta_tridymite,1.0,0,960,0.011427319320674952,5.2113655764943765,0.7589072677153231
beta_tridymite,1.0,0,960,0.01285956904529672,4.909523778745913,0.7149514310638364
beta_tridymite,1.0,0,960,0.01447133062358375,4.593238300064396,0.6688922274019644
beta_tridymite,1.0,0,960,0.016285103278298914,4.271445430200066,0.6220310076210085
beta_tridymite,1.0,0,960,0.018326206185398135,3.9521237275820496,0.5755296525924749
beta_tridymite,1.0,0,960,0.020623131914506758,3.6414215934802296,0.5302835257945258
beta_tridymite,1.0,0,960,0.023207944168063883,3.3434026812444446,0.48688439842712783
beta_tridymite,1.0,0,960,0.026116725371334214,3.060384981143334,0.4456698287819695
beta_tridymite,1.0,0,960,0.029390080361374554,2.793562743656432,0.4068137300791245
beta_tridymite,1.0,0,960,0.03307370320615074,2.543556013948504,0.37040639665218855
beta_tridymite,1.0,0,960,0.03721901506625844,2.3107311833042106,0.3365011843835451
beta_tridymite,1.0,0,960,0.04188388200341457,2.095363781908788,0.30513821747038977
beta_tridymite,1.0,0,960,0.047133422755894265,1.8977181527641385,0.2763559909717181
beta_tridymite,1.0,0,960,0.05304091775697241,1.7180282167248604,0.25018856970874026
beta_tridymite,1.0,0,960,0.05968883208572181,1.5563890841820103,0.22664980417149555
beta_tridymite,1.0,0,960,0.067169966629945,1.4126317719872423,0.20571508611910758
beta_tridymite,1.0,0,960,0.0755887535307831,1.2862517200500823,0.18731093877969396
beta_tridymite,1.0,0,960,0.08506271399262945,1.1764125525262754,0.1713155645749751
beta_tridymite,1.0,0,960,0.09572409880849786,1.0820040245831664,0.157567283641952
beta_tridymite,1.0,0,960,0.10772173450159415,1.0017208063434835,0.14587600677730803
beta_tridymite,1.0,0,960,0.1212231008541164,0.9341398653745222,0.13603450429440495
beta_tridymite,1.0,0,960,0.1364166688243384,0.8777891979475638,0.12782841504136597
beta_tridymite,1.0,0,960,0.15351453148789246,0.8312029443772875,0.12104427259517545
beta_tridymite,1.0,0,960,0.1727553647296109,0.7929239019954929,0.11546987121451688
beta_tridymite,1.0,0,960,0.19440775901540433,0.7613132219760572,0.11086655286118983
beta_tridymite,1.0,0,960,0.2187739687537092,0.7340008188497554,0.10688917285837217
beta_tridymite,1.0,0,960,0.24619413158533693,0.7072355249604555,0.1029914658645001
beta_tridymite,1.0,0,960,0.27705101650047453,0.6760565510084066,0.09845101488580792
beta_tridymite,1.0,0,960,0.3117753670636956,0.6359309804693674,0.09260771207844948
beta_tridymite,1.0,0,960,0.35085191433519125,0.5849642493947791,0.08518566078374519
beta_tridymite,1.0,0,960,0.3948261434249862,0.5248154305423632,0.07642646415829998
beta_tridymite,1.0,0,960,0.4443119081371701,0.4596235020552473,0.06693286260626094
beta_tridymite,1.0,0,960,0.5,0.3940748598186736,0.0573873144669054
beta_tridymite,0.25,0,240,0.004999999999999999,5.357560734925573,0.9775430948584791
beta_tridymite,0.25,0,240,0.005626677913003822,5.30390681824812,0.9677533755524068
beta_tridymite,0.25,0,240,0.006331900867337016,5.237381999882823,0.9556152253666741
beta_tridymite,0.25,0,240,0.007125513351514988,5.156745743053516,0.9409022953676045
beta_tridymite,0.25,0,240,0.008018593718756654,5.060211575031291,0.9232886248863971
beta_tridymite,0.25,0,240,0.00902360883413585,4.945160974060536,0.9022964371907699
beta_tridymite,0.25,0,240,0.010154588104523677,4.8082456206326745,0.8773147963012853
beta_tridymite,0.25,0,240,0.011427319320674952,4.646298382281837,0.8477658257130012
beta_tridymite,0.25,0,240,0.01285956904529672,4.457729130378167,0.8133593897953648
beta_tridymite,0.25,0,240,0.01447133062358375,4.243668690271816,0.7743018194827741
beta_tridymite,0.25,0,240,0.016285103278298914,4.00835278050864,0.7313659660075584
beta_tridymite,0.25,0,240,0.018326206185398135,3.7584810352434284,0.685774247822839
beta_tridymite,0.25,0,240,0.020623131914506758,3.5017551334569776,0.6389319169600892
beta_tridymite,0.25,0,240,0.023207944168063883,3.245247963306724,0.5921294959763255
beta_tridymite,0.25,0,240,0.026116725371334214,2.994352365182503,0.5463509651091196
beta_tridymite,0.25,0,240,0.029390080361374554,2.7526514995334312,0.502250109528273
beta_tridymite,0.25,0,240,0.03307370320615074,2.5223568098639997,0.4602304302736137
beta_tridymite,0.25,0,240,0.03721901506625844,2.3048602422430027,0.42054590249078877
beta_tridymite,0.25,0,240,0.04188388200341457,2.1012209621372113,0.3833897820175911
beta_tridymite,0.25,0,240,0.047133422755894265,1.912431191275567,0.34894311010538204
beta_tridymite,0.25,0,240,0.05304091775697241,1.7393763760366605,0.3173674457240145
beta_tridymite,0.25,0,240,0.05968883208572181,1.5826503944964514,0.2887711481513511
beta_tridymite,0.25,0,240,0.067169966629945,1.442431137512696,0.2631866754384046
beta_tridymite,0.25,0,240,0.0755887535307831,1.3184714248155924,0.2405689269548911
beta_tridymite,0.25,0,240,0.08506271399262945,1.2101603385162605,0.22080643433053007
beta_tridymite,0.25,0,240,0.09572409880849786,1.1166028693041372,0.20373589373832598
beta_tridymite,0.25,0,240,0.10772173450159415,1.0366925110972172,0.18915541154918147
beta_tridymite,0.25,0,240,0.1212231008541164,0.9691746106321275,0.17683606312841038
beta_tridymite,0.25,0,240,0.1364166688243384,0.9127065604318738,0.16653287567343014
beta_tridymite,0.25,0,240,0.15351453148789246,0.8659128728725318,0.15799487705431875
beta_tridymite,0.25,0,240,0.1727553647296109,0.8273922151230962,0.15096637941230545
beta_tridymite,0.25,0,240,0.19440775901540433,0.7955295161411345,0.14515269611230575
beta_tridymite,0.25,0,240,0.2187739687537092,0.7679451098327251,0.14011963214034295
beta_tridymite,0.25,0,240,0.24619413158533693,0.7408474198677623,0.13517537466526025
beta_tridymite,0.25,0,240,0.27705101650047453,0.7092036978699042,0.12940164601054308
beta_tridymite,0.25,0,240,0.3117753670636956,0.6683486800181923,0.12194721990746395
beta_tridymite,0.25,0,240,0.35085191433519125,0.6161796097888245,0.11242842639468933
beta_tridymite,0.25,0,240,0.3948261434249862,0.5541657535531648,0.10111334851726464
beta_tridymite,0.25,0,240,0.4443119081371701,0.48642605931541066,0.08875353149862264
beta_tridymite,0.25,0,240,0.5,0.4178335492668518,0.0762381092991371
beta_tridymite,0.25,1,240,0.004999999999999999,5.425247802447848,0.9898933095814372
beta_tridymite,0.25,1,240,0.005626677913003822,5.391309098767362,0.9837008374709426
beta_tridymite,0.25,1,240,0.006331900867337016,5.344787884015048,0.975212554370558
beta_tridymite,0.25,1,240,0.007125513351514988,5.283347990118663,0.9640022019361523
beta_tridymite,0.25,1,240,0.008018593718756654,5.204027583670461,0.9495293626271483
beta_tridymite,0.25,1,240,0.00902360883413585,5.1026836730056635,0.9310381042023003
beta_tridymite,0.25,1,240,0.010154588104523677,4.973886545443578,0.9075377186882062
beta_tridymite,0.25,1,240,0.011427319320674952,4.812459973047237,0.8780837490590766
beta_tridymite,0.25,1,240,0.01285956904529672,4.616146258243604,0.8422642547356074
beta_tridymite,0.25,1,240,0.01447133062358375,4.3871864126335405,0.8004881317666365
beta_tridymite,0.25,1,240,0.016285103278298914,4.132027778006151,0.7539317652195408
beta_tridymite,0.25,1,240,0.018326206185398135,3.859669241962321,0.7042370964312253
beta_tridymite,0.25,1,240,0.020623131914506758,3.5794225662970973,0.6531031539137471
beta_tridymite,0.25,1,240,0.023207944168063883,3.299198551419851,0.6019733460944845
beta_tridymite,0.25,1,240,0.026116725371334214,3.0250241848225183,0.5519473599946473
beta_tridymite,0.25,1,240,0.029390080361374554,2.761245332529799,0.5038181444082515
beta_tridymite,0.25,1,240,0.03307370320615074,2.5108063521904924,0.4581229282405362
beta_tridymite,0.25,1,240,0.03721901506625844,2.275663162110635,0.41521858928137123
beta_tridymite,0.25,1,240,0.04188388200341457,2.057208445170029,0.3753592371152927
beta_tridymite,0.25,1,240,0.047133422755894265,1.8564930649957525,0.3387366128224513
beta_tridymite,0.25,1,240,0.05304091775697241,1.6742443966586875,0.30548343360627095
beta_tridymite,0.25,1,240,0.05968883208572181,1.5107903970374443,0.275659538635724
beta_tridymite,0.25,1,240,0.067169966629945,1.3659962237549041,0.24924032450617
beta_tridymite,0.25,1,240,0.0755887535307831,1.2392703822024238,0.2261178668283332
beta_tridymite,0.25,1,240,0.08506271399262945,1.1296353665087344,0.2061138094132835
beta_tridymite,0.25,1,240,0.09572409880849786,1.0358281795353277,0.18899770519888565
beta_tridymite,0.25,1,240,0.10772173450159415,0.9564010250791772,0.17450538859728087
beta_tridymite,0.25,1,240,0.1212231008541164,0.889809204458856,0.16235501314804132
beta_tridymite,0.25,1,240,0.1364166688243384,0.8344847952854034,0.15226049498195188
beta_tridymite,0.25,1,240,0.15351453148789246,0.7888929731519065,0.1439417893034366
beta_tridymite,0.25,1,240,0.1727553647296109,0.7515328651239681,0.1371250461188378
beta_tridymite,0.25,1,240,0.19440775901540433,0.7207444535618436,0.13150737781542213
beta_tridymite,0.25,1,240,0.2187739687537092,0.694156842426791,0.12665618956767674
beta_tridymite,0.25,1,240,0.24619413158533693,0.6680420126159913,0.12189126522654256
beta_tridymite,0.25,1,240,0.27705101650047453,0.6375165389970429,0.11632157270603355
beta_tridymite,0.25,1,240,0.3117753670636956,0.5982436022589795,0.10915581387984993
beta_tridymite,0.25,1,240,0.35085191433519125,0.5486471570684287,0.10010642276245302
beta_tridymite,0.25,1,240,0.3948261434249862,0.4906614834279177,0.08952632900850208
beta_tridymite,0.25,1,240,0.4443119081371701,0.4284533522228163,0.07817580362720801
beta_tridymite,0.25,1,240,0.5,0.36647135501349065,0.06686653876297022
beta_tridymite,0.25,2,240,0.004999999999999999,5.388702242739301,0.9832251892728907
beta_tridymite,0.25,2,240,0.005626677913003822,5.346466637332717,0.9755188605040489
beta_tridymite,0.25,2,240,0.006331900867337016,5.292725516172044,0.9657132298262479
beta_tridymite,0.25,2,240,0.007125513351514988,5.224860490854364,0.9533305448388016
beta_tridymite,0.25,2,240,0.008018593718756654,5.138748529848736,0.9376185152360345
beta_tridymite,0.25,2,240,0.00902360883413585,5.028949716931308,0.9175845713011775
beta_tridymite,0.25,2,240,0.010154588104523677,4.889802400080156,0.8921956852976635
beta_tridymite,0.25,2,240,0.011427319320674952,4.717530637172484,0.8607628970192807
beta_tridymite,0.25,2,240,0.01285956904529672,4.512377804421079,0.8233306130062507
beta_tridymite,0.25,2,240,0.01447133062358375,4.279054281127289,0.7807582913194364
beta_tridymite,0.25,2,240,0.016285103278298914,4.025323411659741,0.7344624354864768
beta_tridymite,0.25,2,240,0.018326206185398135,3.76006182961035,0.6860626803193112
beta_tridymite,0.25,2,240,0.020623131914506758,3.4916415071762543,0.6370865798703478
beta_tridymite,0.25,2,240,0.023207944168063883,3.226835672190411,0.5887699805304354
beta_tridymite,0.25,2,240,0.026116725371334214,2.9702569784469857,0.5419545093176433
beta_tridymite,0.25,2,240,0.029390080361374554,2.7244678302262755,0.49710770374285956
beta_tridymite,0.25,2,240,0.03307370320615074,2.490676693870796,0.45445006115309416
beta_tridymite,0.25,2,240,0.03721901506625844,2.2696383321502784,0.4141192959244057
beta_tridymite,0.25,2,240,0.04188388200341457,2.062237764059966,0.37627688904607715
beta_tridymite,0.25,2,240,0.047133422755894265,1.8695115907892352,0.34111197926705267
beta_tridymite,0.25,2,240,0.05304091775697241,1.692438179251218,0.3088030798823727
beta_tridymite,0.25,2,240,0.05968883208572181,1.531779862348065,0.27948928651807886
beta_tridymite,0.25,2,240,0.067169966629945,1.3879549385485415,0.2532469221129044
beta_tridymite,0.25,2,240,0.0755887535307831,1.2609302126137647,0.23006992984768151
beta_tridymite,0.25,2,240,0.08506271399262945,1.1501996506328043,0.20986597853292513
beta_tridymite,0.25,2,240,0.09572409880849786,1.0548532287630095,0.19246902478293162
beta_tridymite,0.25,2,240,0.10772173450159415,0.9736880153104402,0.17765958110531818
beta_tridymite,0.25,2,240,0.1212231008541164,0.905321486543223,0.1651853915585402
beta_tridymite,0.25,2,240,0.1364166688243384,0.8482894924213032,0.15477930662581074
beta_tridymite,0.25,2,240,0.15351453148789246,0.8011207210002936,0.1461728700258519
beta_tridymite,0.25,2,240,0.1727553647296109,0.7623522188868114,0.13909915058260092
beta_tridymite,0.25,2,240,0.19440775901540433,0.7303532156756541,0.13326059714773153
beta_tridymite,0.25,2,240,0.2187739687537092,0.7027895349973392,0.12823131478415134
beta_tridymite,0.25,2,240,0.24619413158533693,0.6759714918703743,0.12333808180491838
beta_tridymite,0.25,2,240,0.27705101650047453,0.64501276319716,0.11768933735993017
beta_tridymite,0.25,2,240,0.3117753670636956,0.6054868998499529,0.11047742942363703
beta_tridymite,0.25,2,240,0.35085191433519125,0.555660463701147,0.10138607404596463
beta_tridymite,0.25,2,240,0.3948261434249862,0.49732939881776317,0.09074296004059705
beta_tridymite,0.25,2,240,0.4443119081371701,0.4346097610714469,0.079299104931078
beta_tridymite,0.25,2,240,0.5,0.3719819192747115,0.06787199895443649
beta_tridymite,0.5,0,480,0.004999999999999999,5.9733637464580704,0.9675365563252676
beta_tridymite,0.5,0,480,0.005626677913003822,5.88977599263356,0.9539974164169898
beta_tridymite,0.5,0,480,0.006331900867337016,5.790023279277688,0.9378399545812408
beta_tridymite,0.5,0,480,0.007125513351514988,5.672476029960655,0.9188002199129566
beta_tridymite,0.5,0,480,0.008018593718756654,5.534227278492338,0.8964073560946035
beta_tridymite,0.5,0,480,0.00902360883413585,5.371566240648076,0.8700603082528493
beta_tridymite,0.5,0,480,0.010154588104523677,5.180672787337145,0.839140310362044
beta_tridymite,0.5,0,480,0.011427319320674952,4.959314264755826,0.8032857279622072
beta_tridymite,0.5,0,480,0.01285956904529672,4.708964529979825,0.7627352892909071
beta_tridymite,0.5,0,480,0.01447133062358375,4.435438709791061,0.718430900446614
beta_tridymite,0.5,0,480,0.016285103278298914,4.147523214829861,0.6717957417100273
beta_tridymite,0.5,0,480,0.018326206185398135,3.854543111560553,0.6243402422258226
beta_tridymite,0.5,0,480,0.020623131914506758,3.56428194449294,0.5773251428714471
beta_tridymite,0.5,0,480,0.023207944168063883,3.2822737243741846,0.5316468159302981
beta_tridymite,0.5,0,480,0.026116725371334214,3.012191209472404,0.487900157015263
beta_tridymite,0.5,0,480,0.029390080361374554,2.7563528594079836,0.44646069899731744
beta_tridymite,0.5,0,480,0.03307370320615074,2.516024171281599,0.40753342097346545
beta_tridymite,0.5,0,480,0.03721901506625844,2.2917377179199065,0.3712045865132078
beta_tridymite,0.5,0,480,0.04188388200341457,2.0836757364263945,0.3375037135007765
beta_tridymite,0.5,0,480,0.047133422755894265,1.8919705186388807,0.3064522299279406
beta_tridymite,0.5,0,480,0.05304091775697241,1.7168256096314602,0.278083105040908
beta_tridymite,0.5,0,480,0.05968883208572181,1.5584511612757006,0.252430378222973
beta_tridymite,0.5,0,480,0.067169966629945,1.416893113955823,0.22950149067527992
beta_tridymite,0.5,0,480,0.0755887535307831,1.2918890783618886,0.20925394184702853
beta_tridymite,0.5,0,480,0.08506271399262945,1.1828232646991552,0.19158798908688965
beta_tridymite,0.5,0,480,0.09572409880849786,1.0887657168426341,0.17635300260151804
beta_tridymite,0.5,0,480,0.10772173450159415,1.0085504260884337,0.16336011794302574
beta_tridymite,0.5,0,480,0.1212231008541164,0.940858733481765,0.1523957451145135
beta_tridymite,0.5,0,480,0.1364166688243384,0.8842948270437146,0.14323379724555496
beta_tridymite,0.5,0,480,0.15351453148789246,0.8374468092007326,0.13564558199893775
beta_tridymite,0.5,0,480,0.1727553647296109,0.7988953723454386,0.12940120679602476
beta_tridymite,0.5,0,480,0.19440775901540433,0.7670319982678675,0.12424013164030584
beta_tridymite,0.5,0,480,0.2187739687537092,0.7395183473636125,0.11978360359718723
beta_tridymite,0.5,0,480,0.24619413158533693,0.7126346289876937,0.11542910897695284
beta_tridymite,0.5,0,480,0.27705101650047453,0.681428697412715,0.11037452317663557
beta_tridymite,0.5,0,480,0.3117753670636956,0.641324931674562,0.10387870925253367
beta_tridymite,0.5,0,480,0.35085191433519125,0.5903377532800567,0.09562005280794443
beta_tridymite,0.5,0,480,0.3948261434249862,0.5300366331974056,0.08585276915609588
beta_tridymite,0.5,0,480,0.4443119081371701,0.4645253215389685,0.07524156388336498
beta_tridymite,0.5,0,480,0.5,0.39851732257491695,0.0645499076041924
beta_tridymite,0.5,1,480,0.004999999999999999,5.971401961357028,0.9672187958670938
beta_tridymite,0.5,1,480,0.005626677913003822,5.889374905474384,0.9539324502596874
beta_tridymite,0.5,1,480,0.006331900867337016,5.7916004989507,0.9380954249921797
beta_tridymite,0.5,1,480,0.007125513351514988,5.676054510435303,0.9193798448650401
beta_tridymite,0.5,1,480,0.008018593718756654,5.538821870769481,0.8971515659197931
beta_tridymite,0.5,1,480,0.00902360883413585,5.375056240306452,0.8706256015104452
beta_tridymite,0.5,1,480,0.010154588104523677,5.180939797188443,0.839183559325776
beta_tridymite,0.5,1,480,0.011427319320674952,4.955658462896352,0.8026935788663447
beta_tridymite,0.5,1,480,0.01285956904529672,4.702253598472966,0.7616482850776224
beta_tridymite,0.5,1,480,0.01447133062358375,4.427068338835189,0.7170751082609109
beta_tridymite,0.5,1,480,0.016285103278298914,4.138515900963277,0.670336780593624
beta_tridymite,0.5,1,480,0.018326206185398135,3.8455284566584043,0.6228800920439996
beta_tridymite,0.5,1,480,0.020623131914506758,3.5558361485673986,0.5759571337141159
beta_tridymite,0.5,1,480,0.023207944168063883,3.2750030700071293,0.5304691505164509
beta_tridymite,0.5,1,480,0.026116725371334214,3.0065405319098586,0.48698488760562575
beta_tridymite,0.5,1,480,0.029390080361374554,2.7524382581638487,0.4458266308293806
beta_tridymite,0.5,1,480,0.03307370320615074,2.513652091056445,0.4071492028963839
beta_tridymite,0.5,1,480,0.03721901506625844,2.2905651733357772,0.37101466341506417
beta_tridymite,0.5,1,480,0.04188388200341457,2.0834089090029955,0.3374604940858327
beta_tridymite,0.5,1,480,0.047133422755894265,1.8924720272621178,0.30653346186808184
beta_tridymite,0.5,1,480,0.05304091775697241,1.7180818828425195,0.2782865900969039
beta_tridymite,0.5,1,480,0.05968883208572181,1.5604911927321894,0.25276081264719114
beta_tridymite,0.5,1,480,0.067169966629945,1.4197492801370342,0.229964118653176
beta_tridymite,0.5,1,480,0.0755887535307831,1.2955951419702862,0.20985423209778006
beta_tridymite,0.5,1,480,0.08506271399262945,1.1874129485361764,0.19233140386669884
beta_tridymite,0.5,1,480,0.09572409880849786,1.0942620234595137,0.17724326775233137
beta_tridymite,0.5,1,480,0.10772173450159415,1.0149541733079503,0.16439736593181975
beta_tridymite,0.5,1,480,0.1212231008541164,0.9481433728222964,0.1535756757466952
beta_tridymite,0.5,1,480,0.1364166688243384,0.8924082910119444,0.14454797688049598
beta_tridymite,0.5,1,480,0.15351453148789246,0.8463176654282971,0.1370824403672505
beta_tridymite,0.5,1,480,0.1727553647296109,0.808439587436223,0.13094713257481913
beta_tridymite,0.5,1,480,0.19440775901540433,0.7771563510893846,0.1258800253216108
beta_tridymite,0.5,1,480,0.2187739687537092,0.7501185834779079,0.12150057855159906
beta_tridymite,0.5,1,480,0.24619413158533693,0.7235915920614292,0.11720386483815938
beta_tridymite,0.5,1,480,0.27705101650047453,0.6926031904822003,0.1121845134939909
beta_tridymite,0.5,1,480,0.3117753670636956,0.6525399592944506,0.10569526516022873
beta_tridymite,0.5,1,480,0.35085191433519125,0.6013507026786695,0.09740387706315348
beta_tridymite,0.5,1,480,0.3948261434249862,0.5405435321977922,0.08755462581642723
beta_tridymite,0.5,1,480,0.4443119081371701,0.4742226120723788,0.07681228408166946
beta_tridymite,0.5,1,480,0.5,0.40717948629056744,0.06595296296922615
beta_tridymite,0.5,2,480,0.004999999999999999,6.027566011835578,0.9763159770025164
beta_tridymite,0.5,2,480,0.005626677913003822,5.961457089630093,0.9656079736650338
beta_tridymite,0.5,2,480,0.006331900867337016,5.8776002166152175,0.952025243132488
beta_tridymite,0.5,2,480,0.007125513351514988,5.772588277700194,0.9350159173884922
beta_tridymite,0.5,2,480,0.008018593718756654,5.64275736279651,0.9139865340054771
beta_tridymite,0.5,2,480,0.00902360883413585,5.484409975544592,0.8883381904142019
beta_tridymite,0.5,2,480,0.010154588104523677,5.294218372784909,0.8575318748796421
beta_tridymite,0.5,2,480,0.011427319320674952,5.0708419801928954,0.8213504476593444
beta_tridymite,0.5,2,480,0.01285956904529672,4.81666983190468,0.780180872942855
beta_tridymite,0.5,2,480,0.01447133062358375,4.537862725882446,0.7350210469738239
beta_tridymite,0.5,2,480,0.016285103278298914,4.24296312821239,0.687254637074447
beta_tridymite,0.5,2,480,0.018326206185398135,3.941161126721258,0.6383702092028064
beta_tridymite,0.5,2,480,0.020623131914506758,3.640718513098724,0.5897059684004486
beta_tridymite,0.5,2,480,0.023207944168063883,3.347935871162427,0.5422824527475086
beta_tridymite,0.5,2,480,0.026116725371334214,3.066969254080989,0.49677283962633767
beta_tridymite,0.5,2,480,0.029390080361374554,2.8003495230963917,0.45358706569482926
beta_tridymite,0.5,2,480,0.03307370320615074,2.5496448714823865,0.41297913931144586
beta_tridymite,0.5,2,480,0.03721901506625844,2.3158607404764484,0.3751119169828034
beta_tridymite,0.5,2,480,0.04188388200341457,2.099627448353709,0.3400874946131855
beta_tridymite,0.5,2,480,0.047133422755894265,1.9013490002017333,0.3079713109918157
beta_tridymite,0.5,2,480,0.05304091775697241,1.721301730734168,0.27880812547850925
beta_tridymite,0.5,2,480,0.05968883208572181,1.5596031585403152,0.252616973165724
beta_tridymite,0.5,2,480,0.067169966629945,1.4160919352550931,0.22937171962600053
beta_tridymite,0.5,2,480,0.0755887535307831,1.2902393183615322,0.20898672170486748
beta_tridymite,0.5,2,480,0.08506271399262945,1.1811516787026377,0.19131723367547995
beta_tridymite,0.5,2,480,0.09572409880849786,1.0876422669033632,0.1761710316163942
beta_tridymite,0.5,2,480,0.10772173450159415,1.0083268007744108,0.16332389619671653
beta_tridymite,0.5,2,480,0.1212231008541164,0.9417136317145701,0.15253421739366566
beta_tridymite,0.5,2,480,0.1364166688243384,0.8862793599313848,0.14355524228013689
beta_tridymite,0.5,2,480,0.15351453148789246,0.8405253861391055,0.1361442349950996
beta_tridymite,0.5,2,480,0.1727553647296109,0.8029774348690695,0.13006239953171916
beta_tridymite,0.5,2,480,0.19440775901540433,0.7719880458301465,0.12504288824360743
beta_tridymite,0.5,2,480,0.2187739687537092,0.7451771980559196,0.12070019685083601
beta_tridymite,0.5,2,480,0.24619413158533693,0.7187767638366793,0.11642398225983247
beta_tridymite,0.5,2,480,0.27705101650047453,0.6878011591218338,0.1114067036898366
beta_tridymite,0.5,2,480,0.3117753670636956,0.6476765385573859,0.10490751180188175
beta_tridymite,0.5,2,480,0.35085191433519125,0.5964452723520346,0.09660931919475979
beta_tridymite,0.5,2,480,0.3948261434249862,0.5357138778492678,0.08677234177431052
beta_tridymite,0.5,2,480,0.4443119081371701,0.46963336097590097,0.0760689393950796
beta_tridymite,0.5,2,480,0.5,0.4029777398300313,0.06527238440854674
beta_tridymite,0.75,0,720,0.004999999999999999,6.323683679586471,0.9611555290734142
beta_tridymite,0.75,0,720,0.005626677913003822,6.223934727227495,0.9459943885203846
beta_tridymite,0.75,0,720,0.006331900867337016,6.105698395390766,0.9280232960621889
beta_tridymite,0.75,0,720,0.007125513351514988,5.965554349998695,0.9067223849286781
beta_tridymite,0.75,0,720,0.008018593718756654,5.79899738326828,0.881406895161944
beta_tridymite,0.75,0,720,0.00902360883413585,5.6021294019248025,0.8514843439475892
beta_tridymite,0.75,0,720,0.010154588104523677,5.373209703013079,0.8166901566556005
beta_tridymite,0.75,0,720,0.011427319320674952,5.113942692801592,0.7772833910744037
beta_tridymite,0.75,0,720,0.01285956904529672,4.829675881283228,0.7340768311851189
beta_tridymite,0.75,0,720,0.01447133062358375,4.528142272988262,0.6882458393931455
beta_tridymite,0.75,0,720,0.016285103278298914,4.21790009603443,0.6410912062963731
beta_tridymite,0.75,0,720,0.018326206185398135,3.907103639328737,0.5938523265681831
beta_tridymite,0.75,0,720,0.020623131914506758,3.6025238679851164,0.5475583393758982
beta_tridymite,0.75,0,720,0.023207944168063883,3.3090152215348163,0.5029470854516652
beta_tridymite,0.75,0,720,0.026116725371334214,3.0295836353054026,0.4604754458645759
beta_tridymite,0.75,0,720,0.029390080361374554,2.765901054774798,0.4203975445907554
beta_tridymite,0.75,0,720,0.03307370320615074,2.518864496366309,0.38284972182977983
beta_tridymite,0.75,0,720,0.03721901506625844,2.288940948342481,0.3479029565194488
beta_tridymite,0.75,0,720,0.04188388200341457,2.0763947481727865,0.31559742609955815
beta_tridymite,0.75,0,720,0.047133422755894265,1.8814443740911204,0.28596633772801316
beta_tridymite,0.75,0,720,0.05304091775697241,1.704287290219397,0.2590397045652101
beta_tridymite,0.75,0,720,0.05968883208572181,1.5450046781025,0.234829865636103
beta_tridymite,0.75,0,720,0.067169966629945,1.4034317198749895,0.21331176978211344
beta_tridymite,0.75,0,720,0.0755887535307831,1.279075091226676,0.19441043517107037
beta_tridymite,0.75,0,720,0.08506271399262945,1.1711083637618425,0.17800025048808615
beta_tridymite,0.75,0,720,0.09572409880849786,1.0784265583073098,0.16391326665543562
beta_tridymite,0.75,0,720,0.10772173450159415,0.9997246708022026,0.15195113221657416
beta_tridymite,0.75,0,720,0.1212231008541164,0.9335766728021124,0.14189710085821225
beta_tridymite,0.75,0,720,0.1364166688243384,0.8785070349824962,0.1335269024807602
beta_tridymite,0.75,0,720,0.15351453148789246,0.833048777582986,0.12661756645836783
beta_tridymite,0.75,0,720,0.1727553647296109,0.7957483435387311,0.12094816232068042
beta_tridymite,0.75,0,720,0.19440775901540433,0.7649772601262848,0.11627117364508839
beta_tridymite,0.75,0,720,0.2187739687537092,0.7383832287491479,0.11222906755730278
beta_tridymite,0.75,0,720,0.24619413158533693,0.712235175349615,0.10825474699149115
beta_tridymite,0.75,0,720,0.27705101650047453,0.6815786721505259,0.10359517370401322
beta_tridymite,0.75,0,720,0.3117753670636956,0.6418515437970503,0.09755692906593713
beta_tridymite,0.75,0,720,0.35085191433519125,0.5910929306333875,0.08984197617418473
beta_tridymite,0.75,0,720,0.3948261434249862,0.5308994086105376,0.08069298336585883
beta_tridymite,0.75,0,720,0.4443119081371701,0.4654022644045412,0.07073787721541505
beta_tridymite,0.75,0,720,0.5,0.3993439180747221,0.060697472281608475
beta_tridymite,0.75,1,720,0.004999999999999999,6.327782428233144,0.9617785100958125
beta_tridymite,0.75,1,720,0.005626677913003822,6.230529787841244,0.9469967914384719
beta_tridymite,0.75,1,720,0.006331900867337016,6.115353835682155,0.9294908552083976
beta_tridymite,0.75,1,720,0.007125513351514988,5.978897839724276,0.908750501699964
beta_tridymite,0.75,1,720,0.008018593718756654,5.816554621126752,0.8840754720702739
beta_tridymite,0.75,1,720,0.00902360883413585,5.623909821629029,0.8547948148510969
beta_tridymite,0.75,1,720,0.010154588104523677,5.398646249649762,0.8205563331880074
beta_tridymite,0.75,1,720,0.011427319320674952,5.142283805139972,0.7815910412043524
beta_tridymite,0.75,1,720,0.01285956904529672,4.860281954808264,0.7387287395161408
beta_tridymite,0.75,1,720,0.01447133062358375,4.560521175955955,0.6931672053547594
beta_tridymite,0.75,1,720,0.016285103278298914,4.251653158199269,0.6462214348097978
beta_tridymite,0.75,1,720,0.018326206185398135,3.941906124990872,0.5991420600865818
beta_tridymite,0.75,1,720,0.020623131914506758,3.638117154593905,0.5529682690870201
beta_tridymite,0.75,1,720,0.023207944168063883,3.3451492250607675,0.5084392003385372
beta_tridymite,0.75,1,720,0.026116725371334214,3.065950486844541,0.46600295201493425
beta_tridymite,0.75,1,720,0.029390080361374554,2.802088270142216,0.4258977473040003
beta_tridymite,0.75,1,720,0.03307370320615074,2.5543453005522943,0.38824255500222604
beta_tridymite,0.75,1,720,0.03721901506625844,2.323129839988549,0.3530994280546378
beta_tridymite,0.75,1,720,0.04188388200341457,2.1087295270620725,0.320512085510991
beta_tridymite,0.75,1,720,0.047133422755894265,1.9114592876512286,0.2905283938941187
beta_tridymite,0.75,1,720,0.05304091775697241,1.7316641076423378,0.2632007886370518
beta_tridymite,0.75,1,720,0.05968883208572181,1.569589106498182,0.23856652617747348
beta_tridymite,0.75,1,720,0.067169966629945,1.4252123853294534,0.21662227803793202
beta_tridymite,0.75,1,720,0.0755887535307831,1.298139889115174,0.1973081506213782
beta_tridymite,0.75,1,720,0.08506271399262945,1.187600361165081,0.18050691832486568
beta_tridymite,0.75,1,720,0.09572409880849786,1.0925144694820088,0.16605453026138858
beta_tridymite,0.75,1,720,0.10772173450159415,1.0115900715987325,0.15375458984635276
beta_tridymite,0.75,1,720,0.1212231008541164,0.9434112276680277,0.1433918841624221
beta_tridymite,0.75,1,720,0.1364166688243384,0.8865116885339546,0.1347435536304908
beta_tridymite,0.75,1,720,0.15351453148789246,0.8394302503165223,0.12758750551798104
beta_tridymite,0.75,1,720,0.1727553647296109,0.8007111004548377,0.12170246653497267
beta_tridymite,0.75,1,720,0.19440775901540433,0.7687090531109634,0.11683837998277412
beta_tridymite,0.75,1,720,0.2187739687537092,0.7410353743189112,0.11263217506669868
beta_tridymite,0.75,1,720,0.24619413158533693,0.7139110796584817,0.10850947268213014
beta_tridymite,0.75,1,720,0.27705101650047453,0.6823510245488135,0.10371256584688772
beta_tridymite,0.75,1,720,0.3117753670636956,0.6418084320240215,0.09755037637906751
beta_tridymite,0.75,1,720,0.35085191433519125,0.5903787933170884,0.08973343231512133
beta_tridymite,0.75,1,720,0.3948261434249862,0.5297134804003888,0.08051273060275047
beta_tridymite,0.75,1,720,0.4443119081371701,0.46395765762880525,0.07051830712617771
beta_tridymite,0.75,1,720,0.5,0.3978230685035209,0.060466313822660295
beta_tridymite,0.75,2,720,0.004999999999999999,6.320194617054244,0.9606252160606116
beta_tridymite,0.75,2,720,0.005626677913003822,6.216440071894639,0.9448552535198583
beta_tridymite,0.75,2,720,0.006331900867337016,6.094584101351361,0.9263340013869658
beta_tridymite,0.75,2,720,0.007125513351514988,5.952211013991773,0.9046942915215493
beta_tridymite,0.75,2,720,0.008018593718756654,5.785757823640774,0.8793945750360095
beta_tridymite,0.75,2,720,0.00902360883413585,5.5916997264803605,0.8498991064929982
beta_tridymite,0.75,2,720,0.010154588104523677,5.367714065893543,0.8158548583910346
beta_tridymite,0.75,2,720,0.011427319320674952,5.114236545374489,0.7773280546027336
beta_tridymite,0.75,2,720,0.01285956904529672,4.835346679330267,0.7349387526810921
beta_tridymite,0.75,2,720,0.01447133062358375,4.538127343547374,0.6897635000261495
beta_tridymite,0.75,2,720,0.016285103278298914,4.2312524393872595,0.6431206687568511
beta_tridymite,0.75,2,720,0.018326206185398135,3.923248045211383,0.5963061629338131
beta_tridymite,0.75,2,720,0.020623131914506758,3.620944634911087,0.5503581666407918
beta_tridymite,0.75,2,720,0.023207944168063883,3.328907962239731,0.5059706423981764
beta_tridymite,0.75,2,720,0.026116725371334214,3.049822215219978,0.4635515679432755
beta_tridymite,0.75,2,720,0.029390080361374554,2.7852357875733142,0.4233362882525298
beta_tridymite,0.75,2,720,0.03307370320615074,2.5361592673496816,0.38547840561552765
beta_tridymite,0.75,2,720,0.03721901506625844,2.3033612385451487,0.3500947394044592
beta_tridymite,0.75,2,720,0.04188388200341457,2.0874852605762997,0.3172831061330653
beta_tridymite,0.75,2,720,0.047133422755894265,1.889095740731499,0.28712929174721996
beta_tridymite,0.75,2,720,0.05304091775697241,1.7086374920835343,0.2597009047115423
beta_tridymite,0.75,2,720,0.05968883208572181,1.5463218792150994,0.23503007095889036
beta_tridymite,0.75,2,720,0.067169966629945,1.40202056701174,0.21309728445273834
beta_tridymite,0.75,2,720,0.0755887535307831,1.2752257991799325,0.19382536980075638
beta_tridymite,0.75,2,720,0.08506271399262945,1.165080438274725,0.17708404812814074
beta_tridymite,0.75,2,720,0.09572409880849786,1.0704502843098518,0.16270092899869779
beta_tridymite,0.75,2,720,0.10772173450159415,0.9900084055025454,0.15047432809608083
beta_tridymite,0.75,2,720,0.1212231008541164,0.922314048013522,0.1401852609503469
beta_tridymite,0.75,2,720,0.1364166688243384,0.8658815692588219,0.13160792031746674
beta_tridymite,0.75,2,720,0.15351453148789246,0.819235285949836,0.12451801269639348
beta_tridymite,0.75,2,720,0.1727553647296109,0.7809117183234183,0.11869309943628573
beta_tridymite,0.75,2,720,0.19440775901540433,0.7492695696489128,0.11388371495545843
beta_tridymite,0.75,2,720,0.2187739687537092,0.7219405122880427,0.10972989007779116
beta_tridymite,0.75,2,720,0.24619413158533693,0.6951797631424043,0.10566244405949839
beta_tridymite,0.75,2,720,0.27705101650047453,0.6640452828779105,0.10093022161332407
beta_tridymite,0.75,2,720,0.3117753670636956,0.6240568541790202,0.09485226115698926
beta_tridymite,0.75,2,720,0.35085191433519125,0.5734140339516314,0.08715490797872136
beta_tridymite,0.75,2,720,0.3948261434249862,0.5138638254891776,0.07810369431572158
beta_tridymite,0.75,2,720,0.4443119081371701,0.4495585298269858,0.068329740777543
beta_tridymite,0.75,2,720,0.5,0.3851102538910184,0.058534055241426027
bulk_amo,1.0,0,48000,0.004999999999999999,10.777058046842207,0.9998238936130021
bulk_amo,1.0,0,48000,0.005626677913003822,10.7727333078698,0.9994226730443221
bulk_amo,1.0,0,48000,0.006331900867337016,10.761430582772244,0.9983740812517978
bulk_amo,1.0,0,48000,0.007125513351514988,10.736464607792756,0.9960579038494547
bulk_amo,1.0,0,48000,0.008018593718756654,10.688028218661348,0.9915642972488937
bulk_amo,1.0,0,48000,0.00902360883413585,10.602609572273952,0.9836397223559133
bulk_amo,1.0,0,48000,0.010154588104523677,10.464967621930723,0.9708702160473732
bulk_amo,1.0,0,48000,0.011427319320674952,10.262696765466094,0.9521048689186956
bulk_amo,1.0,0,48000,0.01285956904529672,9.987860608116069,0.9266073949556735
bulk_amo,1.0,0,48000,0.01447133062358375,9.635535899818818,0.8939210477044364
bulk_amo,1.0,0,48000,0.016285103278298914,9.202967166403958,0.8537901925658381
bulk_amo,1.0,0,48000,0.018326206185398135,8.68798625599188,0.8060136828034693
bulk_amo,1.0,0,48000,0.020623131914506758,8.09236076857515,0.7507555046090378
bulk_amo,1.0,0,48000,0.023207944168063883,7.435858197592721,0.6898495547817631
bulk_amo,1.0,0,48000,0.026116725371334214,6.75657647186775,0.6268303062148037
bulk_amo,1.0,0,48000,0.029390080361374554,6.092223733147955,0.5651960699443667
bulk_amo,1.0,0,48000,0.03307370320615074,5.4678814969204526,0.5072737424539866
bulk_amo,1.0,0,48000,0.03721901506625844,4.896111780889364,0.45422874434342075
bulk_amo,1.0,0,48000,0.04188388200341457,4.3808723643643415,0.40642825210018896
bulk_amo,1.0,0,48000,0.047133422755894265,3.92116631068506,0.36377977655989413
bulk_amo,1.0,0,48000,0.05304091775697241,3.5133410825134295,0.32594445955854917
bulk_amo,1.0,0,48000,0.05968883208572181,3.152438874553482,0.29246234883708255
bulk_amo,1.0,0,48000,0.067169966629945,2.8331109281732845,0.2628372220815629
bulk_amo,1.0,0,48000,0.0755887535307831,2.5501752398465127,0.2365883274096226
bulk_amo,1.0,0,48000,0.08506271399262945,2.298876619102818,0.21327450982049323
bulk_amo,1.0,0,48000,0.09572409880849786,2.075137027291563,0.1925174359634345
bulk_amo,1.0,0,48000,0.10772173450159415,1.8757525127426193,0.1740198644744441
bulk_amo,1.0,0,48000,0.1212231008541164,1.6982596370818206,0.1575532538966393
bulk_amo,1.0,0,48000,0.1364166688243384,1.5406469734892125,0.14293099740410312
bulk_amo,1.0,0,48000,0.15351453148789246,1.4012010831742874,0.12999413352186281
bulk_amo,1.0,0,48000,0.1727553647296109,1.2782692967671512,0.11858933855832463
bulk_amo,1.0,0,48000,0.19440775901540433,1.1698034403794884,0.10852659653854328
bulk_amo,1.0,0,48000,0.2187739687537092,1.072843407207544,0.09953128840626271
bulk_amo,1.0,0,48000,0.24619413158533693,0.9829615366340909,0.09119264520592277
bulk_amo,1.0,0,48000,0.27705101650047453,0.894893426702135,0.08302227067582488
bulk_amo,1.0,0,48000,0.3117753670636956,0.8046912720471996,0.07465391364486268
bulk_amo,1.0,0,48000,0.35085191433519125,0.7115325644418108,0.0660112672605587
bulk_amo,1.0,0,48000,0.3948261434249862,0.6176568940586796,0.05730210582985686
bulk_amo,1.0,0,48000,0.4443119081371701,0.5267690178166835,0.048870132102749056
bulk_amo,1.0,0,48000,0.5,0.44233418887137227,0.041036829260199664
bulk_amo,0.25,0,12000,0.004999999999999999,9.392223403675331,0.9999533119473338
bulk_amo,0.25,0,12000,0.005626677913003822,9.391098085956303,0.9998335037686128
bulk_amo,0.25,0,12000,0.006331900867337016,9.38768723980649,0.9994703643119095
bulk_amo,0.25,0,12000,0.007125513351514988,9.378775984344092,0.9985216177765845
bulk_amo,0.25,0,12000,0.008018593718756654,9.358792097185571,0.9963940114270672
bulk_amo,0.25,0,12000,0.00902360883413585,9.319518925779063,0.9922127503847409
bulk_amo,0.25,0,12000,0.010154588104523677,9.249947459428215,0.9848057483145666
bulk_amo,0.25,0,12000,0.011427319320674952,9.137403156518106,0.972823596315102
bulk_amo,0.25,0,12000,0.01285956904529672,8.970350975350192,0.9550382035867395
bulk_amo,0.25,0,12000,0.01447133062358375,8.740476134493745,0.9305643278527126
bulk_amo,0.25,0,12000,0.016285103278298914,8.443061445837214,0.8988997485340919
bulk_amo,0.25,0,12000,0.018326206185398135,8.075886863367733,0.8598081060099626
bulk_amo,0.25,0,12000,0.020623131914506758,7.637234660242372,0.8131065206178865
bulk_amo,0.25,0,12000,0.023207944168063883,7.128944481309113,0.7589908521537267
bulk_amo,0.25,0,12000,0.026116725371334214,6.567088748029938,0.6991722685040601
bulk_amo,0.25,0,12000,0.029390080361374554,5.982596113923429,0.6369436225100867
bulk_amo,0.25,0,12000,0.03307370320615074,5.407340115267802,0.5756983649869141
bulk_amo,0.25,0,12000,0.03721901506625844,4.863944842600884,0.5178451944174002
bulk_amo,0.25,0,12000,0.04188388200341457,4.364618185140754,0.464683837046422
bulk_amo,0.25,0,12000,0.047133422755894265,3.913668026339351,0.416672936385756
bulk_amo,0.25,0,12000,0.05304091775697241,3.5105372989500627,0.37375318366320975
bulk_amo,0.25,0,12000,0.05968883208572181,3.1520808094327797,0.33558972241700913
bulk_amo,0.25,0,12000,0.067169966629945,2.833995871026713,0.30172446240677087
bulk_amo,0.25,0,12000,0.0755887535307831,2.5517113158048903,0.2716707292518308
bulk_amo,0.25,0,12000,0.08506271399262945,2.3008188399152725,0.24495918807295333
bulk_amo,0.25,0,12000,0.09572409880849786,2.077384365692498,0.22117099299926662
bulk_amo,0.25,0,12000,0.10772173450159415,1.8783017216705535,0.19997544209668963
bulk_amo,0.25,0,12000,0.1212231008541164,1.7011360452351871,0.18111330506046774
bulk_amo,0.25,0,12000,0.1364166688243384,1.543789003917714,0.16436118063496147
bulk_amo,0.25,0,12000,0.15351453148789246,1.4044514061677338,0.1495264512678602
bulk_amo,0.25,0,12000,0.1727553647296109,1.2814722462474852,0.13643334083198283
bulk_amo,0.25,0,12000,0.19440775901540433,1.1727988110182543,0.12486330498342754
bulk_amo,0.25,0,12000,0.2187739687537092,1.0754343185063757,0.11449728805976431
bulk_amo,0.25,0,12000,0.24619413158533693,0.985058418485995,0.10487531926053015
bulk_amo,0.25,0,12000,0.27705101650047453,0.8965207239928388,0.09544905701830451
bulk_amo,0.25,0,12000,0.3117753670636956,0.8059203838058145,0.08580319295185584
bulk_amo,0.25,0,12000,0.35085191433519125,0.7124451551228262,0.07585125074507104
bulk_amo,0.25,0,12000,0.3948261434249862,0.6183293890292305,0.06583111302401509
bulk_amo,0.25,0,12000,0.4443119081371701,0.5272656042062522,0.056135907818763764
bulk_amo,0.25,0,12000,0.5,0.4427044039345682,0.04713300737233448
bulk_amo,0.25,1,12000,0.004999999999999999,9.392148014590584,0.9999452855661738
bulk_amo,0.25,1,12000,0.005626677913003822,9.390862402277035,0.9998084114485597
bulk_amo,0.25,1,12000,0.006331900867337016,9.38707226967896,0.999404890846326
bulk_amo,0.25,1,12000,0.007125513351514988,9.377464210393502,0.9983819583317394
bulk_amo,0.25,1,12000,0.008018593718756654,9.356548141519545,0.9961551062388423
bulk_amo,0.25,1,12000,0.00902360883413585,9.31644503001942,0.9918854847189527
bulk_amo,0.25,1,12000,0.010154588104523677,9.246419343029496,0.984430123552867
bulk_amo,0.25,1,12000,0.011427319320674952,9.133474362449988,0.9724053129681751
bulk_amo,0.25,1,12000,0.01285956904529672,8.965851622040388,0.9545591750276448
bulk_amo,0.25,1,12000,0.01447133062358375,8.735980797313585,0.930085726875242
bulk_amo,0.25,1,12000,0.016285103278298914,8.439261311767561,0.8984951631142746
bulk_amo,0.25,1,12000,0.018326206185398135,8.072299854037949,0.8594262111481027
bulk_amo,0.25,1,12000,0.020623131914506758,7.632917262671513,0.812646864175059
bulk_amo,0.25,1,12000,0.023207944168063883,7.123887497906043,0.7584524548983567
bulk_amo,0.25,1,12000,0.026116725371334214,6.562300234101722,0.6986624541442408
bulk_amo,0.25,1,12000,0.029390080361374554,5.979127736579428,0.6365743579320252
bulk_amo,0.25,1,12000,0.03307370320615074,5.405567008144224,0.5755095892024746
bulk_amo,0.25,1,12000,0.03721901506625844,4.863575931049215,0.517805917846555
bulk_amo,0.25,1,12000,0.04188388200341457,4.365114568566106,0.46473668504937543
bulk_amo,0.25,1,12000,0.047133422755894265,3.914646788281181,0.4167771413437596
bulk_amo,0.25,1,12000,0.05304091775697241,3.5118481919330793,0.373892749314881
bulk_amo,0.25,1,12000,0.05968883208572181,3.153684116202499,0.3357604202215163
bulk_amo,0.25,1,12000,0.067169966629945,2.8358606366101813,0.3019229967091454
bulk_amo,0.25,1,12000,0.0755887535307831,2.5537609562372667,0.27188894645669986
bulk_amo,0.25,1,12000,0.08506271399262945,2.302924569894938,0.24518337691267036
bulk_amo,0.25,1,12000,0.09572409880849786,2.0794028770452333,0.2213858960127087
bulk_amo,0.25,1,12000,0.10772173450159415,1.8800461593982518,0.20016116556261732
bulk_amo,0.25,1,12000,0.1212231008541164,1.7024553768955062,0.18125376914512492
bulk_amo,0.25,1,12000,0.1364166688243384,1.544644393963522,0.16445225066945168
bulk_amo,0.25,1,12000,0.15351453148789246,1.4049277882489968,0.14957716980589295
bulk_amo,0.25,1,12000,0.1727553647296109,1.281692353503505,0.1364567747911404
bulk_amo,0.25,1,12000,0.19440775901540433,1.1728767037607497,0.12487159791924127
bulk_amo,0.25,1,12000,0.2187739687537092,1.0755018220588555,0.11450447489912802
bulk_amo,0.25,1,12000,0.24619413158533693,0.985206430047328,0.10489107747289375
bulk_amo,0.25,1,12000,0.27705101650047453,0.8967758105766471,0.09547621508975888
bulk_amo,0.25,1,12000,0.3117753670636956,0.8062678201812599,0.08584018314463401
bulk_amo,0.25,1,12000,0.35085191433519125,0.7128497657995815,0.07589432806221752
bulk_amo,0.25,1,12000,0.3948261434249862,0.6187515948724873,0.06587606362976016
bulk_amo,0.25,1,12000,0.4443119081371701,0.5276721896431379,0.05617919538090206
bulk_amo,0.25,1,12000,0.5,0.44307352038541875,0.04717230575799445
bulk_amo,0.25,2,12000,0.004999999999999999,9.392206566464184,0.999951519355279
bulk_amo,0.25,2,12000,0.005626677913003822,9.391042914279845,0.9998276298558844
bulk_amo,0.25,2,12000,0.006331900867337016,9.387578401028833,0.9994587766726989
bulk_amo,0.25,2,12000,0.007125513351514988,9.378683897709942,0.9985118136726098
bulk_amo,0.25,2,12000,0.008018593718756654,9.3588940685235,0.9964048679168144
bulk_amo,0.25,2,12000,0.00902360883413585,9.31983003106834,0.9922458725487916
bulk_amo,0.25,2,12000,0.010154588104523677,9.249938091948593,0.9848047509956284
bulk_amo,0.25,2,12000,0.011427319320674952,9.136016084899623,0.972675920221892
bulk_amo,0.25,2,12000,0.01285956904529672,8.966782889376105,0.9546583234205902
bulk_amo,0.25,2,12000,0.01447133062358375,8.735204695020956,0.9300030982979
bulk_amo,0.25,2,12000,0.016285103278298914,8.437357883398306,0.8982925125362287
bulk_amo,0.25,2,12000,0.018326206185398135,8.070233949391454,0.8592062623559327
bulk_amo,0.25,2,12000,0.020623131914506758,7.631387447876747,0.8124839907738478
bulk_amo,0.25,2,12000,0.023207944168063883,7.122802963563913,0.7583369887663532
bulk_amo,0.25,2,12000,0.026116725371334214,6.56050150510706,0.6984709504993419
bulk_amo,0.25,2,12000,0.029390080361374554,5.975376556846449,0.6361749844890731
bulk_amo,0.25,2,12000,0.03307370320615074,5.399700475664642,0.5748850024214245
bulk_amo,0.25,2,12000,0.03721901506625844,4.856291267752336,0.5170303482208065
bulk_amo,0.25,2,12000,0.04188388200341457,4.357264174839065,0.46390088431614607
bulk_amo,0.25,2,12000,0.047133422755894265,3.906731445763887,0.4159344257667144
bulk_amo,0.25,2,12000,0.05304091775697241,3.5039886738493506,0.3730559771470619
bulk_amo,0.25,2,12000,0.05968883208572181,3.1458338488414843,0.3349246329419839
bulk_amo,0.25,2,12000,0.067169966629945,2.828018212664567,0.301088044487391
bulk_amo,0.25,2,12000,0.0755887535307831,2.5460288301588263,0.2710657372177133
bulk_amo,0.25,2,12000,0.08506271399262945,2.295443399281375,0.2443868859210541
bulk_amo,0.25,2,12000,0.09572409880849786,2.072318786818304,0.2206316806176852
bulk_amo,0.25,2,12000,0.10772173450159415,1.8734844761180272,0.19946256879314073
bulk_amo,0.25,2,12000,0.1212231008541164,1.6964652989374644,0.1806160289599178
bulk_amo,0.25,2,12000,0.1364166688243384,1.5392377208460866,0.1638766233171167
bulk_amo,0.25,2,12000,0.15351453148789246,1.4000822438860503,0.1490612836386176
bulk_amo,0.25,2,12000,0.1727553647296109,1.2773321052552749,0.13599255620419493
bulk_amo,0.25,2,12000,0.19440775901540433,1.1689042227679194,0.12444866339621086
bulk_amo,0.25,2,12000,0.2187739687537092,1.0718381949656122,0.11411442284348855
bulk_amo,0.25,2,12000,0.24619413158533693,0.9817867733602735,0.10452699999273023
bulk_amo,0.25,2,12000,0.27705101650047453,0.8935520795947306,0.09513299705355531
bulk_amo,0.25,2,12000,0.3117753670636956,0.8032242430730807,0.08551614538715266
bulk_amo,0.25,2,12000,0.35085191433519125,0.7100066502583343,0.07559163266417082
bulk_amo,0.25,2,12000,0.3948261434249862,0.6161510102176696,0.06559918954714765
bulk_amo,0.25,2,12000,0.4443119081371701,0.5253547534404566,0.05593246700717204
bulk_amo,0.25,2,12000,0.5,0.4410610808119945,0.04695804918316127
bulk_amo,0.5,0,24000,0.004999999999999999,10.084872133116232,0.9999070995491097
bulk_amo,0.5,0,24000,0.005626677913003822,10.082628664733754,0.9996846614325284
bulk_amo,0.5,0,24000,0.006331900867337016,10.076290146493454,0.9990562023598263
bulk_amo,0.5,0,24000,0.007125513351514988,10.060996631486471,0.9975398624369504
bulk_amo,0.5,0,24000,0.008018593718756654,10.02905737388746,0.9943731102951251
bulk_amo,0.5,0,24000,0.00902360883413585,9.969492318553641,0.9884672821470675
bulk_amo,0.5,0,24000,0.010154588104523677,9.86831063440651,0.978435198151592
bulk_amo,0.5,0,24000,0.011427319320674952,9.711923508805903,0.9629295382778652
bulk_amo,0.5,0,24000,0.01285956904529672,9.490788847129737,0.9410042113874721
bulk_amo,0.5,0,24000,0.01447133062358375,9.198918400597405,0.9120654873477388
bulk_amo,0.5,0,24000,0.016285103278298914,8.83286068792914,0.8757711545182947
bulk_amo,0.5,0,24000,0.018326206185398135,8.39119739480517,0.8319805881555623
bulk_amo,0.5,0,24000,0.020623131914506758,7.873532402234041,0.780654513374685
bulk_amo,0.5,0,24000,0.023207944168063883,7.28862508502524,0.7226614152634269
bulk_amo,0.5,0,24000,0.026116725371334214,6.6639186420613195,0.6607222652961701
bulk_amo,0.5,0,24000,0.029390080361374554,6.035896267126188,0.5984543432953296
bulk_amo,0.5,0,24000,0.03307370320615074,5.433979050473355,0.538774727101125
bulk_amo,0.5,0,24000,0.03721901506625844,4.875461173460175,0.4833981211234734
bulk_amo,0.5,0,24000,0.04188388200341457,4.367942606299961,0.43307805640097896
bulk_amo,0.5,0,24000,0.047133422755894265,3.912770717615769,0.3879481234674748
bulk_amo,0.5,0,24000,0.05304091775697241,3.5076686901058234,0.3477825776873948
bulk_amo,0.5,0,24000,0.05968883208572181,3.148482566458411,0.3121695574771332
bulk_amo,0.5,0,24000,0.067169966629945,2.8303342309776065,0.28062540152176274
bulk_amo,0.5,0,24000,0.0755887535307831,2.5483089191611557,0.2526628148061806
bulk_amo,0.5,0,24000,0.08506271399262945,2.2977567752563117,0.22782076780837793
bulk_amo,0.5,0,24000,0.09572409880849786,2.0745765953433932,0.20569262940186564
bulk_amo,0.5,0,24000,0.10772173450159415,1.875528300235635,0.18595714829667356
bulk_amo,0.5,0,24000,0.1212231008541164,1.698211141953578,0.16837629222851475
bulk_amo,0.5,0,24000,0.1364166688243384,1.5407005382112668,0.1527592403851874
bulk_amo,0.5,0,24000,0.15351453148789246,1.4013281758094112,0.13894058083184266
bulk_amo,0.5,0,24000,0.1727553647296109,1.27847262464812,0.12675955005587433
bulk_amo,0.5,0,24000,0.19440775901540433,1.1700625024545226,0.11601077214242857
bulk_amo,0.5,0,24000,0.2187739687537092,1.0731164945686522,0.10639865209980467
bulk_amo,0.5,0,24000,0.24619413158533693,0.9832184141825435,0.09748532849714531
bulk_amo,0.5,0,24000,0.27705101650047453,0.8951113106254507,0.0887495788312521
bulk_amo,0.5,0,24000,0.3117753670636956,0.8048585663656702,0.07980109058589256
bulk_amo,0.5,0,24000,0.35085191433519125,0.7116495738827143,0.07055949266622431
bulk_amo,0.5,0,24000,0.3948261434249862,0.6177317876667187,0.06124761840825178
bulk_amo,0.5,0,24000,0.4443119081371701,0.5268124506253478,0.0522330380155628
bulk_amo,0.5,0,24000,0.5,0.4423559302626444,0.043859240787477737
bulk_amo,0.5,1,24000,0.004999999999999999,10.084903684260063,0.9999102278200782
bulk_amo,0.5,1,24000,0.005626677913003822,10.082699646260938,0.9996916991948352
bulk_amo,0.5,1,24000,0.006331900867337016,10.07646413640709,0.9990734533222181
bulk_amo,0.5,1,24000,0.007125513351514988,10.061394468047885,0.9975793076175107
bulk_amo,0.5,1,24000,0.008018593718756654,10.029820529707044,0.9944487765913351
bulk_amo,0.5,1,24000,0.00902360883413585,9.970769917502999,0.9885939550729089
bulk_amo,0.5,1,24000,0.010154588104523677,9.870456373761552,0.9786479465123613
bulk_amo,0.5,1,24000,0.011427319320674952,9.715444887037394,0.9632786801457431
bulk_amo,0.5,1,24000,0.01285956904529672,9.496046892121287,0.9415255423917132
bulk_amo,0.5,1,24000,0.01447133062358375,9.206286233523924,0.9127960021578697
bulk_amo,0.5,1,24000,0.016285103278298914,8.842543222810068,0.8767311701973513
bulk_amo,0.5,1,24000,0.018326206185398135,8.40262720783081,0.8331138450813816
bulk_amo,0.5,1,24000,0.020623131914506758,7.885601495933399,0.7818511544739294
bulk_amo,0.5,1,24000,0.023207944168063883,7.30021723831403,0.7238107680980017
bulk_amo,0.5,1,24000,0.026116725371334214,6.674037935295796,0.6617255852207079
bulk_amo,0.5,1,24000,0.029390080361374554,6.04395510120735,0.5992533703236824
bulk_amo,0.5,1,24000,0.03307370320615074,5.440160375538744,0.5393876005948014
bulk_amo,0.5,1,24000,0.03721901506625844,4.880474279421235,0.48389516661647436
bulk_amo,0.5,1,24000,0.04188388200341457,4.372413159406153,0.43352130820732704
bulk_amo,0.5,1,24000,0.047133422755894265,3.917030928422831,0.3883705200011472
bulk_amo,0.5,1,24000,0.05304091775697241,3.5118548032124943,0.3481976274926502
bulk_amo,0.5,1,24000,0.05968883208572181,3.15259791672983,0.312577591203214
bulk_amo,0.5,1,24000,0.067169966629945,2.834303767209378,0.2810189779010836
bulk_amo,0.5,1,24000,0.0755887535307831,2.5520234641441397,0.2530311090047638
bulk_amo,0.5,1,24000,0.08506271399262945,2.3010956014672614,0.22815180978773297
bulk_amo,0.5,1,24000,0.09572409880849786,2.0774887467384717,0.20598136691052865
bulk_amo,0.5,1,24000,0.10772173450159415,1.8780553533598037,0.18620770361620967
bulk_amo,0.5,1,24000,0.1212231008541164,1.7003981384705904,0.16859313120427816
bulk_amo,0.5,1,24000,0.1364166688243384,1.5425583499014608,0.15294344094560405
bulk_amo,0.5,1,24000,0.15351453148789246,1.402861171436936,0.13909257613642426
bulk_amo,0.5,1,24000,0.1727553647296109,1.2796679871012013,0.12687806929812093
bulk_amo,0.5,1,24000,0.19440775901540433,1.1709718338344837,0.11610093162989298
bulk_amo,0.5,1,24000,0.2187739687537092,1.0738237263894193,0.10646877357574186
bulk_amo,0.5,1,24000,0.24619413158533693,0.9837650357885931,0.09753952559726134
bulk_amo,0.5,1,24000,0.27705101650047453,0.8955375374786901,0.08879183888680334
bulk_amo,0.5,1,24000,0.3117753670636956,0.8052001426788796,0.07983495760731907
bulk_amo,0.5,1,24000,0.35085191433519125,0.7119315609896125,0.07058745146495246
bulk_amo,0.5,1,24000,0.3948261434249862,0.6179691219952482,0.06127114991930428
bulk_amo,0.5,1,24000,0.4443119081371701,0.5270135625834541,0.0522529781072229
bulk_amo,0.5,1,24000,0.5,0.4425260277466903,0.04387610581855279
bulk_amo,0.5,2,24000,0.004999999999999999,10.08481194778027,0.9999011322206278
bulk_amo,0.5,2,24000,0.005626677913003822,10.082417313273035,0.999663706102279
bulk_amo,0.5,2,24000,0.006331900867337016,10.075686365817845,0.9989963379831497
bulk_amo,0.5,2,24000,0.007125513351514988,10.059715139027418,0.9974128034727006
bulk_amo,0.5,2,24000,0.008018593718756654,10.027161562137215,0.9941851420587948
bulk_amo,0.5,2,24000,0.00902360883413585,9.967718012624728,0.9882913611168674
bulk_amo,0.5,2,24000,0.010154588104523677,9.867827873473578,0.9783873327867314
bulk_amo,0.5,2,24000,0.011427319320674952,9.713547207866892,0.9630905267561706
bulk_amo,0.5,2,24000,0.01285956904529672,9.494565660688357,0.9413786794661042
bulk_amo,0.5,2,24000,0.01447133062358375,9.204756020654209,0.9126442827615251
bulk_amo,0.5,2,24000,0.016285103278298914,8.840668322422777,0.8765452753061267
bulk_amo,0.5,2,24000,0.018326206185398135,8.400341184370193,0.8328871876624442
bulk_amo,0.5,2,24000,0.020623131914506758,7.882888269988831,0.7815821402664269
bulk_amo,0.5,2,24000,0.023207944168063883,7.2972790037425055,0.7235194444630139
bulk_amo,0.5,2,24000,0.026116725371334214,6.671441535959129,0.6614681542790233
bulk_amo,0.5,2,24000,0.029390080361374554,6.042013490234323,0.5990608611306193
bulk_amo,0.5,2,24000,0.03307370320615074,5.438699568239472,0.5392427627058987
bulk_amo,0.5,2,24000,0.03721901506625844,4.87924198307435,0.48377298540785474
bulk_amo,0.5,2,24000,0.04188388200341457,4.3712546576368805,0.43340644367274045
bulk_amo,0.5,2,24000,0.047133422755894265,3.9158846622134624,0.3882568686126524
bulk_amo,0.5,2,24000,0.05304091775697241,3.5107842323583083,0.3480914812387819
bulk_amo,0.5,2,24000,0.05968883208572181,3.1517500557980997,0.31249352646209705
bulk_amo,0.5,2,24000,0.067169966629945,2.8338013927121004,0.2809691678668234
bulk_amo,0.5,2,24000,0.0755887535307831,2.5519295061278373,0.25302179314172457
bulk_amo,0.5,2,24000,0.08506271399262945,2.301452196213149,0.22818716587488694
bulk_amo,0.5,2,24000,0.09572409880849786,2.078287407618399,0.20606055350540367
bulk_amo,0.5,2,24000,0.10772173450159415,1.8792293061212653,0.18632410010445727
bulk_amo,0.5,2,24000,0.1212231008541164,1.7018478576685894,0.1687368697167053
bulk_amo,0.5,2,24000,0.1364166688243384,1.5442080223192174,0.15310700466170002
bulk_amo,0.5,2,24000,0.15351453148789246,1.404656099475788,0.13927054183252213
bulk_amo,0.5,2,24000,0.1727553647296109,1.2815526161967472,0.1270649287830781
bulk_amo,0.5,2,24000,0.19440775901540433,1.1728579434568207,0.1162879379079111
bulk_amo,0.5,2,24000,0.2187739687537092,1.0756504410875285,0.1066498908939766
bulk_amo,0.5,2,24000,0.24619413158533693,0.9855292042036166,0.09771444150097316
bulk_amo,0.5,2,24000,0.27705101650047453,0.8972381532641974,0.08896045359753925
bulk_amo,0.5,2,24000,0.3117753670636956,0.806829663746911,0.07999652333302014
bulk_amo,0.5,2,24000,0.35085191433519125,0.7134709241450541,0.07074007810489327
bulk_amo,0.5,2,24000,0.3948261434249862,0.6193908639436096,0.06141211450954684
bulk_amo,0.5,2,24000,0.4443119081371701,0.5282920972375765,0.05237974380745212
bulk_amo,0.5,2,24000,0.5,0.44364613879616455,0.043987163943620615
bulk_amo,0.75,0,36000,0.004999999999999999,10.489874378067713,0.9998665710816892
bulk_amo,0.75,0,36000,0.005626677913003822,10.486591159395008,0.9995536235212062
bulk_amo,0.75,0,36000,0.006331900867337016,10.477655937266457,0.998701942215069
bulk_amo,0.75,0,36000,0.007125513351514988,10.457130639135688,0.9967455260824459
bulk_amo,0.75,0,36000,0.008018593718756654,10.416148573787925,0.9928392259993118
bulk_amo,0.75,0,36000,0.00902360883413585,10.342238047159581,0.9857942736802224
bulk_amo,0.75,0,36000,0.010154588104523677,10.220361077720305,0.9741772892307362
bulk_amo,0.75,0,36000,0.011427319320674952,10.037218351785254,0.956720617892317
bulk_amo,0.75,0,36000,0.01285956904529672,9.784199588653243,0.9326035509004493
bulk_amo,0.75,0,36000,0.01447133062358375,9.456508999831355,0.9013689666135177
bulk_amo,0.75,0,36000,0.016285103278298914,9.051888877487318,0.8628016664021201
bulk_amo,0.75,0,36000,0.018326206185398135,8.568640225839202,0.8167397065645937
bulk_amo,0.75,0,36000,0.020623131914506758,8.00660450659186,0.7631679756576706
bulk_amo,0.75,0,36000,0.023207944168063883,7.379837906310784,0.7034262715242218
bulk_amo,0.75,0,36000,0.026116725371334214,6.722245347759353,0.6407463200786288
bulk_amo,0.75,0,36000,0.029390080361374554,6.071850320086742,0.5787524178897464
bulk_amo,0.75,0,36000,0.03307370320615074,5.455930737677217,0.5200446222832065
bulk_amo,0.75,0,36000,0.03721901506625844,4.889084817444294,0.4660143959746872
bulk_amo,0.75,0,36000,0.04188388200341457,4.376776233928315,0.4171825217048834
bulk_amo,0.75,0,36000,0.047133422755894265,3.9189134475864016,0.37354027417113106
bulk_amo,0.75,0,36000,0.05304091775697241,3.512314146605731,0.33478432398303715
bulk_amo,0.75,0,36000,0.05968883208572181,3.152277916753635,0.3004666403165807
bulk_amo,0.75,0,36000,0.067169966629945,2.8335924466016236,0.270090399685838
bulk_amo,0.75,0,36000,0.0755887535307831,2.551136687080991,0.24316747748720324
bulk_amo,0.75,0,36000,0.08506271399262945,2.300192320141231,0.21924813635296345
bulk_amo,0.75,0,36000,0.09572409880849786,2.0766982012029898,0.19794527892056915
bulk_amo,0.75,0,36000,0.10772173450159415,1.8774481631198885,0.1789533019734873
bulk_amo,0.75,0,36000,0.1212231008541164,1.699992691582432,0.1620387244055408
bulk_amo,0.75,0,36000,0.1364166688243384,1.5423443769315253,0.14701211168114275
bulk_amo,0.75,0,36000,0.15351453148789246,1.4028041078561035,0.13371150908670457
bulk_amo,0.75,0,36000,0.1727553647296109,1.2797284026123457,0.12198026436914819
bulk_amo,0.75,0,36000,0.19440775901540433,1.1710944092547835,0.11162556472961399
bulk_amo,0.75,0,36000,0.2187739687537092,1.0739680346876934,0.10236774031724187
bulk_amo,0.75,0,36000,0.24619413158533693,0.9839149397066839,0.0937841218630291
bulk_amo,0.75,0,36000,0.27705101650047453,0.8956691398007568,0.0853727699073965
bulk_amo,0.75,0,36000,0.3117753670636956,0.805295202698803,0.07675856964640844
bulk_amo,0.75,0,36000,0.35085191433519125,0.7119842487191411,0.06786442084753676
bulk_amo,0.75,0,36000,0.3948261434249862,0.6179840552996315,0.058904575601735676
bulk_amo,0.75,0,36000,0.4443119081371701,0.5270006859672846,0.050232285902061496
bulk_amo,0.75,0,36000,0.5,0.44249597243904365,0.04217752422327705
bulk_amo,0.75,1,36000,0.004999999999999999,10.489856392948168,0.9998648567885373
bulk_amo,0.75,1,36000,0.005626677913003822,10.486503584727018,0.9995452761397371
bulk_amo,0.75,1,36000,0.006331900867337016,10.477370522268922,0.9986747372262736
bulk_amo,0.75,1,36000,0.007125513351514988,10.456473391834285,0.9966828790399819
bulk_amo,0.75,1,36000,0.008018593718756654,10.415109912971493,0.9927402236479381
bulk_amo,0.75,1,36000,0.00902360883413585,10.341205745553626,0.9856958774716629
bulk_amo,0.75,1,36000,0.010154588104523677,10.22004530728329,0.9741471908432123
bulk_amo,0.75,1,36000,0.011427319320674952,10.038436780216,0.9568367552084801
bulk_amo,0.75,1,36000,0.01285956904529672,9.787551178573763,0.932923015424115
bulk_amo,0.75,1,36000,0.01447133062358375,9.46194818974907,0.9018874155459338
bulk_amo,0.75,1,36000,0.016285103278298914,9.058583815022953,0.8634398098151009
bulk_amo,0.75,1,36000,0.018326206185398135,8.575221041225706,0.8173669721617093
bulk_amo,0.75,1,36000,0.020623131914506758,8.011680191834946,0.7636517763036065
bulk_amo,0.75,1,36000,0.023207944168063883,7.382847572869442,0.7037131448340105
bulk_amo,0.75,1,36000,0.026116725371334214,6.723475061547704,0.6408635330846817
bulk_amo,0.75,1,36000,0.029390080361374554,6.071751801741078,0.5787430273863983
bulk_amo,0.75,1,36000,0.03307370320615074,5.454934154111024,0.51994963062199
bulk_amo,0.75,1,36000,0.03721901506625844,4.887590181955759,0.4658719313457434
bulk_amo,0.75,1,36000,0.04188388200341457,4.3750368705233535,0.41701673027012415
bulk_amo,0.75,1,36000,0.047133422755894265,3.9170389939959858,0.3733616063037618
bulk_amo,0.75,1,36000,0.05304091775697241,3.5103582155166286,0.334597889899954
bulk_amo,0.75,1,36000,0.05968883208572181,3.150274869470105,0.3002757152447529
bulk_amo,0.75,1,36000,0.067169966629945,2.831586287866041,0.2698991780387812
bulk_amo,0.75,1,36000,0.0755887535307831,2.5491976139394095,0.24298265025827062
bulk_amo,0.75,1,36000,0.08506271399262945,2.2983783489272738,0.21907523350280803
bulk_amo,0.75,1,36000,0.09572409880849786,2.0750341520236315,0.19778666623493443
bulk_amo,0.75,1,36000,0.10772173450159415,1.87593844357804,0.1788093995732108
bulk_amo,0.75,1,36000,0.1212231008541164,1.698647042354049,0.16191046074561793
bulk_amo,0.75,1,36000,0.1364166688243384,1.5411774621035532,0.14690088450284325
bulk_amo,0.75,1,36000,0.15351453148789246,1.4018343163514209,0.13361907117262634
bulk_amo,0.75,1,36000,0.1727553647296109,1.278964318747709,0.12190743395324251
bulk_amo,0.75,1,36000,0.19440775901540433,1.1704967336553316,0.11156859590132252
bulk_amo,0.75,1,36000,0.2187739687537092,1.0734747872977493,0.10232072530460172
bulk_amo,0.75,1,36000,0.24619413158533693,0.9835122850382612,0.0937457419045915
bulk_amo,0.75,1,36000,0.27705101650047453,0.8953672346359678,0.08534399312027495
bulk_amo,0.75,1,36000,0.3117753670636956,0.8050979008735094,0.07673976336785691
bulk_amo,0.75,1,36000,0.35085191433519125,0.7118807946080241,0.0678545598803203
bulk_amo,0.75,1,36000,0.3948261434249862,0.6179532410655824,0.05890163847194471
bulk_amo,0.75,1,36000,0.4443119081371701,0.527018706821798,0.05023400360137427
bulk_amo,0.75,1,36000,0.5,0.44254219286860375,0.042181929830127286
bulk_amo,0.75,2,36000,0.004999999999999999,10.489884076545852,0.9998674955145025
bulk_amo,0.75,2,36000,0.005626677913003822,10.486583818669187,0.9995529238229933
bulk_amo,0.75,2,36000,0.006331900867337016,10.477586544788489,0.9986953279109788
bulk_amo,0.75,2,36000,0.007125513351514988,10.456910972308114,0.9967245880321175
bulk_amo,0.75,2,36000,0.008018593718756654,10.415745389983002,0.9928007956050082
bulk_amo,0.75,2,36000,0.00902360883413585,10.341986313823865,0.9857702791367096
bulk_amo,0.75,2,36000,0.010154588104523677,10.2211801616907,0.9742553621085791
bulk_amo,0.75,2,36000,0.011427319320674952,10.04027653378979,0.9570121155637297
bulk_amo,0.75,2,36000,0.01285956904529672,9.790228633855566,0.9331782232498101
bulk_amo,0.75,2,36000,0.01447133062358375,9.46526167593776,0.9022032481245145
bulk_amo,0.75,2,36000,0.016285103278298914,9.061986176643703,0.8637641137604782
bulk_amo,0.75,2,36000,0.018326206185398135,8.578322682085178,0.8176626122141174
bulk_amo,0.75,2,36000,0.020623131914506758,8.01485409641046,0.7639543043387843
bulk_amo,0.75,2,36000,0.023207944168063883,7.3868278061322235,0.7040925299478002
bulk_amo,0.75,2,36000,0.026116725371334214,6.728489815973608,0.6413415259692418
bulk_amo,0.75,2,36000,0.029390080361374554,6.077501651743147,0.5792910876012873
bulk_amo,0.75,2,36000,0.03307370320615074,5.460980718879317,0.5205259728891898
bulk_amo,0.75,2,36000,0.03721901506625844,4.893495760265489,0.4664348351634621
bulk_amo,0.75,2,36000,0.04188388200341457,4.380464599370527,0.4175340867641668
bulk_amo,0.75,2,36000,0.047133422755894265,3.9218166375883126,0.3738169984223269
bulk_amo,0.75,2,36000,0.05304091775697241,3.5144695911317982,0.33498977514953937
bulk_amo,0.75,2,36000,0.05968883208572181,3.1537733960533196,0.3006091853753305
bulk_amo,0.75,2,36000,0.067169966629945,2.834521386011386,0.2701789436882642
bulk_amo,0.75,2,36000,0.0755887535307831,2.5516021152501724,0.2432118408466518
bulk_amo,0.75,2,36000,0.08506271399262945,2.3002894283809665,0.21925739244881254
bulk_amo,0.75,2,36000,0.09572409880849786,2.076507768232143,0.19792712736272214
bulk_amo,0.75,2,36000,0.10772173450159415,1.8770731876695557,0.17891756032356365
bulk_amo,0.75,2,36000,0.1212231008541164,1.6995287187127317,0.16199449976131894
bulk_amo,0.75,2,36000,0.1364166688243384,1.5418569332393628,0.1469656498613428
bulk_amo,0.75,2,36000,0.15351453148789246,1.40234746885213,0.1336679834868099
bulk_amo,0.75,2,36000,0.1727553647296109,1.2793466565429579,0.12194387736205296
bulk_amo,0.75,2,36000,0.19440775901540433,1.1708138272441495,0.11159882040811227
bulk_amo,0.75,2,36000,0.2187739687537092,1.0738083653295953,0.1023525210640998
bulk_amo,0.75,2,36000,0.24619413158533693,0.9838977372272514,0.09378248216902474
bulk_amo,0.75,2,36000,0.27705101650047453,0.8958045772553597,0.0853856794407664
bulk_amo,0.75,2,36000,0.3117753670636956,0.8055722752430726,0.07678497945502913
bulk_amo,0.75,2,36000,0.35085191433519125,0.7123697634496372,0.06790116707325787
bulk_amo,0.75,2,36000,0.3948261434249862,0.6184319406475125,0.05894726682670971
bulk_amo,0.75,2,36000,0.4443119081371701,0.5274655773616385,0.05027659809757929
bulk_amo,0.75,2,36000,0.5,0.44294284576475174,0.042220118985023466
chabazite,1.0,0,17280,0.004999999999999999,9.172444449913966,0.9400592079570019
chabazite,1.0,0,17280,0.005626677913003822,8.974051644519946,0.9197264619238744
chabazite,1.0,0,17280,0.006331900867337016,8.739188848766394,0.895656004483631
chabazite,1.0,0,17280,0.007125513351514988,8.464516530536274,0.8675055759546753
chabazite,1.0,0,17280,0.008018593718756654,8.14833830988012,0.8351013189099715
chabazite,1.0,0,17280,0.00902360883413585,7.791692804514285,0.798549678491067
chabazite,1.0,0,17280,0.010154588104523677,7.398455621572488,0.7582478552689078
chabazite,1.0,0,17280,0.011427319320674952,6.975019773436754,0.7148510519202854
chabazite,1.0,0,17280,0.01285956904529672,6.529949308253962,0.6692369747493176
chabazite,1.0,0,17280,0.01447133062358375,6.07327997112023,0.6224341603296335
chabazite,1.0,0,17280,0.016285103278298914,5.61534554252934,0.5755016900826829
chabazite,1.0,0,17280,0.018326206185398135,5.165558291776602,0.5294042022210103
chabazite,1.0,0,17280,0.020623131914506758,4.731579705999806,0.4849269019938651
chabazite,1.0,0,17280,0.023207944168063883,4.3190373085846305,0.4426465391657827
chabazite,1.0,0,17280,0.026116725371334214,3.931608441785201,0.40293999467244795
chabazite,1.0,0,17280,0.029390080361374554,3.5712287589758036,0.36600564843186917
chabazite,1.0,0,17280,0.03307370320615074,3.2383730724634936,0.33189216268274796
chabazite,1.0,0,17280,0.03721901506625844,2.9324663639224373,0.3005406053405243
chabazite,1.0,0,17280,0.04188388200341457,2.6523828299165255,0.271835595833286
chabazite,1.0,0,17280,0.047133422755894265,2.396828892634058,0.24564455884376213
chabazite,1.0,0,17280,0.05304091775697241,2.164512028845131,0.22183502713593892
chabazite,1.0,0,17280,0.05968883208572181,1.9541965822174934,0.20028036160948218
chabazite,1.0,0,17280,0.067169966629945,1.764747456742949,0.18086422932171267
chabazite,1.0,0,17280,0.0755887535307831,1.5951603268340278,0.16348369963931408
chabazite,1.0,0,17280,0.08506271399262945,1.4445456046858374,0.14804760109628942
chabazite,1.0,0,17280,0.09572409880849786,1.3120583143347009,0.13446933437448583
chabazite,1.0,0,17280,0.10772173450159415,1.1967959895276972,0.12265640813034043
chabazite,1.0,0,17280,0.1212231008541164,1.0977054137359656,0.11250088102920305
chabazite,1.0,0,17280,0.1364166688243384,1.013533994372632,0.10387437821946903
chabazite,1.0,0,17280,0.15351453148789246,0.9428155567049659,0.09662663538877286
chabazite,1.0,0,17280,0.1727553647296109,0.8837675633903512,0.0905749650701472
chabazite,1.0,0,17280,0.19440775901540433,0.8338854873899577,0.0854626850108637
chabazite,1.0,0,17280,0.2187739687537092,0.7893147919565942,0.08089475408732744
chabazite,1.0,0,17280,0.24619413158533693,0.7447839898328926,0.0763309117220036
chabazite,1.0,0,17280,0.27705101650047453,0.6949465535951234,0.07122320667215461
chabazite,1.0,0,17280,0.3117753670636956,0.6366562033377008,0.06524918515654402
chabazite,1.0,0,17280,0.35085191433519125,0.5703618205783785,0.058454851836889914
chabazite,1.0,0,17280,0.3948261434249862,0.4994661519912699,0.05118894508504205
chabazite,1.0,0,17280,0.4443119081371701,0.4284322379113855,0.043908869923763943
chabazite,1.0,0,17280,0.5,0.3611347114276871,0.03701172709676931
chabazite,0.25,0,4320,0.004999999999999999,8.13690888966087,0.9720342261536022
chabazite,0.25,0,4320,0.005626677913003822,8.039362948337708,0.9603813989099589
chabazite,0.25,0,4320,0.006331900867337016,7.918749547056799,0.9459729354789853
chabazite,0.25,0,4320,0.007125513351514988,7.769826294439973,0.9281825803728085
chabazite,0.25,0,4320,0.008018593718756654,7.584858197818067,0.9060863122320364
chabazite,0.25,0,4320,0.00902360883413585,7.355573240450321,0.8786959568617296
chabazite,0.25,0,4320,0.010154588104523677,7.076625010360469,0.8453728324849976
chabazite,0.25,0,4320,0.011427319320674952,6.748462907585025,0.8061706243799536
chabazite,0.25,0,4320,0.01285956904529672,6.377816035828597,0.7618931905227547
chabazite,0.25,0,4320,0.01447133062358375,5.976010353056013,0.7138935285854996
chabazite,0.25,0,4320,0.016285103278298914,5.556526165933315,0.6637819944952512
chabazite,0.25,0,4320,0.018326206185398135,5.132614771092066,0.6131415866659605
chabazite,0.25,0,4320,0.020623131914506758,4.715406032963257,0.5633018774580995
chabazite,0.25,0,4320,0.023207944168063883,4.313251115941747,0.5152604960365161
chabazite,0.25,0,4320,0.026116725371334214,3.9319169141951686,0.46970635493366725
chabazite,0.25,0,4320,0.029390080361374554,3.574890830600167,0.4270560589072627
chabazite,0.25,0,4320,0.03307370320615074,3.243723175109948,0.387494807810969
chabazite,0.25,0,4320,0.03721901506625844,2.9385388110942223,0.35103751780897063
chabazite,0.25,0,4320,0.04188388200341457,2.6586379863130305,0.3176005965769227
chabazite,0.25,0,4320,0.047133422755894265,2.402971455966853,0.28705870144839307
chabazite,0.25,0,4320,0.05304091775697241,2.170389795650431,0.25927452231244896
chabazite,0.25,0,4320,0.05968883208572181,1.9597459826861732,0.23411103596827657
chabazite,0.25,0,4320,0.067169966629945,1.7699529009978396,0.21143837565096094
chabazite,0.25,0,4320,0.0755887535307831,1.600017778136329,0.19113794487473648
chabazite,0.25,0,4320,0.08506271399262945,1.4490370667340189,0.17310180597209462
chabazite,0.25,0,4320,0.09572409880849786,1.3161450156834145,0.1572265364125355
chabazite,0.25,0,4320,0.10772173450159415,1.2004288112462826,0.14340309156895345
chabazite,0.25,0,4320,0.1212231008541164,1.1008421796220311,0.13150648369011586
chabazite,0.25,0,4320,0.1364166688243384,1.0161528529686294,0.12138950619739626
chabazite,0.25,0,4320,0.15351453148789246,0.9449196073319654,0.1128799906383828
chabazite,0.25,0,4320,0.1727553647296109,0.8853814625865062,0.10576757052417826
chabazite,0.25,0,4320,0.19440775901540433,0.8350474499095238,0.09975467499774018
chabazite,0.25,0,4320,0.2187739687537092,0.7900686569230718,0.09438151341675421
chabazite,0.25,0,4320,0.24619413158533693,0.7451760494035252,0.08901864754200818
chabazite,0.25,0,4320,0.27705101650047453,0.6950288409906289,0.08302806763207082
chabazite,0.25,0,4320,0.3117753670636956,0.6364919258512087,0.07603525429465409
chabazite,0.25,0,4320,0.35085191433519125,0.5700247112437297,0.06809508826948688
chabazite,0.25,0,4320,0.3948261434249862,0.499030826928411,0.059614166787157814
chabazite,0.25,0,4320,0.4443119081371701,0.42796210911703336,0.05112430570375685
chabazite,0.25,0,4320,0.5,0.3606751247441203,0.04308621007407111
chabazite,0.25,1,4320,0.004999999999999999,8.123368419505503,0.9704166831028314
chabazite,0.25,1,4320,0.005626677913003822,8.021388336231738,0.9582341537575597
chabazite,0.25,1,4320,0.006331900867337016,7.8960306260705595,0.9432589357182206
chabazite,0.25,1,4320,0.007125513351514988,7.742447433248669,0.9249119046761847
chabazite,0.25,1,4320,0.008018593718756654,7.553575244581072,0.9023492541361593
chabazite,0.25,1,4320,0.00902360883413585,7.321615285312907,0.8746393433379263
chabazite,0.25,1,4320,0.010154588104523677,7.041065203238092,0.841124861902177
chabazite,0.25,1,4320,0.011427319320674952,6.711973690955813,0.8018116266413657
chabazite,0.25,1,4320,0.01285956904529672,6.3409033604810165,0.7574836064530184
chabazite,0.25,1,4320,0.01447133062358375,5.939329508717738,0.7095116390222133
chabazite,0.25,1,4320,0.016285103278298914,5.520934709988759,0.6595302431476718
chabazite,0.25,1,4320,0.018326206185398135,5.098888339403472,0.6091126309074659
chabazite,0.25,1,4320,0.020623131914506758,4.684104991586169,0.5595626585550293
chabazite,0.25,1,4320,0.023207944168063883,4.284698485191132,0.5118496019595787
chabazite,0.25,1,4320,0.026116725371334214,3.9061695366007934,0.4666305760851128
chabazite,0.25,1,4320,0.029390080361374554,3.5518084080184833,0.4242986352865501
chabazite,0.25,1,4320,0.03307370320615074,3.2230892718983473,0.3850298840404323
chabazite,0.25,1,4320,0.03721901506625844,2.920134270895306,0.34883891349465934
chabazite,0.25,1,4320,0.04188388200341457,2.6422637761578245,0.3156445352626175
chabazite,0.25,1,4320,0.047133422755894265,2.3884559090112236,0.2853246758320881
chabazite,0.25,1,4320,0.05304091775697241,2.1575934198302327,0.2577458686877584
chabazite,0.25,1,4320,0.05968883208572181,1.9485636321266742,0.2327751936207615
chabazite,0.25,1,4320,0.067169966629945,1.7603145179786055,0.21028697549317157
chabazite,0.25,1,4320,0.0755887535307831,1.5918848661839589,0.19016638812226475
chabazite,0.25,1,4320,0.08506271399262945,1.4423918088441472,0.17230796420759112
chabazite,0.25,1,4320,0.09572409880849786,1.3109728020712672,0.1566086643527447
chabazite,0.25,1,4320,0.10772173450159415,1.1966991707164343,0.1429575491282769
chabazite,0.25,1,4320,0.1212231008541164,1.0984953161220279,0.13122612763881333
chabazite,0.25,1,4320,0.1364166688243384,1.015096342252526,0.1212632955453813
chabazite,0.25,1,4320,0.15351453148789246,0.9450346844617866,0.11289373773944422
chabazite,0.25,1,4320,0.1727553647296109,0.8865354501113247,0.10590542574486327
chabazite,0.25,1,4320,0.19440775901540433,0.8371082536909975,0.10000085838705212
chabazite,0.25,1,4320,0.2187739687537092,0.7929151365272148,0.09472155355199413
chabazite,0.25,1,4320,0.24619413158533693,0.7486947530121361,0.08943899148165901
chabazite,0.25,1,4320,0.27705101650047453,0.6990904516019423,0.08351326718156091
chabazite,0.25,1,4320,0.3117753670636956,0.6409196523624308,0.07656419000861105
chabazite,0.25,1,4320,0.35085191433519125,0.5745889849354535,0.06864033589435894
chabazite,0.25,1,4320,0.3948261434249862,0.5034880130588254,0.060146621743929554
chabazite,0.25,1,4320,0.4443119081371701,0.43210932983247524,0.05161973222671387
chabazite,0.25,1,4320,0.5,0.3643829147026941,0.04352914224794637
chabazite,0.25,2,4320,0.004999999999999999,8.137615351861546,0.9721186200491041
chabazite,0.25,2,4320,0.005626677913003822,8.039078003797625,0.9603473594670608
chabazite,0.25,2,4320,0.006331900867337016,7.916084019981202,0.9456545119125729
chabazite,0.25,2,4320,0.007125513351514988,7.763201456238018,0.9273911779419404
chabazite,0.25,2,4320,0.008018593718756654,7.573143750513031,0.9046869056667943
chabazite,0.25,2,4320,0.00902360883413585,7.338681380184367,0.876678057123074
chabazite,0.25,2,4320,0.010154588104523677,7.055501491223082,0.8428494192507114
chabazite,0.25,2,4320,0.011427319320674952,6.724507445275447,0.8033089075309632
chabazite,0.25,2,4320,0.01285956904529672,6.352217661309401,0.7588352115649009
chabazite,0.25,2,4320,0.01447133062358375,5.949453562322132,0.710721057333802
chabazite,0.25,2,4320,0.016285103278298914,5.529332112599012,0.6605333959245611
chabazite,0.25,2,4320,0.018326206185398135,5.105073899090942,0.6098515571761104
chabazite,0.25,2,4320,0.020623131914506758,4.688194426654437,0.5600511820110361
chabazite,0.25,2,4320,0.023207944168063883,4.287448797671589,0.5121781539809758
chabazite,0.25,2,4320,0.026116725371334214,3.9085921409460096,0.46691998012931574
chabazite,0.25,2,4320,0.029390080361374554,3.554760709887301,0.4246513169376958
chabazite,0.25,2,4320,0.03307370320615074,3.227062249073648,0.3855044954495666
chabazite,0.25,2,4320,0.03721901506625844,2.92521567432337,0.34944593738001317
chabazite,0.25,2,4320,0.04188388200341457,2.6482264164677103,0.3163568316073408
chabazite,0.25,2,4320,0.047133422755894265,2.3948976126306523,0.2860942010262043
chabazite,0.25,2,4320,0.05304091775697241,2.164046596276458,0.2585167644244809
chabazite,0.25,2,4320,0.05968883208572181,1.9545571323994055,0.2334911764931958
chabazite,0.25,2,4320,0.067169966629945,1.7654146419548993,0.2108962357331238
chabazite,0.25,2,4320,0.0755887535307831,1.5957323691445537,0.19062601039573981
chabazite,0.25,2,4320,0.08506271399262945,1.4447328163421842,0.17258762070155356
chabazite,0.25,2,4320,0.09572409880849786,1.311675324046147,0.15669258754931337
chabazite,0.25,2,4320,0.10772173450159415,1.1957496384570456,0.14284411811073958
chabazite,0.25,2,4320,0.1212231008541164,1.0959765769449534,0.13092523933834566
chabazite,0.25,2,4320,0.1364166688243384,1.0111552992304964,0.12079249898662613
chabazite,0.25,2,4320,0.15351453148789246,0.9398493719461258,0.11227430088610432
chabazite,0.25,2,4320,0.1727553647296109,0.8802871382276938,0.1051590031058819
chabazite,0.25,2,4320,0.19440775901540433,0.8299599692206182,0.09914692512348568
chabazite,0.25,2,4320,0.2187739687537092,0.7850007803698831,0.09377610545036047
chabazite,0.25,2,4320,0.24619413158533693,0.7401312140904466,0.0884159920795817
chabazite,0.25,2,4320,0.27705101650047453,0.6900238969299518,0.0824301775741959
chabazite,0.25,2,4320,0.3117753670636956,0.6315853968650862,0.07544912089058145
chabazite,0.25,2,4320,0.35085191433519125,0.5653238838296222,0.06753352795220721
chabazite,0.25,2,4320,0.3948261434249862,0.4946632109030724,0.059092411865123415
chabazite,0.25,2,4320,0.4443119081371701,0.4240331781905974,0.05065495605458702
chabazite,0.25,2,4320,0.5,0.3572426475233931,0.0426761667290757
chabazite,0.5,0,8640,0.004999999999999999,8.681494340576089,0.9577827827960952
chabazite,0.5,0,8640,0.005626677913003822,8.538636897764937,0.9420220861059767
chabazite,0.5,0,8640,0.006331900867337016,8.366189554898913,0.9229968941912571
chabazite,0.5,0,8640,0.007125513351514988,8.15849523891973,0.9000830924739973
chabazite,0.5,0,8640,0.008018593718756654,7.909343187037254,0.8725954807530503
chabazite,0.5,0,8640,0.00902360883413585,7.614476007470571,0.8400643637907748
chabazite,0.5,0,8640,0.010154588104523677,7.273690891958293,0.8024673668376927
chabazite,0.5,0,8640,0.011427319320674952,6.891519564038197,0.760304450685184
chabazite,0.5,0,8640,0.01285956904529672,6.476699796415669,0.714539607006674
chabazite,0.5,0,8640,0.01447133062358375,6.0408265282334295,0.6664520433490201
chabazite,0.5,0,8640,0.016285103278298914,5.596405391824882,0.6174214391622141
chabazite,0.5,0,8640,0.018326206185398135,5.1550157298691,0.5687252813187959
chabazite,0.5,0,8640,0.020623131914506758,4.726110816693164,0.5214064989547327
chabazite,0.5,0,8640,0.023207944168063883,4.316586028637618,0.47622582201820957
chabazite,0.5,0,8640,0.026116725371334214,3.9309149213364125,0.43367679394725567
chabazite,0.5,0,8640,0.029390080361374554,3.571523769622418,0.39402709265192754
chabazite,0.5,0,8640,0.03307370320615074,3.2392050907754677,0.3573641523199256
chabazite,0.5,0,8640,0.03721901506625844,2.933597353531299,0.32364808714279686
chabazite,0.5,0,8640,0.04188388200341457,2.6537191858169256,0.29277062759479505
chabazite,0.5,0,8640,0.047133422755894265,2.398359694126667,0.2645981822795496
chabazite,0.5,0,8640,0.05304091775697241,2.16624820677682,0.23899056479441003
chabazite,0.5,0,8640,0.05968883208572181,1.9561252935369853,0.21580882894607256
chabazite,0.5,0,8640,0.067169966629945,1.7668122363526055,0.19492293308339562
chabazite,0.5,0,8640,0.0755887535307831,1.5972673645957087,0.17621795526394893
chabazite,0.5,0,8640,0.08506271399262945,1.4465873240999394,0.1595942332598533
chabazite,0.5,0,8640,0.09572409880849786,1.3139396515333073,0.14495992584937778
chabazite,0.5,0,8640,0.10772173450159415,1.198451429248417,0.13221872870279802
chabazite,0.5,0,8640,0.1212231008541164,1.099103195635778,0.12125817007976773
chabazite,0.5,0,8640,0.1364166688243384,1.0146708879419621,0.11194320569133126
chabazite,0.5,0,8640,0.15351453148789246,0.9437079424293939,0.10411424390640368
chabazite,0.5,0,8640,0.1727553647296109,0.8844436143505975,0.09757592793900724
chabazite,0.5,0,8640,0.19440775901540433,0.8343809384001569,0.09205278097778372
chabazite,0.5,0,8640,0.2187739687537092,0.7896711841739217,0.08712019320648402
chabazite,0.5,0,8640,0.24619413158533693,0.7450452637543798,0.08219685437016226
chabazite,0.5,0,8640,0.27705101650047453,0.695151896786007,0.0766923863623119
chabazite,0.5,0,8640,0.3117753670636956,0.6368329438838497,0.07025836857584451
chabazite,0.5,0,8640,0.35085191433519125,0.5705237038748414,0.06294282519939076
chabazite,0.5,0,8640,0.3948261434249862,0.4996171057195249,0.055120079916659064
chabazite,0.5,0,8640,0.4443119081371701,0.4285715219616632,0.047282001096640804
chabazite,0.5,0,8640,0.5,0.3612604885452346,0.03985593521796515
chabazite,0.5,1,8640,0.004999999999999999,8.687778044607933,0.9584760302138533
chabazite,0.5,1,8640,0.005626677913003822,8.54608406659685,0.9428436923649872
chabazite,0.5,1,8640,0.006331900867337016,8.373515084880095,0.9238050806872201
chabazite,0.5,1,8640,0.007125513351514988,8.16421358221938,0.9007139666695749
chabazite,0.5,1,8640,0.008018593718756654,7.912013827518326,0.8728901182165401
chabazite,0.5,1,8640,0.00902360883413585,7.6129684859871105,0.8398980470180039
chabazite,0.5,1,8640,0.010154588104523677,7.267587738253851,0.801794038570743
chabazite,0.5,1,8640,0.011427319320674952,6.8813994087828165,0.7591879481474212
chabazite,0.5,1,8640,0.01285956904529672,6.463895787010451,0.7131270092121031
chabazite,0.5,1,8640,0.01447133062358375,6.026748178934508,0.6648988544578318
chabazite,0.5,1,8640,0.016285103278298914,5.582042061916959,0.6158368098864534
chabazite,0.5,1,8640,0.018326206185398135,5.140875207847955,0.5671652332440881
chabazite,0.5,1,8640,0.020623131914506758,4.712346171859166,0.51988791939733
chabazite,0.5,1,8640,0.023207944168063883,4.3032021700570375,0.47474925256910633
chabazite,0.5,1,8640,0.026116725371334214,3.917957332051293,0.4322472525069272
chabazite,0.5,1,8640,0.029390080361374554,3.5591185196055863,0.3926584878453945
chabazite,0.5,1,8640,0.03307370320615074,3.2275123199916167,0.35607415153197247
chabazite,0.5,1,8640,0.03721901506625844,2.922744276268154,0.3224507252445794
chabazite,0.5,1,8640,0.04188388200341457,2.6437451606727627,0.29167024680970305
chabazite,0.5,1,8640,0.047133422755894265,2.3892234749312666,0.2635902321384885
chabazite,0.5,1,8640,0.05304091775697241,2.1578907786310104,0.23806853449956786
chabazite,0.5,1,8640,0.05968883208572181,1.9485266722843466,0.2149705137524831
chabazite,0.5,1,8640,0.067169966629945,1.760004404479153,0.1941718614474806
chabazite,0.5,1,8640,0.0755887535307831,1.5913094368998728,0.17556064900487037
chabazite,0.5,1,8640,0.08506271399262945,1.4415281768811836,0.15903608463800747
chabazite,0.5,1,8640,0.09572409880849786,1.3097906045050276,0.14450218370812862
chabazite,0.5,1,8640,0.10772173450159415,1.1951784324129455,0.13185763648823434
chabazite,0.5,1,8640,0.1212231008541164,1.0966350287123807,0.12098587043968759
chabazite,0.5,1,8640,0.1364166688243384,1.0129142037322278,0.11174940012919095
chabazite,0.5,1,8640,0.15351453148789246,0.9425609466097569,0.10398770199957401
chabazite,0.5,1,8640,0.1727553647296109,0.8838028975938016,0.09750524109014991
chabazite,0.5,1,8640,0.19440775901540433,0.8341394839334649,0.09202614259941769
chabazite,0.5,1,8640,0.2187739687537092,0.7897134745250656,0.0871248588744687
chabazite,0.5,1,8640,0.24619413158533693,0.7452521396662216,0.08221967788173344
chabazite,0.5,1,8640,0.27705101650047453,0.695419304353075,0.07672188800726837
chabazite,0.5,1,8640,0.3117753670636956,0.6370905279031234,0.0702867864413761
chabazite,0.5,1,8640,0.35085191433519125,0.5707375831800819,0.06296642135785376
chabazite,0.5,1,8640,0.3948261434249862,0.49977888549159755,0.05513792821261103
chabazite,0.5,1,8640,0.4443119081371701,0.4286856079141643,0.04729458758887104
chabazite,0.5,1,8640,0.5,0.3613359715581998,0.039864262854587995
chabazite,0.5,2,8640,0.004999999999999999,8.6663269964912,0.9561094509415372
chabazite,0.5,2,8640,0.005626677913003822,8.522437728893445,0.9402349185479442
chabazite,0.5,2,8640,0.006331900867337016,8.349386900154506,0.9211431472684213
chabazite,0.5,2,8640,0.007125513351514988,8.141242269251231,0.8981796647169397
chabazite,0.5,2,8640,0.008018593718756654,7.891438567426604,0.8706201599473402
chabazite,0.5,2,8640,0.00902360883413585,7.595565291596165,0.8379780457717443
chabazite,0.5,2,8640,0.010154588104523677,7.2537222085113635,0.8002643289216068
chabazite,0.5,2,8640,0.011427319320674952,6.871072617514703,0.7580486485648712
chabazite,0.5,2,8640,0.01285956904529672,6.456761643316366,0.7123399373403573
chabazite,0.5,2,8640,0.01447133062358375,6.022235617970924,0.6644010077706507
chabazite,0.5,2,8640,0.016285103278298914,5.5795931273169845,0.6155666320456309
chabazite,0.5,2,8640,0.018326206185398135,5.140031329448478,0.5670721326590868
chabazite,0.5,2,8640,0.020623131914506758,4.712748002596447,0.5199322512308447
chabazite,0.5,2,8640,0.023207944168063883,4.304580413901458,0.4749013068322198
chabazite,0.5,2,8640,0.026116725371334214,3.9200844159556567,0.432481922283954
chabazite,0.5,2,8640,0.029390080361374554,3.5617635584523195,0.39295030081765975
chabazite,0.5,2,8640,0.03307370320615074,3.2304267339722292,0.35639568322030457
chabazite,0.5,2,8640,0.03721901506625844,2.925696984210173,0.3227764817006164
chabazite,0.5,2,8640,0.04188388200341457,2.646575526633512,0.29198250593006525
chabazite,0.5,2,8640,0.047133422755894265,2.3918518488593685,0.2638802065595187
chabazite,0.5,2,8640,0.05304091775697241,2.160279156780995,0.23833203147153154
chabazite,0.5,2,8640,0.05968883208572181,1.9506359515924516,0.215203219243745
chabazite,0.5,2,8640,0.067169966629945,1.7617857756467024,0.19436839058948255
chabazite,0.5,2,8640,0.0755887535307831,1.5927259019937312,0.17571692001376665
chabazite,0.5,2,8640,0.08506271399262945,1.4425793639817757,0.1591520564819029
chabazite,0.5,2,8640,0.09572409880849786,1.3105204845958287,0.14458270747017357
chabazite,0.5,2,8640,0.10772173450159415,1.1956635975356156,0.13191116215824886
chabazite,0.5,2,8640,0.1212231008541164,1.0969637080396237,0.12102213186984519
chabazite,0.5,2,8640,0.1364166688243384,1.0131675764527912,0.11177735338468656
chabazite,0.5,2,8640,0.15351453148789246,0.9428030340653522,0.1040144102122162
chabazite,0.5,2,8640,0.1727553647296109,0.8840801848713026,0.09753583271065441
chabazite,0.5,2,8640,0.19440775901540433,0.8344881013368954,0.09206460369075632
chabazite,0.5,2,8640,0.2187739687537092,0.7901673802734667,0.0871749358651083
chabazite,0.5,2,8640,0.24619413158533693,0.7458425506714119,0.08228481476639414
chabazite,0.5,2,8640,0.27705101650047453,0.6961615438780523,0.07680377531950347
chabazite,0.5,2,8640,0.3117753670636956,0.6379685659111539,0.07038365567307066
chabazite,0.5,2,8640,0.35085191433519125,0.5717028208929035,0.06307291086603957
chabazite,0.5,2,8640,0.3948261434249862,0.5007666150370893,0.05524689912425574
chabazite,0.5,2,8640,0.4443119081371701,0.4296360069362687,0.04739944002376849
chabazite,0.5,2,8640,0.5,0.36220676470679275,0.03996033279973569
chabazite,0.75,0,12960,0.004999999999999999,8.973972521100801,0.9476589035930362
chabazite,0.75,0,12960,0.005626677913003822,8.799442929024258,0.9292284346471039
chabazite,0.75,0,12960,0.006331900867337016,8.591393218249797,0.9072582135057103
chabazite,0.75,0,12960,0.007125513351514988,8.34513529321643,0.8812531734089762
chabazite,0.75,0,12960,0.008018593718756654,8.056689442967931,0.8507930535958477
chabazite,0.75,0,12960,0.00902360883413585,7.72487082850247,0.8157527340899967
chabazite,0.75,0,12960,0.010154588104523677,7.352175329818032,0.7763957818788225
chabazite,0.75,0,12960,0.011427319320674952,6.944610705282539,0.7333566212036086
chabazite,0.75,0,12960,0.01285956904529672,6.511145780216572,0.6875823674193253
chabazite,0.75,0,12960,0.01447133062358375,6.062603239351225,0.6402159049645074
chabazite,0.75,0,12960,0.016285103278298914,5.610137612831709,0.5924351614272602
chabazite,0.75,0,12960,0.018326206185398135,5.163880124861238,0.5453100024437776
chabazite,0.75,0,12960,0.020623131914506758,4.732077499739977,0.4997112889053932
chabazite,0.75,0,12960,0.023207944168063883,4.320829590616555,0.4562831703382299
chabazite,0.75,0,12960,0.026116725371334214,3.93417305768833,0.41545192139020004
chabazite,0.75,0,12960,0.029390080361374554,3.5742625751404296,0.3774450774333003
chabazite,0.75,0,12960,0.03307370320615074,3.2416676553697035,0.3423227794466025
chabazite,0.75,0,12960,0.03721901506625844,2.9358486979720935,0.31002804518215726
chabazite,0.75,0,12960,0.04188388200341457,2.6557062451434477,0.28044477098856824
chabazite,0.75,0,12960,0.047133422755894265,2.399979868522557,0.25343985459078033
chabazite,0.75,0,12960,0.05304091775697241,2.167416632025403,0.22888098490439235
chabazite,0.75,0,12960,0.05968883208572181,1.9568206063422537,0.20664187080741012
chabazite,0.75,0,12960,0.067169966629945,1.767088759563742,0.18660603121997724
chabazite,0.75,0,12960,0.0755887535307831,1.5972365924268899,0.16866950220750976
chabazite,0.75,0,12960,0.08506271399262945,1.446382703875175,0.1527392070911026
chabazite,0.75,0,12960,0.09572409880849786,1.313682803421496,0.1387259880986053
chabazite,0.75,0,12960,0.10772173450159415,1.1982321278506762,0.12653430148788036
chabazite,0.75,0,12960,0.1212231008541164,1.09897498559661,0.11605266535838525
chabazite,0.75,0,12960,0.1364166688243384,1.014657045292928,0.1071486212827512
chabazite,0.75,0,12960,0.15351453148789246,0.9438110945862579,0.09966723042571148
chabazite,0.75,0,12960,0.1727553647296109,0.8846544121960858,0.09342023594893373
chabazite,0.75,0,12960,0.19440775901540433,0.8346839054334295,0.08814330919889746
chabazite,0.75,0,12960,0.2187739687537092,0.7900480272652737,0.08342972363060132
chabazite,0.75,0,12960,0.24619413158533693,0.7454767831407184,0.07872296347064571
chabazite,0.75,0,12960,0.27705101650047453,0.6956187370992085,0.07345791266556562
chabazite,0.75,0,12960,0.3117753670636956,0.6373149791614107,0.06730098771479591
chabazite,0.75,0,12960,0.35085191433519125,0.5709997650282921,0.060298046378708586
chabazite,0.75,0,12960,0.3948261434249862,0.5000671726910597,0.0528075060939844
chabazite,0.75,0,12960,0.4443119081371701,0.4289802503462958,0.04530066843311102
chabazite,0.75,0,12960,0.5,0.36161925324887073,0.03818729155300786
chabazite,0.75,1,12960,0.004999999999999999,8.979078859484023,0.9481981371400791
chabazite,0.75,1,12960,0.005626677913003822,8.80580542618563,0.9299003195977078
chabazite,0.75,1,12960,0.006331900867337016,8.59846850282231,0.9080053693951262
chabazite,0.75,1,12960,0.007125513351514988,8.352065113534715,0.8819849681531079
chabazite,0.75,1,12960,0.008018593718756654,8.062590059542702,0.8514161635753603
chabazite,0.75,1,12960,0.00902360883413585,7.72904378853975,0.8161934021134799
chabazite,0.75,1,12960,0.010154588104523677,7.354290698646991,0.776619166572773
chabazite,0.75,1,12960,0.011427319320674952,6.944790697306381,0.7333756285098565
chabazite,0.75,1,12960,0.01285956904529672,6.509803187937193,0.6874405885667093
chabazite,0.75,1,12960,0.01447133062358375,6.060182497310627,0.6399602726074123
chabazite,0.75,1,12960,0.016285103278298914,5.606988394097017,0.5921026013301264
chabazite,0.75,1,12960,0.018326206185398135,5.160264181157246,0.5449281558047422
chabazite,0.75,1,12960,0.020623131914506758,4.728200195968618,0.4993018424275682
chabazite,0.75,1,12960,0.023207944168063883,4.316816226605417,0.4558593557868067
chabazite,0.75,1,12960,0.026116725371334214,3.9300574819136136,0.41501731319219726
chabazite,0.75,1,12960,0.029390080361374554,3.5700490515746828,0.3770001258677378
chabazite,0.75,1,12960,0.03307370320615074,3.2374071725862836,0.34187286894890273
chabazite,0.75,1,12960,0.03721901506625844,2.931650063015069,0.30958466586596195
chabazite,0.75,1,12960,0.04188388200341457,2.6516945972453763,0.28002113766010095
chabazite,0.75,1,12960,0.047133422755894265,2.3962542189806335,0.25304642292472945
chabazite,0.75,1,12960,0.05304091775697241,2.1640315459245554,0.2285235170187537
chabazite,0.75,1,12960,0.05968883208572181,1.9537914504972893,0.2063219894505081
chabazite,0.75,1,12960,0.067169966629945,1.7644083773196426,0.18632298064313615
chabazite,0.75,1,12960,0.0755887535307831,1.5948908792275525,0.16842179295796605
chabazite,0.75,1,12960,0.08506271399262945,1.4443589327975852,0.1525254951952836
chabazite,0.75,1,12960,0.09572409880849786,1.3119708713081828,0.13854520665474493
chabazite,0.75,1,12960,0.10772173450159415,1.1968219928740655,0.12638539007070018
chabazite,0.75,1,12960,0.1212231008541164,1.097853587702633,0.1159342448153984
chabazite,0.75,1,12960,0.1364166688243384,1.0138065376932093,0.10705880697837798
chabazite,0.75,1,12960,0.15351453148789246,0.9432085461100725,0.09960360080940044
chabazite,0.75,1,12960,0.1727553647296109,0.8842716514484075,0.0933798160981229
chabazite,0.75,1,12960,0.19440775901540433,0.8344859362305557,0.08812240348770885
chabazite,0.75,1,12960,0.2187739687537092,0.7899913270107874,0.08342373603693824
chabazite,0.75,1,12960,0.24619413158533693,0.7455121307690251,0.07872669620936393
chabazite,0.75,1,12960,0.27705101650047453,0.6957001973239507,0.07346651493251977
chabazite,0.75,1,12960,0.3117753670636956,0.6374090200689081,0.06731091851223064
chabazite,0.75,1,12960,0.35085191433519125,0.5710876002556239,0.06030732185119687
chabazite,0.75,1,12960,0.3948261434249862,0.5001409821661082,0.05281530043545745
chabazite,0.75,1,12960,0.4443119081371701,0.4290383502714722,0.04530680383315398
chabazite,0.75,1,12960,0.5,0.36166288689736076,0.0381918993022951
chabazite,0.75,2,12960,0.004999999999999999,8.976474017228984,0.9479230636484187
chabazite,0.75,2,12960,0.005626677913003822,8.803334185894121,0.9296393545836451
chabazite,0.75,2,12960,0.006331900867337016,8.596286622624692,0.9077749610457598
chabazite,0.75,2,12960,0.007125513351514988,8.350434253300312,0.8818127479665613
chabazite,0.75,2,12960,0.008018593718756654,8.06178786204616,0.8513314508577483
chabazite,0.75,2,12960,0.00902360883413585,7.729319750920908,0.8162225439686557
chabazite,0.75,2,12960,0.010154588104523677,7.355894490118931,0.7767885282756662
chabazite,0.75,2,12960,0.011427319320674952,6.947976069478877,0.7337120064398563
chabazite,0.75,2,12960,0.01285956904529672,6.5146960545065316,0.6879572793140483
chabazite,0.75,2,12960,0.01447133062358375,6.066733295237005,0.6406520422741875
chabazite,0.75,2,12960,0.016285103278298914,5.615067750485858,0.5929557880319114
chabazite,0.75,2,12960,0.018326206185398135,5.169719372013838,0.5459266317616667
chabazite,0.75,2,12960,0.020623131914506758,4.738829870639531,0.5004243448444746
chabazite,0.75,2,12960,0.023207944168063883,4.3283618639898584,0.4570785846221186
chabazite,0.75,2,12960,0.026116725371334214,3.9422250928610767,0.4163022229490198
chabazite,0.75,2,12960,0.029390080361374554,3.582520212996151,0.37831709080510656
chabazite,0.75,2,12960,0.03307370320615074,3.24984139165111,0.34318593274292514
chabazite,0.75,2,12960,0.03721901506625844,2.9437057535252036,0.31085775673224525
chabazite,0.75,2,12960,0.04188388200341457,2.663072203970568,0.28122262231913636
chabazite,0.75,2,12960,0.047133422755894265,2.406735854706077,0.2541532923068319
chabazite,0.75,2,12960,0.05304091775697241,2.1734966895238803,0.2295230439935239
chabazite,0.75,2,12960,0.05968883208572181,1.962208261092049,0.2072108115949068
chabazite,0.75,2,12960,0.067169966629945,1.771810386320566,0.1871046389018067
chabazite,0.75,2,12960,0.0755887535307831,1.6013491900721863,0.1691037959125882
chabazite,0.75,2,12960,0.08506271399262945,1.449957912973457,0.15311675212216072
chabazite,0.75,2,12960,0.09572409880849786,1.3167925665898337,0.13905438165537312
chabazite,0.75,2,12960,0.10772173450159415,1.2009403223746349,0.12682028906442538
chabazite,0.75,2,12960,0.1212231008541164,1.1013354011224281,0.11630192718573776
chabazite,0.75,2,12960,0.1364166688243384,1.0167150994145917,0.10736595349631493
chabazite,0.75,2,12960,0.15351453148789246,0.9456062665539701,0.09985680206688632
chabazite,0.75,2,12960,0.1727553647296109,0.886221423388232,0.09358571362392945
chabazite,0.75,2,12960,0.19440775901540433,0.8360520776501813,0.08828778931400866
chabazite,0.75,2,12960,0.2187739687537092,0.7912400909564501,0.08355560654008616
chabazite,0.75,2,12960,0.24619413158533693,0.7465094733116677,0.0788320164048788
chabazite,0.75,2,12960,0.27705101650047453,0.6965056271220733,0.073551568983846
chabazite,0.75,2,12960,0.3117753670636956,0.6380691290409413,0.0673806265644024
chabazite,0.75,2,12960,0.35085191433519125,0.571634401625261,0.06036506452705364
chabazite,0.75,2,12960,0.3948261434249862,0.5005953962881071,0.05286328694172523
chabazite,0.75,2,12960,0.4443119081371701,0.4294149949904325,0.045346577826285206
chabazite,0.75,2,12960,0.5,0.36197333235842916,0.038224682599165
coesite,1.0,0,7680,0.004999999999999999,8.853255477960788,0.989591387574235
coesite,1.0,0,7680,0.005626677913003822,8.783838696429521,0.9818321797520424
coesite,1.0,0,7680,0.006331900867337016,8.687572503258066,0.9710718220605491
coesite,1.0,0,7680,0.007125513351514988,8.564041706769805,0.9572639055704756
coesite,1.0,0,7680,0.008018593718756654,8.414217883983998,0.9405170303615346
coesite,1.0,0,7680,0.00902360883413585,8.238602896226016,0.9208872930466138
coesite,1.0,0,7680,0.010154588104523677,8.035243062234233,0.898156316763622
coesite,1.0,0,7680,0.011427319320674952,7.799169584961285,0.8717687036956862
coesite,1.0,0,7680,0.01285956904529672,7.523800692796587,0.8409887623768788
coesite,1.0,0,7680,0.01447133062358375,7.202880090405646,0.8051171821415866
coesite,1.0,0,7680,0.016285103278298914,6.83246807985208,0.7637135949063184
coesite,1.0,0,7680,0.018326206185398135,6.414115713610865,0.7169513728475276
coesite,1.0,0,7680,0.020623131914506758,5.957028846664441,0.6658595199094196
coesite,1.0,0,7680,0.023207944168063883,5.476390561452983,0.6121351572986545
coesite,1.0,0,7680,0.026116725371334214,4.9894051319367945,0.5577013291861552
coesite,1.0,0,7680,0.029390080361374554,4.5117010768367765,0.5043049463625623
coesite,1.0,0,7680,0.03307370320615074,4.055464292903008,0.4533081132541815
coesite,1.0,0,7680,0.03721901506625844,3.629068502856712,0.40564682045876366
coesite,1.0,0,7680,0.04188388200341457,3.2373859264648,0.36186567066305003
coesite,1.0,0,7680,0.047133422755894265,2.8823984579567647,0.32218619429338735
coesite,1.0,0,7680,0.05304091775697241,2.563995369870052,0.2865960145530612
coesite,1.0,0,7680,0.05968883208572181,2.280769265370482,0.25493781667921733
coesite,1.0,0,7680,0.067169966629945,2.030635661954517,0.22697860322383392
coesite,1.0,0,7680,0.0755887535307831,1.8112300780010335,0.20245407924431427
coesite,1.0,0,7680,0.08506271399262945,1.6201177586962112,0.1810920948630671
coesite,1.0,0,7680,0.09572409880849786,1.4548807535078614,0.16262237853668204
coesite,1.0,0,7680,0.10772173450159415,1.3131430164656928,0.14677934269293397
coesite,1.0,0,7680,0.1212231008541164,1.1925723566690822,0.13330230175292132
coesite,1.0,0,7680,0.1364166688243384,1.0908810447143888,0.12193553991576392
coesite,1.0,0,7680,0.15351453148789246,1.00583333471597,0.11242915194843826
coesite,1.0,0,7680,0.1727553647296109,0.9352305645684654,0.10453737773602766
coesite,1.0,0,7680,0.19440775901540433,0.8767479858008894,0.09800036359297082
coesite,1.0,0,7680,0.2187739687537092,0.8274493384198871,0.0924899028377441
coesite,1.0,0,7680,0.24619413158533693,0.783149547766516,0.08753819988383643
coesite,1.0,0,7680,0.27705101650047453,0.7384421358588096,0.08254093420063821
coesite,1.0,0,7680,0.3117753670636956,0.6881207087796573,0.0769161500777876
coesite,1.0,0,7680,0.35085191433519125,0.6293666160972059,0.07034878689166564
coesite,1.0,0,7680,0.3948261434249862,0.5629200197749648,0.06292157781385223
coesite,1.0,0,7680,0.4443119081371701,0.4922819311268901,0.05502585580121456
coesite,1.0,0,7680,0.5,0.42183900622060794,0.04715194862929005
coesite,0.25,0,1920,0.004999999999999999,7.533181227220265,0.996441937632011
coesite,0.25,0,1920,0.005626677913003822,7.510907728508308,0.9934957390015852
coesite,0.25,0,1920,0.006331900867337016,7.477706344084434,0.9891040682280416
coesite,0.25,0,1920,0.007125513351514988,7.431817715970135,0.9830342084789806
coesite,0.25,0,1920,0.008018593718756654,7.371988548736696,0.9751203817002511
coesite,0.25,0,1920,0.00902360883413585,7.296743182253676,0.9651673968304264
coesite,0.25,0,1920,0.010154588104523677,7.202896857623111,0.9527539939487026
coesite,0.25,0,1920,0.011427319320674952,7.084098964219573,0.9370401541353329
coesite,0.25,0,1920,0.01285956904529672,6.930651258108546,0.9167430545447952
coesite,0.25,0,1920,0.01447133062358375,6.730950127107394,0.8903278421770026
coesite,0.25,0,1920,0.016285103278298914,6.4742796703315895,0.8563770849114761
coesite,0.25,0,1920,0.018326206185398135,6.155052003603381,0.8141516524964143
coesite,0.25,0,1920,0.020623131914506758,5.776778298603416,0.7641159806870835
coesite,0.25,0,1920,0.023207944168063883,5.352646843680748,0.7080145335020973
coesite,0.25,0,1920,0.026116725371334214,4.902338306687467,0.6484505461772638
coesite,0.25,0,1920,0.029390080361374554,4.446666715433903,0.5881771676911728
coesite,0.25,0,1920,0.03307370320615074,4.0030917871108675,0.5295038598639188
coesite,0.25,0,1920,0.03721901506625844,3.5839577052248583,0.4740634338227921
coesite,0.25,0,1920,0.04188388200341457,3.1966284875704285,0.42282995562815073
coesite,0.25,0,1920,0.047133422755894265,2.8444813916559983,0.37625014770894843
coesite,0.25,0,1920,0.05304091775697241,2.5281753003521183,0.3344111629564275
coesite,0.25,0,1920,0.05968883208572181,2.2467424184524964,0.2971849874941787
coesite,0.25,0,1920,0.067169966629945,1.9983485310504805,0.26432900288511824
coesite,0.25,0,1920,0.0755887535307831,1.7807611188740209,0.2355479054902995
coesite,0.25,0,1920,0.08506271399262945,1.5915992031760988,0.21052675438309684
coesite,0.25,0,1920,0.09572409880849786,1.4284441706983693,0.18894563057990482
coesite,0.25,0,1920,0.10772173450159415,1.2888816004625943,0.17048516962562157
coesite,0.25,0,1920,0.1212231008541164,1.1705178754708003,0.1548287588850975
coesite,0.25,0,1920,0.1364166688243384,1.0709949148979636,0.1416644862251306
coesite,0.25,0,1920,0.15351453148789246,0.9880106283888217,0.13068784558048605
coesite,0.25,0,1920,0.1727553647296109,0.9193143126030037,0.12160112803777538
coesite,0.25,0,1920,0.19440775901540433,0.8625499123104036,0.11409268939678055
coesite,0.25,0,1920,0.2187739687537092,0.8147708804390227,0.1077727789021185
coesite,0.25,0,1920,0.24619413158533693,0.7717960649213099,0.10208833999746081
coesite,0.25,0,1920,0.27705101650047453,0.7282317213104635,0.09632592201627592
coesite,0.25,0,1920,0.3117753670636956,0.6789008622546342,0.08980074556027547
coesite,0.25,0,1920,0.35085191433519125,0.6210411050585859,0.08214741998209577
coesite,0.25,0,1920,0.3948261434249862,0.5554592124574034,0.07347265879342722
coesite,0.25,0,1920,0.4443119081371701,0.48569601566490755,0.06424482092645363
coesite,0.25,0,1920,0.5,0.4161344004895802,0.05504364701075688
coesite,0.25,1,1920,0.004999999999999999,7.535962014085958,0.996809762667546
coesite,0.25,1,1920,0.005626677913003822,7.516240557036644,0.994201132092705
coesite,0.25,1,1920,0.006331900867337016,7.486515499816815,0.9902692880657323
coesite,0.25,1,1920,0.007125513351514988,7.444965763101876,0.984773349641905
coesite,0.25,1,1920,0.008018593718756654,7.3902313929834085,0.9775334306527215
coesite,0.25,1,1920,0.00902360883413585,7.320596822351975,0.968322606647129
coesite,0.25,1,1920,0.010154588104523677,7.232431079882671,0.9566605955247316
coesite,0.25,1,1920,0.011427319320674952,7.118679037545935,0.9416141892248209
coesite,0.25,1,1920,0.01285956904529672,6.968797484207174,0.9217887979433105
coesite,0.25,1,1920,0.01447133062358375,6.770904419131666,0.8956127451894941
coesite,0.25,1,1920,0.016285103278298914,6.515015235281473,0.8617653298036244
coesite,0.25,1,1920,0.018326206185398135,6.196444448210384,0.8196267853073034
coesite,0.25,1,1920,0.020623131914506758,5.819309574888279,0.7697417510054871
coesite,0.25,1,1920,0.023207944168063883,5.397336953168958,0.7139258607287026
coesite,0.25,1,1920,0.026116725371334214,4.950192621703669,0.6547804146538773
coesite,0.25,1,1920,0.029390080361374554,4.497890360976092,0.59495271006525
coesite,0.25,1,1920,0.03307370320615074,4.056955784253932,0.536628651378014
coesite,0.25,1,1920,0.03721901506625844,3.639229564588629,0.48137444851628597
coesite,0.25,1,1920,0.04188388200341457,3.252076793728916,0.4301643095963433
coesite,0.25,1,1920,0.047133422755894265,2.8991225043648403,0.3834777311932314
coesite,0.25,1,1920,0.05304091775697241,2.581223741149991,0.34142807779527234
coesite,0.25,1,1920,0.05968883208572181,2.297499602384184,0.3038988292537374
coesite,0.25,1,1920,0.067169966629945,2.046177114000501,0.2706554676855008
coesite,0.25,1,1920,0.0755887535307831,1.8251333310667335,0.24141718325764724
coesite,0.25,1,1920,0.08506271399262945,1.6321546684506394,0.2158911768204212
coesite,0.25,1,1920,0.09572409880849786,1.465010882800939,0.1937824457793928
coesite,0.25,1,1920,0.10772173450159415,1.3214579627547145,0.17479416639395506
coesite,0.25,1,1920,0.1212231008541164,1.1992374621841282,0.15862760558338393
coesite,0.25,1,1920,0.1364166688243384,1.0960904685447421,0.14498396857229448
coesite,0.25,1,1920,0.15351453148789246,1.009782467428915,0.1335676878177248
coesite,0.25,1,1920,0.1727553647296109,0.9381026600561324,0.12408633273103978
coesite,0.25,1,1920,0.19440775901540433,0.8787105063195043,0.11623031135515398
coesite,0.25,1,1920,0.2187739687537092,0.828656349429005,0.10960946160069905
coesite,0.25,1,1920,0.24619413158533693,0.783745638659456,0.10366895462099995
coesite,0.25,1,1920,0.27705101650047453,0.7385628847340012,0.09769246347986706
coesite,0.25,1,1920,0.3117753670636956,0.6878898826231905,0.09098975676328393
coesite,0.25,1,1920,0.35085191433519125,0.6288951885943523,0.08318630886325316
coesite,0.25,1,1920,0.3948261434249862,0.562306976603334,0.07437843806093808
coesite,0.25,1,1920,0.4443119081371701,0.49161168200594785,0.06502730814579082
coesite,0.25,1,1920,0.5,0.42117598286620533,0.055710515888667766
coesite,0.25,2,1920,0.004999999999999999,7.534653087039672,0.9966366260121436
coesite,0.25,2,1920,0.005626677913003822,7.51320441464687,0.9937995302309495
coesite,0.25,2,1920,0.006331900867337016,7.480770906219296,0.9895094292753268
coesite,0.25,2,1920,0.007125513351514988,7.435395711823144,0.9835074833164064
coesite,0.25,2,1920,0.008018593718756654,7.375701405927576,0.9756114951491169
coesite,0.25,2,1920,0.00902360883413585,7.30017218975131,0.9656209644231919
coesite,0.25,2,1920,0.010154588104523677,7.205627589329835,0.9531151980019344
coesite,0.25,2,1920,0.011427319320674952,7.0856541564567035,0.9372458652047225
coesite,0.25,2,1920,0.01285956904529672,6.930400079651548,0.9167098302347948
coesite,0.25,2,1920,0.01447133062358375,6.7285898923395875,0.8900156451337665
coesite,0.25,2,1920,0.016285103278298914,6.470718701885067,0.8559060623525235
coesite,0.25,2,1920,0.018326206185398135,6.152488357126432,0.81381254942882
coesite,0.25,2,1920,0.020623131914506758,5.778221339747581,0.764306857113709
coesite,0.25,2,1920,0.023207944168063883,5.360908260550703,0.709107301880447
coesite,0.25,2,1920,0.026116725371334214,4.918501511607934,0.6505885134906079
coesite,0.25,2,1920,0.029390080361374554,4.469722425249597,0.5912268322975703
coesite,0.25,2,1920,0.03307370320615074,4.030901250896075,0.5331823212128254
coesite,0.25,2,1920,0.03721901506625844,3.614283435449499,0.47807473110526794
coesite,0.25,2,1920,0.04188388200341457,3.227718109868677,0.4269422957602553
coesite,0.25,2,1920,0.047133422755894265,2.8752166117370193,0.38031560973983863
coesite,0.25,2,1920,0.05304091775697241,2.557921158933765,0.33834575845700077
coesite,0.25,2,1920,0.05968883208572181,2.275126529475733,0.3009394595734854
coesite,0.25,2,1920,0.067169966629945,2.0251041590713315,0.26786806945254976
coesite,0.25,2,1920,0.0755887535307831,1.8056515905891337,0.23884026088655136
coesite,0.25,2,1920,0.08506271399262945,1.6143996402985088,0.2135426531196117
coesite,0.25,2,1920,0.09572409880849786,1.448957440181304,0.19165899713438042
coesite,0.25,2,1920,0.10772173450159415,1.3069679604174946,0.1728775198180012
coesite,0.25,2,1920,0.1212231008541164,1.1861201309116889,0.15689252732156792
coesite,0.25,2,1920,0.1364166688243384,1.0841483729466714,0.14340434311019484
coesite,0.25,2,1920,0.15351453148789246,0.9988358745682004,0.13211974121036246
coesite,0.25,2,1920,0.1727553647296109,0.9279970839275484,0.1227496305391333
coesite,0.25,2,1920,0.19440775901540433,0.8693156262148515,0.11498761557326118
coesite,0.25,2,1920,0.2187739687537092,0.8198629705345437,0.10844632862411956
coesite,0.25,2,1920,0.24619413158533693,0.7754642637582188,0.10257354631952054
coesite,0.25,2,1920,0.27705101650047453,0.7307271816476831,0.09665600584921465
coesite,0.25,2,1920,0.3117753670636956,0.6804704455160522,0.09000836018404568
coesite,0.25,2,1920,0.35085191433519125,0.6219185277196928,0.08226347994536817
coesite,0.25,2,1920,0.3948261434249862,0.5558543761113195,0.07352492856168491
coesite,0.25,2,1920,0.4443119081371701,0.4857838558731378,0.0642564398779498
coesite,0.25,2,1920,0.5,0.4160474425578651,0.05503214476126133
coesite,0.5,0,3840,0.004999999999999999,8.204794931541732,0.9941316638629292
coesite,0.5,0,3840,0.005626677913003822,8.166059053303549,0.9894382421009692
coesite,0.5,0,3840,0.006331900867337016,8.109741881826416,0.9826145879022047
coesite,0.5,0,3840,0.007125513351514988,8.034053255833529,0.973443796880415
coesite,0.5,0,3840,0.008018593718756654,7.938161452056902,0.9618250935204077
coesite,0.5,0,3840,0.00902360883413585,7.820840362995501,0.9476099168526216
coesite,0.5,0,3840,0.010154588104523677,7.678461354104693,0.9303586043958486
coesite,0.5,0,3840,0.011427319320674952,7.503891116585703,0.9092068508013088
coesite,0.5,0,3840,0.01285956904529672,7.2877707332655755,0.8830206855092579
coesite,0.5,0,3840,0.01447133062358375,7.02119713418041,0.8507213705584736
coesite,0.5,0,3840,0.016285103278298914,6.698263519944978,0.811593210267353
coesite,0.5,0,3840,0.018326206185398135,6.319170124015931,0.7656604658661988
coesite,0.5,0,3840,0.020623131914506758,5.892452919375875,0.7139573961140283
coesite,0.5,0,3840,0.023207944168063883,5.433417247209096,0.6583384683588348
coesite,0.5,0,3840,0.026116725371334214,4.9603259766138175,0.6010164979841851
coesite,0.5,0,3840,0.029390080361374554,4.490731172285299,0.5441181759586309
coesite,0.5,0,3840,0.03307370320615074,4.038929446395789,0.4893757472639159
coesite,0.5,0,3840,0.03721901506625844,3.6149569104241497,0.4380052345168689
coesite,0.5,0,3840,0.04188388200341457,3.2247151624853703,0.390721703188651
coesite,0.5,0,3840,0.047133422755894265,2.870730320949712,0.34783122969914804
coesite,0.5,0,3840,0.05304091775697241,2.553163416045072,0.3093533252305073
coesite,0.5,0,3840,0.05968883208572181,2.2707326365443636,0.2751326794869111
coesite,0.5,0,3840,0.067169966629945,2.0213993352983035,0.2449222803614809
coesite,0.5,0,3840,0.0755887535307831,1.802809789173668,0.2184369396546056
coesite,0.5,0,3840,0.08506271399262945,1.6125293253459685,0.19538166092016246
coesite,0.5,0,3840,0.09572409880849786,1.4481340003556717,0.17546274773250756
coesite,0.5,0,3840,0.10772173450159415,1.307233958754721,0.15839063393029357
coesite,0.5,0,3840,0.1212231008541164,1.187477135212422,0.1438803321810853
coesite,0.5,0,3840,0.1364166688243384,1.0865547460797578,0.1316520993652013
coesite,0.5,0,3840,0.15351453148789246,1.0022135516783466,0.12143292233249678
coesite,0.5,0,3840,0.1727553647296109,0.9322441579333168,0.11295510047301048
coesite,0.5,0,3840,0.19440775901540433,0.8743201261392708,0.10593675149713379
coesite,0.5,0,3840,0.2187739687537092,0.825513454023479,0.1000231048352827
coesite,0.5,0,3840,0.24619413158533693,0.7816532577344234,0.09470879652191207
coesite,0.5,0,3840,0.27705101650047453,0.7373432213774885,0.08933998346358626
coesite,0.5,0,3840,0.3117753670636956,0.6873745987325798,0.08328554939358232
coesite,0.5,0,3840,0.35085191433519125,0.6289161099313625,0.07620244308516587
coesite,0.5,0,3840,0.3948261434249862,0.5626965311627478,0.06817896649972789
coesite,0.5,0,3840,0.4443119081371701,0.49221603694347976,0.05963921729542737
coesite,0.5,0,3840,0.5,0.42187107838861143,0.0511158902316784
coesite,0.5,1,3840,0.004999999999999999,8.206923585857622,0.9943895816627646
coesite,0.5,1,3840,0.005626677913003822,8.169383851475967,0.9898410903338296
coesite,0.5,1,3840,0.006331900867337016,8.114466689859261,0.9831870679349559
coesite,0.5,1,3840,0.007125513351514988,8.040190991435791,0.9741874738836234
coesite,0.5,1,3840,0.008018593718756654,7.945464006916396,0.9627099055204018
coesite,0.5,1,3840,0.00902360883413585,7.828775432903921,0.9485713673601291
coesite,0.5,1,3840,0.010154588104523677,7.6863731611859665,0.9313172362694658
coesite,0.5,1,3840,0.011427319320674952,7.5114717866247815,0.9101253605485998
coesite,0.5,1,3840,0.01285956904529672,7.295364798505276,0.8839408182822545
coesite,0.5,1,3840,0.01447133062358375,7.029479596918045,0.851724912820157
coesite,0.5,1,3840,0.016285103278298914,6.707633055113567,0.8127284673535434
coesite,0.5,1,3840,0.018326206185398135,6.329372799112196,0.7668966701167538
coesite,0.5,1,3840,0.020623131914506758,5.902840653104893,0.7152160229416282
coesite,0.5,1,3840,0.023207944168063883,5.443666312955029,0.6595802935193731
coesite,0.5,1,3840,0.026116725371334214,4.970516168240268,0.6022511896786406
coesite,0.5,1,3840,0.029390080361374554,4.500846317082581,0.5453437746251958
coesite,0.5,1,3840,0.03307370320615074,4.048749105715859,0.4905655435159709
coesite,0.5,1,3840,0.03721901506625844,3.6242526655198577,0.439131552061337
coesite,0.5,1,3840,0.04188388200341457,3.233406487855591,0.3917747851758992
coesite,0.5,1,3840,0.047133422755894265,2.878872510429495,0.3488177757911054
coesite,0.5,1,3840,0.05304091775697241,2.560853022172834,0.31028503418826014
coesite,0.5,1,3840,0.05968883208572181,2.2780453609213906,0.276018723673629
coesite,0.5,1,3840,0.067169966629945,2.0283746644141494,0.24576744414653412
coesite,0.5,1,3840,0.0755887535307831,1.8094507528341854,0.2192415901435658
coesite,0.5,1,3840,0.08506271399262945,1.618805698269916,0.19614213587535256
coesite,0.5,1,3840,0.09572409880849786,1.4539944130572329,0.17617282298466644
coesite,0.5,1,3840,0.10772173450159415,1.312625136812852,0.15904385449922057
coesite,0.5,1,3840,0.1212231008541164,1.1923612719104277,0.1444721172266148
coesite,0.5,1,3840,0.1364166688243384,1.0909189944836066,0.13218089229219454
coesite,0.5,1,3840,0.15351453148789246,1.0060710136411921,0.12190031062329602
coesite,0.5,1,3840,0.1727553647296109,0.9356288645839699,0.1133652074997402
coesite,0.5,1,3840,0.19440775901540433,0.8772793964377875,0.10629531064824371
coesite,0.5,1,3840,0.2187739687537092,0.8281010786110906,0.10033663363864691
coesite,0.5,1,3840,0.24619413158533693,0.7839257766750052,0.09498414563842388
coesite,0.5,1,3840,0.27705101650047453,0.7393573635997034,0.08958402643788774
coesite,0.5,1,3840,0.3117753670636956,0.6891807999048,0.08350439724920727
coesite,0.5,1,3840,0.35085191433519125,0.6305484659262265,0.07640022703890642
coesite,0.5,1,3840,0.3948261434249862,0.5641681988274533,0.0683572806972641
coesite,0.5,1,3840,0.4443119081371701,0.49352576016812294,0.05979790954055699
coesite,0.5,1,3840,0.5,0.4230148845182912,0.05125447917879076
coesite,0.5,2,3840,0.004999999999999999,8.204509480392918,0.9940970772549895
coesite,0.5,2,3840,0.005626677913003822,8.165845575600057,0.9894123761352333
coesite,0.5,2,3840,0.006331900867337016,8.109801472009034,0.9826218081298752
coesite,0.5,2,3840,0.007125513351514988,8.0345798378478,0.9735076000416613
coesite,0.5,2,3840,0.008018593718756654,7.939183301057282,0.9619489055663443
coesite,0.5,2,3840,0.00902360883413585,7.822035722556881,0.9477547522567462
coesite,0.5,2,3840,0.010154588104523677,7.679149902948722,0.9304420322223423
coesite,0.5,2,3840,0.011427319320674952,7.50332052028987,0.9091377146620508
coesite,0.5,2,3840,0.01285956904529672,7.28547437790788,0.8827424482599893
coesite,0.5,2,3840,0.01447133062358375,7.01725130344595,0.8502432750903847
coesite,0.5,2,3840,0.016285103278298914,6.693380068613749,0.8110015082640958
coesite,0.5,2,3840,0.018326206185398135,6.3143665441157895,0.7650784414623629
coesite,0.5,2,3840,0.020623131914506758,5.888701694077379,0.7135028799587029
coesite,0.5,2,3840,0.023207944168063883,5.4317550514485795,0.6581370688783047
coesite,0.5,2,3840,0.026116725371334214,4.961692462814055,0.6011820678992436
coesite,0.5,2,3840,0.029390080361374554,4.495505615773123,0.5446966700572856
coesite,0.5,2,3840,0.03307370320615074,4.046793360740844,0.4903285762276566
coesite,0.5,2,3840,0.03721901506625844,3.625173585493567,0.43924313507022233
coesite,0.5,2,3840,0.04188388200341457,3.2364921889285836,0.3921486632761409
coesite,0.5,2,3840,0.047133422755894265,2.883404812970296,0.34936693095020577
coesite,0.5,2,3840,0.05304091775697241,2.5662174311667,0.31093501129106527
coesite,0.5,2,3840,0.05968883208572181,2.2837605948562545,0.27671120838146607
coesite,0.5,2,3840,0.067169966629945,2.0340873994933153,0.24645962608122535
coesite,0.5,2,3840,0.0755887535307831,1.8149207868348265,0.21990436527052712
coesite,0.5,2,3840,0.08506271399262945,1.623886507746441,0.19675775072262325
coesite,0.5,2,3840,0.09572409880849786,1.4586116579211357,0.17673227015638895
coesite,0.5,2,3840,0.10772173450159415,1.3167561335004052,0.15954438554779338
coesite,0.5,2,3840,0.1212231008541164,1.196017399742172,0.14491511092420187
coesite,0.5,2,3840,0.1364166688243384,1.094132034388733,0.1325701993661181
coesite,0.5,2,3840,0.15351453148789246,1.0088834334750456,0.1222410766792716
coesite,0.5,2,3840,0.1727553647296109,0.938087082317324,0.1136630567581052
coesite,0.5,2,3840,0.19440775901540433,0.8794283164359241,0.10655568393375305
coesite,0.5,2,3840,0.2187739687537092,0.8299786459021316,0.10056412854993123
coesite,0.5,2,3840,0.24619413158533693,0.7855590337245212,0.09518203876819721
coesite,0.5,2,3840,0.27705101650047453,0.740763626266443,0.08975441585729171
coesite,0.5,2,3840,0.3117753670636956,0.6903741434876309,0.08364898838785953
coesite,0.5,2,3840,0.35085191433519125,0.6315459241891852,0.07652108378802235
coesite,0.5,2,3840,0.3948261434249862,0.5649909740389625,0.06845697202371741
coesite,0.5,2,3840,0.4443119081371701,0.49419694971101075,0.05987923403222385
coesite,0.5,2,3840,0.5,0.42355724218836427,0.05132019379292277
coesite,0.75,0,5760,0.004999999999999999,8.588100991027314,0.9918472955825185
coesite,0.75,0,5760,0.005626677913003822,8.533786228673138,0.9855744361683731
coesite,0.75,0,5760,0.006331900867337016,8.45706081438089,0.9767133509589977
coesite,0.75,0,5760,0.007125513351514988,8.35672320096555,0.9651252722189846
coesite,0.75,0,5760,0.008018593718756654,8.232645315152462,0.9507954086538163
coesite,0.75,0,5760,0.00902360883413585,8.08418562837608,0.9336496695683042
coesite,0.75,0,5760,0.010154588104523677,7.908320516544216,0.9133388539712364
coesite,0.75,0,5760,0.011427319320674952,7.699059993366624,0.8891711731064297
coesite,0.75,0,5760,0.01285956904529672,7.448889617771024,0.8602787776014629
coesite,0.75,0,5760,0.01447133062358375,7.1507907674708395,0.8258510806291748
coesite,0.75,0,5760,0.016285103278298914,6.80024126738763,0.785365812234148
coesite,0.75,0,5760,0.018326206185398135,6.398324284414522,0.7389480683083309
coesite,0.75,0,5760,0.020623131914506758,5.953852433486148,0.6876156254590382
coesite,0.75,0,5760,0.023207944168063883,5.481948699253378,0.6331150504118792
coesite,0.75,0,5760,0.026116725371334214,5.000291711118232,0.577488063540231
coesite,0.75,0,5760,0.029390080361374554,4.525346587603728,0.52263623578458
coesite,0.75,0,5760,0.03307370320615074,4.0701244542332855,0.4700622334126344
coesite,0.75,0,5760,0.03721901506625844,3.6436025348882217,0.42080284386294753
coesite,0.75,0,5760,0.04188388200341457,3.2510821792633475,0.37547032464893565
coesite,0.75,0,5760,0.047133422755894265,2.894865179073844,0.33433051170919365
coesite,0.75,0,5760,0.05304091775697241,2.5750576548233965,0.2973956609935172
coesite,0.75,0,5760,0.05968883208572181,2.2903789380772355,0.2645178669841566
coesite,0.75,0,5760,0.067169966629945,2.0388104258658357,0.23546399945846194
coesite,0.75,0,5760,0.0755887535307831,1.818020229263001,0.20996474652461183
coesite,0.75,0,5760,0.08506271399262945,1.6255907850289566,0.18774090168936927
coesite,0.75,0,5760,0.09572409880849786,1.4591152348484577,0.16851449478059488
coesite,0.75,0,5760,0.10772173450159415,1.3162265042282786,0.15201215029455378
coesite,0.75,0,5760,0.1212231008541164,1.1946001974408336,0.13796542173548654
coesite,0.75,0,5760,0.1364166688243384,1.0919546557830018,0.12611079834397182
coesite,0.75,0,5760,0.15351453148789246,1.0060575591177516,0.11619046751474305
coesite,0.75,0,5760,0.1727553647296109,0.9347104737467707,0.10795053021698224
coesite,0.75,0,5760,0.19440775901540433,0.8755860139643797,0.10112219463974458
coesite,0.75,0,5760,0.2187739687537092,0.8257437725841901,0.09536587058505985
coesite,0.75,0,5760,0.24619413158533693,0.7809947890298728,0.09019777133182705
coesite,0.75,0,5760,0.27705101650047453,0.735931410981145,0.08499336238342962
coesite,0.75,0,5760,0.3117753670636956,0.6853538957302021,0.07915212090625756
coesite,0.75,0,5760,0.35085191433519125,0.6264612446358969,0.07235055711717313
coesite,0.75,0,5760,0.3948261434249862,0.5600114702467052,0.0646762145484437
coesite,0.75,0,5760,0.4443119081371701,0.48950359581521147,0.0565331984561535
coesite,0.75,0,5760,0.5,0.4192956174353117,0.048424817621185036
coesite,0.75,1,5760,0.004999999999999999,8.585645701902187,0.9915637320937828
coesite,0.75,1,5760,0.005626677913003822,8.5300481168621,0.985142718365539
coesite,0.75,1,5760,0.006331900867337016,8.451741471958025,0.9760990154496798
coesite,0.75,1,5760,0.007125513351514988,8.349697199123758,0.9643138331205366
coesite,0.75,1,5760,0.008018593718756654,8.224083641025349,0.9498066134198632
coesite,0.75,1,5760,0.00902360883413585,8.074547121326832,0.9325365099582533
coesite,0.75,1,5760,0.010154588104523677,7.898126786245871,0.9121615711424859
coesite,0.75,1,5760,0.011427319320674952,7.688558537704141,0.8879583508062034
coesite,0.75,1,5760,0.01285956904529672,7.437938636935049,0.8590140392457442
coesite,0.75,1,5760,0.01447133062358375,7.139245542666823,0.8245177125177937
coesite,0.75,1,5760,0.016285103278298914,6.788277163793566,0.7839840674449055
coesite,0.75,1,5760,0.018326206185398135,6.386151004422671,0.7375421655539385
coesite,0.75,1,5760,0.020623131914506758,5.9416890634257165,0.6862108672112937
coesite,0.75,1,5760,0.023207944168063883,5.470246540243161,0.6317635578317515
coesite,0.75,1,5760,0.026116725371334214,4.989493432401543,0.5762409608858393
coesite,0.75,1,5760,0.029390080361374554,4.5156080595735935,0.5215115246639568
coesite,0.75,1,5760,0.03307370320615074,4.061349710674619,0.4690488306036564
coesite,0.75,1,5760,0.03721901506625844,3.6356112530214753,0.419879923730074
coesite,0.75,1,5760,0.04188388200341457,3.2437117964160427,0.37461911268692627
coesite,0.75,1,5760,0.047133422755894265,2.888002165680707,0.3335378962892491
coesite,0.75,1,5760,0.05304091775697241,2.5686409235488976,0.29665458708582315
coesite,0.75,1,5760,0.05968883208572181,2.284395327363614,0.26382681454889473
coesite,0.75,1,5760,0.067169966629945,2.0332849434939324,0.23482585666611622
coesite,0.75,1,5760,0.0755887535307831,1.8130008804110271,0.20938505753520464
coesite,0.75,1,5760,0.08506271399262945,1.6211324821759117,0.18722600839313294
coesite,0.75,1,5760,0.09572409880849786,1.4552667524434981,0.16807003018132619
coesite,0.75,1,5760,0.10772173450159415,1.3130214240796412,0.15164199278466045
coesite,0.75,1,5760,0.1212231008541164,1.1920517120051934,0.1376710949233296
coesite,0.75,1,5760,0.1364166688243384,1.090054035714676,0.12589129406978264
coesite,0.75,1,5760,0.15351453148789246,1.004775808073818,0.11604243696551407
coesite,0.75,1,5760,0.1727553647296109,0.934002017946263,0.10786871003688568
coesite,0.75,1,5760,0.19440775901540433,0.875392242588119,0.10109981581400576
coesite,0.75,1,5760,0.2187739687537092,0.8259942111111477,0.09539479394960017
coesite,0.75,1,5760,0.24619413158533693,0.7816070429430542,0.09026848107180718
coesite,0.75,1,5760,0.27705101650047453,0.7368145793577879,0.0850953602717675
coesite,0.75,1,5760,0.3117753670636956,0.6864162707340375,0.07927481552472439
coesite,0.75,1,5760,0.35085191433519125,0.6276166095596674,0.07248399122283279
coesite,0.75,1,5760,0.3948261434249862,0.5611820964692225,0.0648114111948449
coesite,0.75,1,5760,0.4443119081371701,0.4906244401213388,0.056662645745485914
coesite,0.75,1,5760,0.5,0.42031997891209294,0.048543122024161424
coesite,0.75,2,5760,0.004999999999999999,8.58632423710203,0.9916420967175366
coesite,0.75,2,5760,0.005626677913003822,8.531115730418902,0.9852660179890702
coesite,0.75,2,5760,0.006331900867337016,8.453146830108592,0.9762613214917747
coesite,0.75,2,5760,0.007125513351514988,8.351252850894836,0.9644934967043282
coesite,0.75,2,5760,0.008018593718756654,8.22542146165125,0.9499611194941583
coesite,0.75,2,5760,0.00902360883413585,8.07510766907112,0.9326012481075598
coesite,0.75,2,5760,0.010154588104523677,7.897309079060496,0.9120671334243873
coesite,0.75,2,5760,0.011427319320674952,7.68599193336713,0.8876619314262783
coesite,0.75,2,5760,0.01285956904529672,7.433592988490312,0.8585121565056637
coesite,0.75,2,5760,0.01447133062358375,7.133167748245644,0.8238157827237623
coesite,0.75,2,5760,0.016285103278298914,6.780376963127848,0.7830716663596087
coesite,0.75,2,5760,0.018326206185398135,6.376517138002351,0.7364295418941816
coesite,0.75,2,5760,0.020623131914506758,5.930771051175886,0.6849499364264269
coesite,0.75,2,5760,0.023207944168063883,5.4585752709536814,0.6304156327324916
coesite,0.75,2,5760,0.026116725371334214,4.977536387949638,0.5748600313630994
coesite,0.75,2,5760,0.029390080361374554,4.503770590321959,0.52014440498569
coesite,0.75,2,5760,0.03307370320615074,4.05000400968318,0.46773850567191616
coesite,0.75,2,5760,0.03721901506625844,3.6251238973921835,0.41866872985501447
coesite,0.75,2,5760,0.04188388200341457,3.234400591117942,0.3735437534424107
coesite,0.75,2,5760,0.047133422755894265,2.8800766121215675,0.33262256717611455
coesite,0.75,2,5760,0.05304091775697241,2.562190551765665,0.2959096280063497
coesite,0.75,2,5760,0.05968883208572181,2.2794103063430904,0.2632510901107688
coesite,0.75,2,5760,0.067169966629945,2.0296832158213034,0.2344098899867241
coesite,0.75,2,5760,0.0755887535307831,1.8106541020087987,0.2091140260447723
coesite,0.75,2,5760,0.08506271399262945,1.6198878493397983,0.18708226465819294
coesite,0.75,2,5760,0.09572409880849786,1.45496343340339,0.16803499960006682
coesite,0.75,2,5760,0.10772173450159415,1.3135022246261128,0.15169752086033522
coesite,0.75,2,5760,0.1212231008541164,1.193171062437907,0.13780036968391474
coesite,0.75,2,5760,0.1364166688243384,1.0916830571815614,0.12607943118392048
coesite,0.75,2,5760,0.15351453148789246,1.0068048893285526,0.11627677733448835
coesite,0.75,2,5760,0.1727553647296109,0.9363414461555309,0.1081388926471037
coesite,0.75,2,5760,0.19440775901540433,0.8779723120772125,0.10139779029612304
coesite,0.75,2,5760,0.2187739687537092,0.8287665483190908,0.09571497359874659
coesite,0.75,2,5760,0.24619413158533693,0.7845452505708264,0.09060781724082878
coesite,0.75,2,5760,0.27705101650047453,0.7399058941883365,0.0854523789255627
coesite,0.75,2,5760,0.3117753670636956,0.6896375345553648,0.07964684210113275
coesite,0.75,2,5760,0.35085191433519125,0.630905848743539,0.0728638683333204
coesite,0.75,2,5760,0.3948261434249862,0.5644329371364848,0.06518685362706159
coesite,0.75,2,5760,0.4443119081371701,0.4937131676620083,0.05701936559090983
coesite,0.75,2,5760,0.5,0.42314257727050913,0.0488691063775401
