scope,subsample,rep,n,h,H,f_uniq
BCC_alloys,1.0,0,26730,0.004999999999999999,10.193012366072873,0.9999480609321073
BCC_alloys,1.0,0,26730,0.005626677913003822,10.192765368540597,0.9999238301458996
BCC_alloys,1.0,0,26730,0.006331900867337016,10.192106970273384,0.9998592404007903
BCC_alloys,1.0,0,26730,0.007125513351514988,10.190249481024061,0.9996770182365904
BCC_alloys,1.0,0,26730,0.008018593718756654,10.185165411609438,0.9991782642696356
BCC_alloys,1.0,0,26730,0.00902360883413585,10.172217317782586,0.9979080390555446
BCC_alloys,1.0,0,26730,0.010154588104523677,10.1421818133546,0.9949615161501228
BCC_alloys,1.0,0,26730,0.011427319320674952,10.07955570909596,0.9888178120842278
BCC_alloys,1.0,0,26730,0.01285956904529672,9.963188574684088,0.9774020415315812
BCC_alloys,1.0,0,26730,0.01447133062358375,9.771379167048064,0.9585852837031912
BCC_alloys,1.0,0,26730,0.016285103278298914,9.491022040794283,0.9310818769871277
BCC_alloys,1.0,0,26730,0.018326206185398135,9.125864817156636,0.8952594680075048
BCC_alloys,1.0,0,26730,0.020623131914506758,8.697240622310101,0.8532108647965476
BCC_alloys,1.0,0,26730,0.023207944168063883,8.235742688481984,0.8079373040980831
BCC_alloys,1.0,0,26730,0.026116725371334214,7.769538240699513,0.7622020281251359
BCC_alloys,1.0,0,26730,0.029390080361374554,7.31667393518895,0.7177754378398224
BCC_alloys,1.0,0,26730,0.03307370320615074,6.883897212281775,0.6753194661068743
BCC_alloys,1.0,0,26730,0.03721901506625844,6.469927026241782,0.6347084406368955
BCC_alloys,1.0,0,26730,0.04188388200341457,6.070188667408358,0.5954935763318041
BCC_alloys,1.0,0,26730,0.047133422755894265,5.68082352678189,0.5572963385201523
BCC_alloys,1.0,0,26730,0.05304091775697241,5.300728861303603,0.520008546642187
BCC_alloys,1.0,0,26730,0.05968883208572181,4.9313897028828535,0.4837758843020142
BCC_alloys,1.0,0,26730,0.067169966629945,4.575315786503656,0.4488445598373251
BCC_alloys,1.0,0,26730,0.0755887535307831,4.2344202256914505,0.4154022522277386
BCC_alloys,1.0,0,26730,0.08506271399262945,3.9092577423803974,0.3835033804322924
BCC_alloys,1.0,0,26730,0.09572409880849786,3.599090908305285,0.35307560175803254
BCC_alloys,1.0,0,26730,0.10772173450159415,3.302169347700532,0.3239472020158816
BCC_alloys,1.0,0,26730,0.1212231008541164,3.0158248322738257,0.29585642446394633
BCC_alloys,1.0,0,26730,0.1364166688243384,2.7365863191873387,0.26846275518637475
BCC_alloys,1.0,0,26730,0.15351453148789246,2.460831463849828,0.24141083736420557
BCC_alloys,1.0,0,26730,0.1727553647296109,2.1862256149662445,0.21447163860234356
BCC_alloys,1.0,0,26730,0.19440775901540433,1.9134673674950087,0.187713691994732
BCC_alloys,1.0,0,26730,0.2187739687537092,1.6471332906622174,0.16158596506529835
BCC_alloys,1.0,0,26730,0.24619413158533693,1.3945741816953234,0.1368095807922077
BCC_alloys,1.0,0,26730,0.27705101650047453,1.1632634466518526,0.11411769024281822
BCC_alloys,1.0,0,26730,0.3117753670636956,0.9583682498091097,0.09401719910055736
BCC_alloys,1.0,0,26730,0.35085191433519125,0.7818771651114875,0.0767031891124398
BCC_alloys,1.0,0,26730,0.3948261434249862,0.633108678705261,0.0621088028635958
BCC_alloys,1.0,0,26730,0.4443119081371701,0.5097174054594914,0.05000395495536272
BCC_alloys,1.0,0,26730,0.5,0.4085870677617924,0.04008293441203296
BCC_alloys,0.25,0,6682,0.004999999999999999,8.807157358081287,0.9999982667723152
BCC_alloys,0.25,0,6682,0.005626677913003822,8.807114933538436,0.9999934497277689
BCC_alloys,0.25,0,6682,0.006331900867337016,8.806968829704466,0.999976860540725
BCC_alloys,0.25,0,6682,0.007125513351514988,8.806504081327718,0.9999240912359042
BCC_alloys,0.25,0,6682,0.008018593718756654,8.80515140505015,0.999770503207659
BCC_alloys,0.25,0,6682,0.00902360883413585,8.801551258763826,0.9993617288551551
BCC_alloys,0.25,0,6682,0.010154588104523677,8.792775300016249,0.9983652729977165
BCC_alloys,0.25,0,6682,0.011427319320674952,8.773184444153282,0.9961408524371395
BCC_alloys,0.25,0,6682,0.01285956904529672,8.733285424367555,0.9916105654206334
BCC_alloys,0.25,0,6682,0.01447133062358375,8.659637228302318,0.9832482680956552
BCC_alloys,0.25,0,6682,0.016285103278298914,8.537195821517622,0.9693458033629786
BCC_alloys,0.25,0,6682,0.018326206185398135,8.354382187192316,0.9485884454511311
BCC_alloys,0.25,0,6682,0.020623131914506758,8.108666433268366,0.9206889407582647
BCC_alloys,0.25,0,6682,0.023207944168063883,7.808784159113836,0.8866391625838002
BCC_alloys,0.25,0,6682,0.026116725371334214,7.471294107972805,0.8483192538468163
BCC_alloys,0.25,0,6682,0.029390080361374554,7.11339669780414,0.8076822156630298
BCC_alloys,0.25,0,6682,0.03307370320615074,6.74711717335119,0.7660934402256241
BCC_alloys,0.25,0,6682,0.03721901506625844,6.378111168949098,0.7241950898467613
BCC_alloys,0.25,0,6682,0.04188388200341457,6.008100500146765,0.6821826660367014
BCC_alloys,0.25,0,6682,0.047133422755894265,5.638181715220611,0.6401806750726994
BCC_alloys,0.25,0,6682,0.05304091775697241,5.270846277220052,0.5984720071802666
BCC_alloys,0.25,0,6682,0.05968883208572181,4.910013832031648,0.5575017139161719
BCC_alloys,0.25,0,6682,0.067169966629945,4.559729729344468,0.5177291197267809
BCC_alloys,0.25,0,6682,0.0755887535307831,4.222818568552403,0.47947494040986754
BCC_alloys,0.25,0,6682,0.08506271399262945,3.9003752961205875,0.4428635003669187
BCC_alloys,0.25,0,6682,0.09572409880849786,3.5920191996630573,0.40785157206030503
BCC_alloys,0.25,0,6682,0.10772173450159415,3.29627792139242,0.3742719783662853
BCC_alloys,0.25,0,6682,0.1212231008541164,3.0107154373353215,0.34184812382367635
BCC_alloys,0.25,0,6682,0.1364166688243384,2.732035271321319,0.3102057139441581
BCC_alloys,0.25,0,6682,0.15351453148789246,2.4567152118495823,0.27894482338827864
BCC_alloys,0.25,0,6682,0.1727553647296109,2.1824624386719687,0.2478051165924797
BCC_alloys,0.25,0,6682,0.19440775901540433,1.910003811588648,0.21686912399317831
BCC_alloys,0.25,0,6682,0.2187739687537092,1.6439557186986509,0.18666100791768248
BCC_alloys,0.25,0,6682,0.24619413158533693,1.391703701302504,0.15801935091872976
BCC_alloys,0.25,0,6682,0.27705101650047453,1.1607287732821385,0.13179357587040638
BCC_alloys,0.25,0,6682,0.3117753670636956,0.9561820620347177,0.1085685614412376
BCC_alloys,0.25,0,6682,0.35085191433519125,0.7800295694463838,0.08856753499036774
BCC_alloys,0.25,0,6682,0.3948261434249862,0.6315723423401572,0.07171113470590715
BCC_alloys,0.25,0,6682,0.4443119081371701,0.5084556416922508,0.057731994530142834
BCC_alloys,0.25,0,6682,0.5,0.4075604514780007,0.04627596947714049
BCC_alloys,0.25,1,6682,0.004999999999999999,8.806872201726335,0.9999658890312215
BCC_alloys,0.25,1,6682,0.005626677913003822,8.806804210427527,0.9999581690396057
BCC_alloys,0.25,1,6682,0.006331900867337016,8.806632491831232,0.9999386714546659
BCC_alloys,0.25,1,6682,0.007125513351514988,8.806149549807836,0.9998838363737524
BCC_alloys,0.25,1,6682,0.008018593718756654,8.804805955165135,0.9997312795089982
BCC_alloys,0.25,1,6682,0.00902360883413585,8.80128397848685,0.9993313808321946
BCC_alloys,0.25,1,6682,0.010154588104523677,8.792732232172614,0.9983603829103436
BCC_alloys,0.25,1,6682,0.011427319320674952,8.773650011933636,0.9961937147801737
BCC_alloys,0.25,1,6682,0.01285956904529672,8.73474502794096,0.9917762943822308
BCC_alloys,0.25,1,6682,0.01447133062358375,8.662736455048968,0.9836001661314207
BCC_alloys,0.25,1,6682,0.016285103278298914,8.542584604239305,0.9699576663242724
BCC_alloys,0.25,1,6682,0.018326206185398135,8.362545505050035,0.9495153397232472
BCC_alloys,0.25,1,6682,0.020623131914506758,8.119685020445944,0.9219400332086279
BCC_alloys,0.25,1,6682,0.023207944168063883,7.822023224436987,0.8881423765992382
BCC_alloys,0.25,1,6682,0.026116725371334214,7.485377405542826,0.8499183252143259
BCC_alloys,0.25,1,6682,0.029390080361374554,7.126701222951968,0.8091928622368472
BCC_alloys,0.25,1,6682,0.03307370320615074,6.758372048409322,0.7673713617039482
BCC_alloys,0.25,1,6682,0.03721901506625844,6.386682205474194,0.7251682780527916
BCC_alloys,0.25,1,6682,0.04188388200341457,6.0139391057442495,0.6828456036044621
BCC_alloys,0.25,1,6682,0.047133422755894265,5.641564740736511,0.6405647967040953
BCC_alloys,0.25,1,6682,0.05304091775697241,5.27211772439708,0.5986163721463533
BCC_alloys,0.25,1,6682,0.05968883208572181,4.909475176692368,0.5574405529326936
BCC_alloys,0.25,1,6682,0.067169966629945,4.557679901293081,0.5174963744248376
BCC_alloys,0.25,1,6682,0.0755887535307831,4.219626280457639,0.4791124758333862
BCC_alloys,0.25,1,6682,0.08506271399262945,3.896476846578375,0.44242085552400184
BCC_alloys,0.25,1,6682,0.09572409880849786,3.5878365481143417,0.40737665783666055
BCC_alloys,0.25,1,6682,0.10772173450159415,3.2921219295044826,0.3738000911822958
BCC_alloys,0.25,1,6682,0.1212231008541164,3.0067392058396187,0.34139664732083636
BCC_alloys,0.25,1,6682,0.1364166688243384,2.7282664391455245,0.30977778635182407
BCC_alloys,0.25,1,6682,0.15351453148789246,2.4531450316719607,0.2785394515021489
BCC_alloys,0.25,1,6682,0.1727553647296109,2.17912448828351,0.24742611296312272
BCC_alloys,0.25,1,6682,0.19440775901540433,1.9069836911015896,0.21652620798410638
BCC_alloys,0.25,1,6682,0.2187739687537092,1.6413409048035132,0.18636411196626967
BCC_alloys,0.25,1,6682,0.24619413158533693,1.3895347965663911,0.15777308519544084
BCC_alloys,0.25,1,6682,0.27705101650047453,1.1589904711952441,0.1315962024156871
BCC_alloys,0.25,1,6682,0.3117753670636956,0.954822139441373,0.1084141506386372
BCC_alloys,0.25,1,6682,0.35085191433519125,0.7789816470041252,0.08844854987594726
BCC_alloys,0.25,1,6682,0.3948261434249862,0.6307713327595665,0.07162018502036262
BCC_alloys,0.25,1,6682,0.4443119081371701,0.507845204599743,0.05766268317238434
BCC_alloys,0.25,1,6682,0.5,0.4070950848764217,0.046223129976712386
BCC_alloys,0.25,2,6682,0.004999999999999999,8.806801531932576,0.999957864913064
BCC_alloys,0.25,2,6682,0.005626677913003822,8.806752408840667,0.9999522872896869
BCC_alloys,0.25,2,6682,0.006331900867337016,8.806625590340465,0.9999378878330585
BCC_alloys,0.25,2,6682,0.007125513351514988,8.806246361281396,0.9998948287180273
BCC_alloys,0.25,2,6682,0.008018593718756654,8.805118885493886,0.9997668108131011
BCC_alloys,0.25,2,6682,0.00902360883413585,8.801982103975888,0.9994106486652358
BCC_alloys,0.25,2,6682,0.010154588104523677,8.79398533067997,0.9985026644984318
BCC_alloys,0.25,2,6682,0.011427319320674952,8.775469923796063,0.9964003545203431
BCC_alloys,0.25,2,6682,0.01285956904529672,8.736765775436485,0.9920057377668497
BCC_alloys,0.25,2,6682,0.01447133062358375,8.66408622477461,0.9837534241386646
BCC_alloys,0.25,2,6682,0.016285103278298914,8.541932898884,0.9698836692104188
BCC_alloys,0.25,2,6682,0.018326206185398135,8.358410068092828,0.9490457864245591
BCC_alloys,0.25,2,6682,0.020623131914506758,8.111115872684232,0.9209670594600025
BCC_alloys,0.25,2,6682,0.023207944168063883,7.80930049924719,0.8866977898136117
BCC_alloys,0.25,2,6682,0.026116725371334214,7.470042821186822,0.8481771779684888
BCC_alloys,0.25,2,6682,0.029390080361374554,7.110831424990359,0.8073909447951118
BCC_alloys,0.25,2,6682,0.03307370320615074,6.743732513544637,0.7657091330306287
BCC_alloys,0.25,2,6682,0.03721901506625844,6.374291024068437,0.7237613360140364
BCC_alloys,0.25,2,6682,0.04188388200341457,6.004102795223085,0.6817287513588766
BCC_alloys,0.25,2,6682,0.047133422755894265,5.634124730136503,0.6397200294991641
BCC_alloys,0.25,2,6682,0.05304091775697241,5.26665527739786,0.597996145061783
BCC_alloys,0.25,2,6682,0.05968883208572181,4.905457747719575,0.556984398711038
BCC_alloys,0.25,2,6682,0.067169966629945,4.55459705836945,0.5171463366708813
BCC_alloys,0.25,2,6682,0.0755887535307831,4.217099211201182,0.4788255427432045
BCC_alloys,0.25,2,6682,0.08506271399262945,3.894320847472433,0.44217605515522834
BCC_alloys,0.25,2,6682,0.09572409880849786,3.5860742203514286,0.40717655641497075
BCC_alloys,0.25,2,6682,0.10772173450159415,3.2909459949268975,0.37366657108135837
BCC_alloys,0.25,2,6682,0.1212231008541164,3.0064313361987733,0.3413616906265569
BCC_alloys,0.25,2,6682,0.1364166688243384,2.729086864047663,0.30987094052709296
BCC_alloys,0.25,2,6682,0.15351453148789246,2.4552166342860335,0.2787746691710615
BCC_alloys,0.25,2,6682,0.1727553647296109,2.1823524401650385,0.24779262694209586
BCC_alloys,0.25,2,6682,0.19440775901540433,1.9110568542338613,0.2169886904749881
BCC_alloys,0.25,2,6682,0.2187739687537092,1.6458260375377392,0.186873371058405
BCC_alloys,0.25,2,6682,0.24619413158533693,1.3940112374069675,0.15828135737679092
BCC_alloys,0.25,2,6682,0.27705101650047453,1.1631483235721571,0.13206830084669707
BCC_alloys,0.25,2,6682,0.3117753670636956,0.9584902335849096,0.10883064005023249
BCC_alloys,0.25,2,6682,0.35085191433519125,0.7821037944822175,0.0888030504190578
BCC_alloys,0.25,2,6682,0.3948261434249862,0.6333649598214864,0.07191467533785352
BCC_alloys,0.25,2,6682,0.4443119081371701,0.5099650352035995,0.05790337683136186
BCC_alloys,0.25,2,6682,0.5,0.40880902905194827,0.0464177377411914
BCC_alloys,0.5,0,13365,0.004999999999999999,9.500243281195626,0.999984069358873
BCC_alloys,0.5,0,13365,0.005626677913003822,9.500121972650641,0.9999713005687618
BCC_alloys,0.5,0,13365,0.006331900867337016,9.499775020082533,0.9999347807628303
BCC_alloys,0.5,0,13365,0.007125513351514988,9.498790816095502,0.99983118464651
BCC_alloys,0.5,0,13365,0.008018593718756654,9.496104830789406,0.9995484610954253
BCC_alloys,0.5,0,13365,0.00902360883413585,9.489198673135544,0.9988215273285803
BCC_alloys,0.5,0,13365,0.010154588104523677,9.472743916161377,0.9970895195944303
BCC_alloys,0.5,0,13365,0.011427319320674952,9.436941213445817,0.9933209705903834
BCC_alloys,0.5,0,13365,0.01285956904529672,9.36670766504921,0.9859282725875683
BCC_alloys,0.5,0,13365,0.01447133062358375,9.243617017328585,0.9729719005069368
BCC_alloys,0.5,0,13365,0.016285103278298914,9.051528342238822,0.9527528798662526
BCC_alloys,0.5,0,13365,0.018326206185398135,8.783935788172629,0.9245864126269454
BCC_alloys,0.5,0,13365,0.020623131914506758,8.448491470017903,0.8892779511083199
BCC_alloys,0.5,0,13365,0.023207944168063883,8.064910689471631,0.8489027040219906
BCC_alloys,0.5,0,13365,0.026116725371334214,7.657065234025786,0.8059733867261358
BCC_alloys,0.5,0,13365,0.029390080361374554,7.244440349809346,0.7625409925626928
BCC_alloys,0.5,0,13365,0.03307370320615074,6.837870099211207,0.7197459017803212
BCC_alloys,0.5,0,13365,0.03721901506625844,6.440358553791392,0.6779043193028654
BCC_alloys,0.5,0,13365,0.04188388200341457,6.050756185812454,0.6368952472368289
BCC_alloys,0.5,0,13365,0.047133422755894265,5.667600802663491,0.5965647769638783
BCC_alloys,0.5,0,13365,0.05304091775697241,5.291333070101497,0.5569592924263891
BCC_alloys,0.5,0,13365,0.05968883208572181,4.924386640873746,0.5183349569567722
BCC_alloys,0.5,0,13365,0.067169966629945,4.569841854869608,0.4810160033905885
BCC_alloys,0.5,0,13365,0.0755887535307831,4.229947453968575,0.4452391315668876
BCC_alloys,0.5,0,13365,0.08506271399262945,3.905442675807613,0.41108215274150345
BCC_alloys,0.5,0,13365,0.09572409880849786,3.5956695504262224,0.37847580979552425
BCC_alloys,0.5,0,13365,0.10772173450159415,3.2988822559740676,0.3472363396413531
BCC_alloys,0.5,0,13365,0.1212231008541164,3.0123791777368685,0.3170793735953824
BCC_alloys,0.5,0,13365,0.1364166688243384,2.732675362652826,0.28763808973093996
BCC_alloys,0.5,0,13365,0.15351453148789246,2.456219594123933,0.258538691302012
BCC_alloys,0.5,0,13365,0.1727553647296109,2.180860526556971,0.22955473028435042
BCC_alloys,0.5,0,13365,0.19440775901540433,1.9075353821131995,0.2007848575443561
BCC_alloys,0.5,0,13365,0.2187739687537092,1.6409983556410155,0.17272949385761432
BCC_alloys,0.5,0,13365,0.24619413158533693,1.388636171124427,0.1461661568192145
BCC_alloys,0.5,0,13365,0.27705101650047453,1.157832105980303,0.12187200124277489
BCC_alloys,0.5,0,13365,0.3117753670636956,0.953613117319263,0.10037615852832188
BCC_alloys,0.5,0,13365,0.35085191433519125,0.7778440801548314,0.08187492315481482
BCC_alloys,0.5,0,13365,0.3948261434249862,0.6297628216147131,0.06628806973140493
BCC_alloys,0.5,0,13365,0.4443119081371701,0.5069833259901745,0.05336444914250099
BCC_alloys,0.5,0,13365,0.5,0.40637574778305124,0.04277461765228691
BCC_alloys,0.5,1,13365,0.004999999999999999,9.499894756771425,0.9999473841012783
BCC_alloys,0.5,1,13365,0.005626677913003822,9.499727676137761,0.9999297973967047
BCC_alloys,0.5,1,13365,0.006331900867337016,9.499341417388461,0.9998891402698799
BCC_alloys,0.5,1,13365,0.007125513351514988,9.49832261997639,0.9997819028916549
BCC_alloys,0.5,1,13365,0.008018593718756654,9.4955910157883,0.9994943775524574
BCC_alloys,0.5,1,13365,0.00902360883413585,9.48860428328411,0.9987589625747283
BCC_alloys,0.5,1,13365,0.010154588104523677,9.472042789225092,0.9970157198246632
BCC_alloys,0.5,1,13365,0.011427319320674952,9.436184495095885,0.9932413193359338
BCC_alloys,0.5,1,13365,0.01285956904529672,9.366013152897466,0.9858551690819881
BCC_alloys,0.5,1,13365,0.01447133062358375,9.242983074907475,0.9729051724976389
BCC_alloys,0.5,1,13365,0.016285103278298914,9.05064807706449,0.9526602242231192
BCC_alloys,0.5,1,13365,0.018326206185398135,8.782273411910902,0.9244114329206574
BCC_alloys,0.5,1,13365,0.020623131914506758,8.445597455827018,0.8889733306894817
BCC_alloys,0.5,1,13365,0.023207944168063883,8.060720488547133,0.848461648561842
BCC_alloys,0.5,1,13365,0.026116725371334214,7.651946838357554,0.805434630614591
BCC_alloys,0.5,1,13365,0.029390080361374554,7.2389456143033755,0.7619626233769071
BCC_alloys,0.5,1,13365,0.03307370320615074,6.8324421801165,0.7191745656088339
BCC_alloys,0.5,1,13365,0.03721901506625844,6.435266734866205,0.677368360627015
BCC_alloys,0.5,1,13365,0.04188388200341457,6.046176756945178,0.6364132221161561
BCC_alloys,0.5,1,13365,0.047133422755894265,5.66366133469527,0.5961501133501824
BCC_alloys,0.5,1,13365,0.05304091775697241,5.2880962789075925,0.5566185917165292
BCC_alloys,0.5,1,13365,0.05968883208572181,4.921825863107657,0.5180654125992792
BCC_alloys,0.5,1,13365,0.067169966629945,4.567843938879193,0.48080570517998505
BCC_alloys,0.5,1,13365,0.0755887535307831,4.228348320342486,0.4450708087036163
BCC_alloys,0.5,1,13365,0.08506271399262945,3.9040782154938167,0.41093853130606406
BCC_alloys,0.5,1,13365,0.09572409880849786,3.5944214064046096,0.3783444316717294
BCC_alloys,0.5,1,13365,0.10772173450159415,3.2977086175805295,0.34711280388947935
BCC_alloys,0.5,1,13365,0.1212231008541164,3.011325179358348,0.3169684310061819
BCC_alloys,0.5,1,13365,0.1364166688243384,2.731852563914509,0.28755148293506616
BCC_alloys,0.5,1,13365,0.15351453148789246,2.455747652509839,0.2584890153009042
BCC_alloys,0.5,1,13365,0.1727553647296109,2.1807931790120945,0.22954764136357297
BCC_alloys,0.5,1,13365,0.19440775901540433,1.90782267353681,0.20081509749067858
BCC_alloys,0.5,1,13365,0.2187739687537092,1.6415154663892013,0.172783924306917
BCC_alloys,0.5,1,13365,0.24619413158533693,1.389246546016025,0.14623040413897975
BCC_alloys,0.5,1,13365,0.27705101650047453,1.1584326065745587,0.12193520920599463
BCC_alloys,0.5,1,13365,0.3117753670636956,0.9541457703551727,0.10043222493995363
BCC_alloys,0.5,1,13365,0.35085191433519125,0.7782874072560444,0.08192158722705026
BCC_alloys,0.5,1,13365,0.3948261434249862,0.630117563642295,0.06632540944638002
BCC_alloys,0.5,1,13365,0.4443119081371701,0.507260586107798,0.05339363320573871
BCC_alloys,0.5,1,13365,0.5,0.40658964248588075,0.042797131948923206
BCC_alloys,0.5,2,13365,0.004999999999999999,9.500225056630033,0.999982151063233
BCC_alloys,0.5,2,13365,0.005626677913003822,9.500131698212103,0.9999723242695492
BCC_alloys,0.5,2,13365,0.006331900867337016,9.49984652773392,0.9999423075713665
BCC_alloys,0.5,2,13365,0.007125513351514988,9.498979812820682,0.9998510782122585
BCC_alloys,0.5,2,13365,0.008018593718756654,9.496490686179122,0.9995890757651102
BCC_alloys,0.5,2,13365,0.00902360883413585,9.489887495547558,0.998894031939067
BCC_alloys,0.5,2,13365,0.010154588104523677,9.473877420062326,0.997208830838359
BCC_alloys,0.5,2,13365,0.011427319320674952,9.438669816049401,0.9935029212009807
BCC_alloys,0.5,2,13365,0.01285956904529672,9.36903110731868,0.9861728352989405
BCC_alloys,0.5,2,13365,0.01447133062358375,9.246128705173787,0.9732362777189789
BCC_alloys,0.5,2,13365,0.016285103278298914,9.053432612979957,0.9529533210916528
BCC_alloys,0.5,2,13365,0.018326206185398135,8.784529270652234,0.9246488818719407
BCC_alloys,0.5,2,13365,0.020623131914506758,8.447576143707236,0.889181604972559
BCC_alloys,0.5,2,13365,0.023207944168063883,8.062696735402207,0.8486696659055775
BCC_alloys,0.5,2,13365,0.026116725371334214,7.653861078691654,0.805636121227238
BCC_alloys,0.5,2,13365,0.029390080361374554,7.240520850839451,0.7621284308615077
BCC_alloys,0.5,2,13365,0.03307370320615074,6.833483388856166,0.7192841619761821
BCC_alloys,0.5,2,13365,0.03721901506625844,6.435743726800087,0.6774185682186499
BCC_alloys,0.5,2,13365,0.04188388200341457,6.046135990412031,0.6364089310803897
BCC_alloys,0.5,2,13365,0.047133422755894265,5.663151312747338,0.5960964290593849
BCC_alloys,0.5,2,13365,0.05304091775697241,5.287160931182024,0.5565201381509525
BCC_alloys,0.5,2,13365,0.05968883208572181,4.920525075625054,0.517928493288718
BCC_alloys,0.5,2,13365,0.067169966629945,4.566265928424882,0.4806396057161202
BCC_alloys,0.5,2,13365,0.0755887535307831,4.226608295256884,0.4448876557764349
BCC_alloys,0.5,2,13365,0.08506271399262945,3.9023182946367863,0.41075328417414625
BCC_alloys,0.5,2,13365,0.09572409880849786,3.5928233578450985,0.3781762230212482
BCC_alloys,0.5,2,13365,0.10772173450159415,3.2965075070781906,0.3469863764567992
BCC_alloys,0.5,2,13365,0.1212231008541164,3.0107919939353667,0.31691230855613356
BCC_alloys,0.5,2,13365,0.1364166688243384,2.732223972609288,0.2875905769631881
BCC_alloys,0.5,2,13365,0.15351453148789246,2.457124244870217,0.2586339137408319
BCC_alloys,0.5,2,13365,0.1727553647296109,2.183070673201155,0.22978736763580707
BCC_alloys,0.5,2,13365,0.19440775901540433,1.9107141464178208,0.20111945041432602
BCC_alloys,0.5,2,13365,0.2187739687537092,1.6446567307979942,0.17311456998339714
BCC_alloys,0.5,2,13365,0.24619413158533693,1.3923150977120353,0.14655339616362487
BCC_alloys,0.5,2,13365,0.27705101650047453,1.1612153691502565,0.12222811941493777
BCC_alloys,0.5,2,13365,0.3117753670636956,0.9565435624363017,0.10068461362220031
BCC_alloys,0.5,2,13365,0.35085191433519125,0.7802840229768305,0.08213174857285176
BCC_alloys,0.5,2,13365,0.3948261434249862,0.6317435899204147,0.06649656299754192
BCC_alloys,0.5,2,13365,0.4443119081371701,0.5085663578838265,0.053531077156972195
BCC_alloys,0.5,2,13365,0.5,0.40762926181205067,0.04290656101653721
BCC_alloys,0.75,0,20048,0.004999999999999999,9.905403330945887,0.9999514080563573
BCC_alloys,0.75,0,20048,0.005626677913003822,9.905204958296038,0.9999313823184939
BCC_alloys,0.75,0,20048,0.006331900867337016,9.90470823138731,0.9998812376898295
BCC_alloys,0.75,0,20048,0.007125513351514988,9.9033318623533,0.9997422931049821
BCC_alloys,0.75,0,20048,0.008018593718756654,9.899551746051014,0.9993606900048561
BCC_alloys,0.75,0,20048,0.00902360883413585,9.889795239099136,0.9983757697004236
BCC_alloys,0.75,0,20048,0.010154588104523677,9.866721621550575,0.9960464858150763
BCC_alloys,0.75,0,20048,0.011427319320674952,9.817441063962411,0.9910716088409974
BCC_alloys,0.75,0,20048,0.01285956904529672,9.723279776577039,0.9815660179266685
BCC_alloys,0.75,0,20048,0.01447133062358375,9.563281291259916,0.9654141556213843
BCC_alloys,0.75,0,20048,0.016285103278298914,9.321971230351021,0.9410538820290749
BCC_alloys,0.75,0,20048,0.018326206185398135,8.997875738068595,0.9083364112684388
BCC_alloys,0.75,0,20048,0.020623131914506758,8.606578119902023,0.8688348795102768
BCC_alloys,0.75,0,20048,0.023207944168063883,8.174910242919953,0.8252579662863202
BCC_alloys,0.75,0,20048,0.026116725371334214,7.730141251110925,0.7803584942749393
BCC_alloys,0.75,0,20048,0.029390080361374554,7.291491019243134,0.7360767116613928
BCC_alloys,0.75,0,20048,0.03307370320615074,6.867625318600188,0.6932874288806952
BCC_alloys,0.75,0,20048,0.03721901506625844,6.45904018818069,0.6520407211169181
BCC_alloys,0.75,0,20048,0.04188388200341457,6.0624841517556405,0.612008351535597
BCC_alloys,0.75,0,20048,0.047133422755894265,5.6749754512481365,0.5728893113753649
BCC_alloys,0.75,0,20048,0.05304091775697241,5.295950243282328,0.5346266805938205
BCC_alloys,0.75,0,20048,0.05968883208572181,4.927217439915064,0.49740306903509207
BCC_alloys,0.75,0,20048,0.067169966629945,4.571487843835887,0.4614921324884301
BCC_alloys,0.75,0,20048,0.0755887535307831,4.23080411735048,0.42710007790780763
BCC_alloys,0.75,0,20048,0.08506271399262945,3.9058076881118375,0.39429165747578115
BCC_alloys,0.75,0,20048,0.09572409880849786,3.595821836668711,0.362998556299405
BCC_alloys,0.75,0,20048,0.10772173450159415,3.299137105160818,0.3330482044451499
BCC_alloys,0.75,0,20048,0.1212231008541164,3.0131048500982285,0.3041732211008766
BCC_alloys,0.75,0,20048,0.1364166688243384,2.7342502590370046,0.2760228236199874
BCC_alloys,0.75,0,20048,0.15351453148789246,2.4589272074783217,0.2482289353876555
BCC_alloys,0.75,0,20048,0.1727553647296109,2.184764170687096,0.22055215075639165
BCC_alloys,0.75,0,20048,0.19440775901540433,1.9124169742277393,0.1930586753792785
BCC_alloys,0.75,0,20048,0.2187739687537092,1.6464248041687566,0.16620674052151369
BCC_alloys,0.75,0,20048,0.24619413158533693,1.3941206226112317,0.14073660940441338
BCC_alloys,0.75,0,20048,0.27705101650047453,1.1629832028780691,0.11740326490600027
BCC_alloys,0.75,0,20048,0.3117753670636956,0.9581982851752583,0.09673020799312476
BCC_alloys,0.75,0,20048,0.35085191433519125,0.7817745372551155,0.07892021386636562
BCC_alloys,0.75,0,20048,0.3948261434249862,0.6330462953221124,0.06390608370227353
BCC_alloys,0.75,0,20048,0.4443119081371701,0.5096789129330096,0.051452134720427235
BCC_alloys,0.75,0,20048,0.5,0.4085628164833071,0.04124445516979685
BCC_alloys,0.75,1,20048,0.004999999999999999,9.905315100243785,0.9999425011585911
BCC_alloys,0.75,1,20048,0.005626677913003822,9.905103602009316,0.9999211503917124
BCC_alloys,0.75,1,20048,0.006331900867337016,9.904566271365791,0.9998669068121596
BCC_alloys,0.75,1,20048,0.007125513351514988,9.903091666835113,0.9997180453445835
BCC_alloys,0.75,1,20048,0.008018593718756654,9.899115591913882,0.9993166602032434
BCC_alloys,0.75,1,20048,0.00902360883413585,9.889025745267045,0.9982980892249111
BCC_alloys,0.75,1,20048,0.010154588104523677,9.865454757499649,0.9959185957686829
BCC_alloys,0.75,1,20048,0.011427319320674952,9.815525283254127,0.9908782105963453
BCC_alloys,0.75,1,20048,0.01285956904529672,9.720667433167602,0.9813023016111064
BCC_alloys,0.75,1,20048,0.01447133062358375,9.560127370624487,0.9650957670333656
BCC_alloys,0.75,1,20048,0.016285103278298914,9.3186244622631,0.9407160254723914
BCC_alloys,0.75,1,20048,0.018326206185398135,8.994730281743589,0.908018877153362
BCC_alloys,0.75,1,20048,0.020623131914506758,8.603907467164785,0.8685652768625292
BCC_alloys,0.75,1,20048,0.023207944168063883,8.172845054637552,0.8250494853328555
BCC_alloys,0.75,1,20048,0.026116725371334214,7.728719409957736,0.7802149592753375
BCC_alloys,0.75,1,20048,0.029390080361374554,7.29069073999023,0.7359959233947222
BCC_alloys,0.75,1,20048,0.03307370320615074,6.867380348968461,0.6932626991730808
BCC_alloys,0.75,1,20048,0.03721901506625844,6.459266187547084,0.6520635357744435
BCC_alloys,0.75,1,20048,0.04188388200341457,6.063113707595732,0.6120719052575118
BCC_alloys,0.75,1,20048,0.047133422755894265,5.67596015670753,0.5729887174851157
BCC_alloys,0.75,1,20048,0.05304091775697241,5.2972496249306795,0.5347578532947657
BCC_alloys,0.75,1,20048,0.05968883208572181,4.9287887167858715,0.4975616895845958
BCC_alloys,0.75,1,20048,0.067169966629945,4.5732761209933015,0.46167265923749895
BCC_alloys,0.75,1,20048,0.0755887535307831,4.232737703488427,0.42729527361227715
BCC_alloys,0.75,1,20048,0.08506271399262945,3.90780094354224,0.3944928768009973
BCC_alloys,0.75,1,20048,0.09572409880849786,3.5977839037823904,0.3631966271610826
BCC_alloys,0.75,1,20048,0.10772173450159415,3.3009798660112106,0.3332342313282052
BCC_alloys,0.75,1,20048,0.1212231008541164,3.0147429800166767,0.30433859047189593
BCC_alloys,0.75,1,20048,0.1364166688243384,2.735595766119575,0.2761586526879026
BCC_alloys,0.75,1,20048,0.15351453148789246,2.4598933007339734,0.2483264625936689
BCC_alloys,0.75,1,20048,0.1727553647296109,2.1852916841515393,0.22060540329078274
BCC_alloys,0.75,1,20048,0.19440775901540433,1.9125113895745052,0.19306820661751148
BCC_alloys,0.75,1,20048,0.2187739687537092,1.6461676213910363,0.1661807778956501
BCC_alloys,0.75,1,20048,0.24619413158533693,1.3936375852456873,0.1406878467364349
BCC_alloys,0.75,1,20048,0.27705101650047453,1.1623967663174934,0.11734406407945226
BCC_alloys,0.75,1,20048,0.3117753670636956,0.9575987264192883,0.09666968247970406
BCC_alloys,0.75,1,20048,0.35085191433519125,0.7812155341246808,0.0788637824471987
BCC_alloys,0.75,1,20048,0.3948261434249862,0.6325531133287597,0.06385629693315326
BCC_alloys,0.75,1,20048,0.4443119081371701,0.5092587536642466,0.05140971960229722
BCC_alloys,0.75,1,20048,0.5,0.40821296932338597,0.041209138065739635
BCC_alloys,0.75,2,20048,0.004999999999999999,9.905389978498883,0.9999500601255626
BCC_alloys,0.75,2,20048,0.005626677913003822,9.905185935840052,0.9999294619997535
BCC_alloys,0.75,2,20048,0.006331900867337016,9.904640663879563,0.9998744167434982
BCC_alloys,0.75,2,20048,0.007125513351514988,9.9031254830931,0.9997214590990426
BCC_alloys,0.75,2,20048,0.008018593718756654,9.899050695726178,0.9993101089269244
BCC_alloys,0.75,2,20048,0.00902360883413585,9.888774822397373,0.9982727585373602
BCC_alloys,0.75,2,20048,0.010154588104523677,9.864895585428958,0.995862147294981
BCC_alloys,0.75,2,20048,0.011427319320674952,9.814467643700231,0.9907714417828201
BCC_alloys,0.75,2,20048,0.01285956904529672,9.718840892943712,0.9811179122018389
BCC_alloys,0.75,2,20048,0.01447133062358375,9.557291541512702,0.9648094898149028
BCC_alloys,0.75,2,20048,0.016285103278298914,9.314739060867312,0.940323793832066
BCC_alloys,0.75,2,20048,0.018326206185398135,8.990038439913207,0.9075452352744886
BCC_alloys,0.75,2,20048,0.020623131914506758,8.598832999237818,0.8680530088428257
BCC_alloys,0.75,2,20048,0.023207944168063883,8.167823275719469,0.8245425362736085
BCC_alloys,0.75,2,20048,0.026116725371334214,7.724052676812274,0.7797438521205939
BCC_alloys,0.75,2,20048,0.029390080361374554,7.2864526007178,0.7355680828322118
BCC_alloys,0.75,2,20048,0.03307370320615074,6.863501698808545,0.6928711490706584
BCC_alloys,0.75,2,20048,0.03721901506625844,6.455669001086584,0.6517003994592385
BCC_alloys,0.75,2,20048,0.04188388200341457,6.059756406758645,0.6117329854187985
BCC_alloys,0.75,2,20048,0.047133422755894265,5.672846828634755,0.5726744267201564
BCC_alloys,0.75,2,20048,0.05304091775697241,5.294426973126128,0.5344729063267207
BCC_alloys,0.75,2,20048,0.05968883208572181,4.926325588804747,0.4973130365807091
BCC_alloys,0.75,2,20048,0.067169966629945,4.571231387168339,0.4614662431634574
BCC_alloys,0.75,2,20048,0.0755887535307831,4.231130531397579,0.42713302943689746
BCC_alloys,0.75,2,20048,0.08506271399262945,3.9065948043220313,0.3943711169320386
BCC_alloys,0.75,2,20048,0.09572409880849786,3.596889900356436,0.36310637743023144
BCC_alloys,0.75,2,20048,0.10772173450159415,3.3002827223518403,0.33316385460950787
BCC_alloys,0.75,2,20048,0.1212231008541164,3.014143349185044,0.3042780576824302
BCC_alloys,0.75,2,20048,0.1364166688243384,2.7350447013294468,0.27610302264494435
BCC_alloys,0.75,2,20048,0.15351453148789246,2.4593916097256714,0.24827581683868044
BCC_alloys,0.75,2,20048,0.1727553647296109,2.184855689541701,0.22056138959346555
BCC_alloys,0.75,2,20048,0.19440775901540433,1.9121410567685988,0.1930308214855443
BCC_alloys,0.75,2,20048,0.2187739687537092,1.6458451840091057,0.16614822781128713
BCC_alloys,0.75,2,20048,0.24619413158533693,1.3933440914328221,0.14065821850812102
BCC_alloys,0.75,2,20048,0.27705101650047453,1.1621218195537333,0.11731630817750896
BCC_alloys,0.75,2,20048,0.3117753670636956,0.9573398356417704,0.0966435474310985
BCC_alloys,0.75,2,20048,0.35085191433519125,0.7809744897065621,0.07883944899027132
BCC_alloys,0.75,2,20048,0.3948261434249862,0.6323330170282494,0.06383407819069016
BCC_alloys,0.75,2,20048,0.4443119081371701,0.5090621695712413,0.05138987441941729
BCC_alloys,0.75,2,20048,0.5,0.40804108718730314,0.04119178654775967
BCC_distorted,1.0,0,400,0.004999999999999999,5.298317364811059,0.8843108931302117
BCC_distorted,1.0,0,400,0.005626677913003822,5.298317320513121,0.8843108857367042
BCC_distorted,1.0,0,400,0.006331900867337016,5.298316755233019,0.8843107913891374
BCC_distorted,1.0,0,400,0.007125513351514988,5.29831263746365,0.8843101041165454
BCC_distorted,1.0,0,400,0.008018593718756654,5.2982933376271015,0.8843068828946894
BCC_distorted,1.0,0,400,0.00902360883413585,5.298228789820311,0.8842961096010677
BCC_distorted,1.0,0,400,0.010154588104523677,5.298059909757289,0.8842679228260824
BCC_distorted,1.0,0,400,0.011427319320674952,5.29768496877094,0.8842053436380723
BCC_distorted,1.0,0,400,0.01285956904529672,5.296928816352277,0.8840791386989095
BCC_distorted,1.0,0,400,0.01447133062358375,5.295473150532039,0.8838361821047759
BCC_distorted,1.0,0,400,0.016285103278298914,5.292728839532731,0.8833781453463622
BCC_distorted,1.0,0,400,0.018326206185398135,5.287647534433563,0.8825300546901935
BCC_distorted,1.0,0,400,0.020623131914506758,5.278484530581448,0.8810007117757741
BCC_distorted,1.0,0,400,0.023207944168063883,5.262526393636067,0.8783372332856805
BCC_distorted,1.0,0,400,0.026116725371334214,5.235878742382819,0.8738896310268787
BCC_distorted,1.0,0,400,0.029390080361374554,5.193658993472886,0.866842981818162
BCC_distorted,1.0,0,400,0.03307370320615074,5.130956025872457,0.8563775994216835
BCC_distorted,1.0,0,400,0.03721901506625844,5.044214347690711,0.8419000576621123
BCC_distorted,1.0,0,400,0.04188388200341457,4.932114443444449,0.8231901239948302
BCC_distorted,1.0,0,400,0.047133422755894265,4.795587212772565,0.8004031693865811
BCC_distorted,1.0,0,400,0.05304091775697241,4.637329360009614,0.7739892848482273
BCC_distorted,1.0,0,400,0.05968883208572181,4.461249022205581,0.7446007544781317
BCC_distorted,1.0,0,400,0.067169966629945,4.272063586229808,0.7130249294877141
BCC_distorted,1.0,0,400,0.0755887535307831,4.074924726353241,0.6801216454364509
BCC_distorted,1.0,0,400,0.08506271399262945,3.874939143783223,0.6467432316950981
BCC_distorted,1.0,0,400,0.09572409880849786,3.676774022495471,0.6136686604062794
BCC_distorted,1.0,0,400,0.10772173450159415,3.4843987436109747,0.581560437554931
BCC_distorted,1.0,0,400,0.1212231008541164,3.300797990334098,0.5509167190061
BCC_distorted,1.0,0,400,0.1364166688243384,3.127723504708029,0.5220298776895457
BCC_distorted,1.0,0,400,0.15351453148789246,2.965639559478019,0.49497740263013035
BCC_distorted,1.0,0,400,0.1727553647296109,2.8137675674377642,0.4696293444306436
BCC_distorted,1.0,0,400,0.19440775901540433,2.67004237496553,0.4456410204837701
BCC_distorted,1.0,0,400,0.2187739687537092,2.5309905609352437,0.422432702561334
BCC_distorted,1.0,0,400,0.24619413158533693,2.391788127044767,0.3991992455666384
BCC_distorted,1.0,0,400,0.27705101650047453,2.24676759915111,0.3749947248266038
BCC_distorted,1.0,0,400,0.3117753670636956,2.0904265446004975,0.3489007617694283
BCC_distorted,1.0,0,400,0.35085191433519125,1.9188440958645663,0.320262947527708
BCC_distorted,1.0,0,400,0.3948261434249862,1.7313256828622139,0.2889653555069281
BCC_distorted,1.0,0,400,0.4443119081371701,1.5316017891144673,0.2556306187030274
BCC_distorted,1.0,0,400,0.5,1.3274650993804635,0.22155936815502267
BCC_distorted,0.25,0,100,0.004999999999999999,4.397226028339173,0.9548454998945273
BCC_distorted,0.25,0,100,0.005626677913003822,4.397225939765955,0.9548454806610975
BCC_distorted,0.25,0,100,0.006331900867337016,4.39722481094897,0.9548452355416036
BCC_distorted,0.25,0,100,0.007125513351514988,4.397216633087938,0.9548434597416436
BCC_distorted,0.25,0,100,0.008018593718756654,4.397178961018479,0.9548352793556997
BCC_distorted,0.25,0,100,0.00902360883413585,4.397058283562912,0.9548090745791783
BCC_distorted,0.25,0,100,0.010154588104523677,4.396769249257414,0.9547463115771989
BCC_distorted,0.25,0,100,0.011427319320674952,4.396218770931254,0.9546267767274697
BCC_distorted,0.25,0,100,0.01285956904529672,4.395336460680287,0.9544351854908089
BCC_distorted,0.25,0,100,0.01447133062358375,4.394076443134833,0.9541615761572628
BCC_distorted,0.25,0,100,0.016285103278298914,4.392371070736359,0.9537912592461392
BCC_distorted,0.25,0,100,0.018326206185398135,4.390035945872802,0.9532841933247403
BCC_distorted,0.25,0,100,0.020623131914506758,4.386625678728975,0.9525436632235502
BCC_distorted,0.25,0,100,0.023207944168063883,4.381225091319844,0.9513709405681393
BCC_distorted,0.25,0,100,0.026116725371334214,4.372162584515583,0.9494030422194887
BCC_distorted,0.25,0,100,0.029390080361374554,4.356760158154404,0.9460584478311981
BCC_distorted,0.25,0,100,0.03307370320615074,4.331497822306456,0.940572801301823
BCC_distorted,0.25,0,100,0.03721901506625844,4.292916797601853,0.9321950382341317
BCC_distorted,0.25,0,100,0.04188388200341457,4.238781216293106,0.9204396461156249
BCC_distorted,0.25,0,100,0.047133422755894265,4.168479328238189,0.9051737850908097
BCC_distorted,0.25,0,100,0.05304091775697241,4.082567801799781,0.8865183341587668
BCC_distorted,0.25,0,100,0.05968883208572181,3.982253326519899,0.8647353226242303
BCC_distorted,0.25,0,100,0.067169966629945,3.8692017774694083,0.8401864906626088
BCC_distorted,0.25,0,100,0.0755887535307831,3.745430638999868,0.8133099294345064
BCC_distorted,0.25,0,100,0.08506271399262945,3.613122041628738,0.784579482561186
BCC_distorted,0.25,0,100,0.09572409880849786,3.4745713311113753,0.7544935780404534
BCC_distorted,0.25,0,100,0.10772173450159415,3.332305658910493,0.7236009798399033
BCC_distorted,0.25,0,100,0.1212231008541164,3.1890471459045138,0.6924927889978223
BCC_distorted,0.25,0,100,0.1364166688243384,3.047394624918046,0.6617333348917686
BCC_distorted,0.25,0,100,0.15351453148789246,2.909378444070092,0.6317635020139547
BCC_distorted,0.25,0,100,0.1727553647296109,2.775995079962024,0.6027996725090417
BCC_distorted,0.25,0,100,0.19440775901540433,2.646774973769497,0.5747398829738584
BCC_distorted,0.25,0,100,0.2187739687537092,2.5195004564591716,0.5471025726964712
BCC_distorted,0.25,0,100,0.24619413158533693,2.3903223873276294,0.5190519113930984
BCC_distorted,0.25,0,100,0.27705101650047453,2.2544974383592704,0.48955789847222386
BCC_distorted,0.25,0,100,0.3117753670636956,2.1075198991658475,0.4576421313545126
BCC_distorted,0.25,0,100,0.35085191433519125,1.9461235941487758,0.4225953690202684
BCC_distorted,0.25,0,100,0.3948261434249862,1.7691955349440385,0.3841759291170338
BCC_distorted,0.25,0,100,0.4443119081371701,1.5789372225198222,0.3428618615060028
BCC_distorted,0.25,0,100,0.5,1.3814679877772704,0.2999819620088287
BCC_distorted,0.25,1,100,0.004999999999999999,4.397226031824645,0.954845500651388
BCC_distorted,0.25,1,100,0.005626677913003822,4.397226031823689,0.9548455006511805
BCC_distorted,0.25,1,100,0.006331900867337016,4.397226031822934,0.9548455006510165
BCC_distorted,0.25,1,100,0.007125513351514988,4.397226031822329,0.954845500650885
BCC_distorted,0.25,1,100,0.008018593718756654,4.397226031817901,0.9548455006499236
BCC_distorted,0.25,1,100,0.00902360883413585,4.397226031364238,0.9548455005514119
BCC_distorted,0.25,1,100,0.010154588104523677,4.397226011624915,0.9548454962650723
BCC_distorted,0.25,1,100,0.011427319320674952,4.397225608313831,0.9548454086871833
BCC_distorted,0.25,1,100,0.01285956904529672,4.397221057077375,0.9548444203987438
BCC_distorted,0.25,1,100,0.01447133062358375,4.397188910800189,0.954837439923346
BCC_distorted,0.25,1,100,0.016285103278298914,4.3970324299821995,0.9548034605454577
BCC_distorted,0.25,1,100,0.018326206185398135,4.396464978013068,0.9546802399159883
BCC_distorted,0.25,1,100,0.020623131914506758,4.394826101740001,0.9543243624550308
BCC_distorted,0.25,1,100,0.023207944168063883,4.390843591777855,0.9534595714046885
BCC_distorted,0.25,1,100,0.026116725371334214,4.382388653301137,0.9516236048420534
BCC_distorted,0.25,1,100,0.029390080361374554,4.366380303999868,0.9481474359590929
BCC_distorted,0.25,1,100,0.03307370320615074,4.339060098636179,0.942214928742136
BCC_distorted,0.25,1,100,0.03721901506625844,4.296715474769915,0.9330199105004423
BCC_distorted,0.25,1,100,0.04188388200341457,4.236616393581919,0.9199695608367412
BCC_distorted,0.25,1,100,0.047133422755894265,4.1576541130664495,0.9028231194835588
BCC_distorted,0.25,1,100,0.05304091775697241,4.0603099247770285,0.8816850975738354
BCC_distorted,0.25,1,100,0.05968883208572181,3.9461721499935174,0.8569003946912379
BCC_distorted,0.25,1,100,0.067169966629945,3.8175957101623696,0.8289803755305214
BCC_distorted,0.25,1,100,0.0755887535307831,3.6776620086243814,0.798594158325399
BCC_distorted,0.25,1,100,0.08506271399262945,3.530045970843496,0.7665397430010689
BCC_distorted,0.25,1,100,0.09572409880849786,3.378669730654741,0.73366881009845
BCC_distorted,0.25,1,100,0.10772173450159415,3.227392226144086,0.7008193173759142
BCC_distorted,0.25,1,100,0.1212231008541164,3.0796980015758355,0.6687479240064287
BCC_distorted,0.25,1,100,0.1364166688243384,2.9381821385555393,0.6380181448006832
BCC_distorted,0.25,1,100,0.15351453148789246,2.804029369305079,0.6088872410919255
BCC_distorted,0.25,1,100,0.1727553647296109,2.676823738957333,0.5812648894284
BCC_distorted,0.25,1,100,0.19440775901540433,2.554656016830233,0.5547365056351554
BCC_distorted,0.25,1,100,0.2187739687537092,2.4342675269612357,0.52859447721777
BCC_distorted,0.25,1,100,0.24619413158533693,2.3111655201909573,0.5018632160919956
BCC_distorted,0.25,1,100,0.27705101650047453,2.1799964212150824,0.47338020815127363
BCC_distorted,0.25,1,100,0.3117753670636956,2.0355440351091807,0.4420127710594981
BCC_distorted,0.25,1,100,0.35085191433519125,1.8743211219683256,0.4070036602927778
BCC_distorted,0.25,1,100,0.3948261434249862,1.6961684057064124,0.36831828948846546
BCC_distorted,0.25,1,100,0.4443119081371701,1.5050415095260385,0.3268156113112495
BCC_distorted,0.25,1,100,0.5,1.3084375645926665,0.28412360710876233
BCC_distorted,0.25,2,100,0.004999999999999999,4.383363082983451,0.9518351995590693
BCC_distorted,0.25,2,100,0.005626677913003822,4.383362950122326,0.9518351707086423
BCC_distorted,0.25,2,100,0.006331900867337016,4.383361256616953,0.9518348029686232
BCC_distorted,0.25,2,100,0.007125513351514988,4.383348976871156,0.9518321364557037
BCC_distorted,0.25,2,100,0.008018593718756654,4.383292205596867,0.9518198087301265
BCC_distorted,0.25,2,100,0.00902360883413585,4.38310839021041,0.9517798937261129
BCC_distorted,0.25,2,100,0.010154588104523677,4.382656849203735,0.9516818428423369
BCC_distorted,0.25,2,100,0.011427319320674952,4.381752497483624,0.9514854653614649
BCC_distorted,0.25,2,100,0.01285956904529672,4.380172674056561,0.9511424110630875
BCC_distorted,0.25,2,100,0.01447133062358375,4.377619626298049,0.950588023786309
BCC_distorted,0.25,2,100,0.016285103278298914,4.3736543964139285,0.9497269850572333
BCC_distorted,0.25,2,100,0.018326206185398135,4.367663380458297,0.9484260524719708
BCC_distorted,0.25,2,100,0.020623131914506758,4.358874296266392,0.946517527089207
BCC_distorted,0.25,2,100,0.023207944168063883,4.346324292137263,0.9437923283186351
BCC_distorted,0.25,2,100,0.026116725371334214,4.328625375063545,0.9399490573082456
BCC_distorted,0.25,2,100,0.029390080361374554,4.303553595235405,0.9345047894928183
BCC_distorted,0.25,2,100,0.03307370320615074,4.267882365115565,0.9267588802909446
BCC_distorted,0.25,2,100,0.03721901506625844,4.21803054025855,0.91593369406684
BCC_distorted,0.25,2,100,0.04188388200341457,4.151491548633319,0.9014849356197179
BCC_distorted,0.25,2,100,0.047133422755894265,4.068033501798078,0.8833622510142338
BCC_distorted,0.25,2,100,0.05304091775697241,3.9696241681021305,0.8619929357182708
BCC_distorted,0.25,2,100,0.05968883208572181,3.859120128143886,0.8379972883273298
BCC_distorted,0.25,2,100,0.067169966629945,3.738899213301994,0.8118916483647326
BCC_distorted,0.25,2,100,0.0755887535307831,3.610586374965777,0.7840288695413511
BCC_distorted,0.25,2,100,0.08506271399262945,3.475706400828133,0.754740055297735
BCC_distorted,0.25,2,100,0.09572409880849786,3.33625668022328,0.7244589332169161
BCC_distorted,0.25,2,100,0.10772173450159415,3.1947117286070283,0.6937228375028156
BCC_distorted,0.25,2,100,0.1212231008541164,3.053702190501955,0.6631030053554359
BCC_distorted,0.25,2,100,0.1364166688243384,2.91566786971767,0.6331292334404967
BCC_distorted,0.25,2,100,0.15351453148789246,2.782513468145619,0.6042151225185609
BCC_distorted,0.25,2,100,0.1727553647296109,2.6551577873163534,0.57656018780697
BCC_distorted,0.25,2,100,0.19440775901540433,2.532922653057942,0.5500171656554045
BCC_distorted,0.25,2,100,0.2187739687537092,2.412941622590636,0.523963615922896
BCC_distorted,0.25,2,100,0.24619413158533693,2.290126653219126,0.4972946841763141
BCC_distorted,0.25,2,100,0.27705101650047453,2.1582513098653697,0.4686583172174976
BCC_distorted,0.25,2,100,0.3117753670636956,2.011899772550022,0.43687848468044094
BCC_distorted,0.25,2,100,0.35085191433519125,1.848167373248535,0.40132444591773314
BCC_distorted,0.25,2,100,0.3948261434249862,1.6675433079844908,0.3621024284961795
BCC_distorted,0.25,2,100,0.4443119081371701,1.4743704126300148,0.3201554672433179
BCC_distorted,0.25,2,100,0.5,1.2766109473653564,0.2772125449890285
BCC_distorted,0.5,0,200,0.004999999999999999,4.951743773659985,0.9345879891838471
BCC_distorted,0.5,0,200,0.005626677913003822,4.951743707213695,0.9345879766428297
BCC_distorted,0.5,0,200,0.006331900867337016,4.951742859304991,0.9345878166092482
BCC_distorted,0.5,0,200,0.007125513351514988,4.951736683253233,0.9345866509463914
BCC_distorted,0.5,0,200,0.008018593718756654,4.951707748401766,0.9345811898066624
BCC_distorted,0.5,0,200,0.00902360883413585,4.951611139328338,0.9345629558907331
BCC_distorted,0.5,0,200,0.010154588104523677,4.951359839126934,0.9345155257003503
BCC_distorted,0.5,0,200,0.011427319320674952,4.950810997705246,0.9344119378282547
BCC_distorted,0.5,0,200,0.01285956904529672,4.949743762391041,0.9342105087253204
BCC_distorted,0.5,0,200,0.01447133062358375,4.94781367337003,0.9338462253335408
BCC_distorted,0.5,0,200,0.016285103278298914,4.944464329663076,0.9332140729962535
BCC_distorted,0.5,0,200,0.018326206185398135,4.9387826590444295,0.9321417192232387
BCC_distorted,0.5,0,200,0.020623131914506758,4.929308355210082,0.9303535470208399
BCC_distorted,0.5,0,200,0.023207944168063883,4.913821536677014,0.9274305778097379
BCC_distorted,0.5,0,200,0.026116725371334214,4.889166917900363,0.922777285628278
BCC_distorted,0.5,0,200,0.029390080361374554,4.851349638097049,0.9156396837847038
BCC_distorted,0.5,0,200,0.03307370320615074,4.796229969370023,0.905236443489014
BCC_distorted,0.5,0,200,0.03721901506625844,4.720624207563735,0.8909666750746793
BCC_distorted,0.5,0,200,0.04188388200341457,4.623057981358,0.8725521069286226
BCC_distorted,0.5,0,200,0.047133422755894265,4.503890654983519,0.850060565155971
BCC_distorted,0.5,0,200,0.05304091775697241,4.3650962569876075,0.823864626258045
BCC_distorted,0.5,0,200,0.05968883208572181,4.209847784217761,0.7945631590129838
BCC_distorted,0.5,0,200,0.067169966629945,4.0420946182841275,0.7629015664113824
BCC_distorted,0.5,0,200,0.0755887535307831,3.866298521845711,0.7297219578155781
BCC_distorted,0.5,0,200,0.08506271399262945,3.6870423948693283,0.6958893059423341
BCC_distorted,0.5,0,200,0.09572409880849786,3.5085014123958365,0.6621916298460049
BCC_distorted,0.5,0,200,0.10772173450159415,3.33410384698435,0.6292759788295935
BCC_distorted,0.5,0,200,0.1212231008541164,3.1664026015201636,0.5976241856540845
BCC_distorted,0.5,0,200,0.1364166688243384,3.007054925391673,0.5675490381865954
BCC_distorted,0.5,0,200,0.15351453148789246,2.8568451880167918,0.5391985776567563
BCC_distorted,0.5,0,200,0.1727553647296109,2.715602590994698,0.5125405677168731
BCC_distorted,0.5,0,200,0.19440775901540433,2.581909103855519,0.4873073704789576
BCC_distorted,0.5,0,200,0.2187739687537092,2.452709902563887,0.46292242100285486
BCC_distorted,0.5,0,200,0.24619413158533693,2.3231114313302346,0.43846211365095894
BCC_distorted,0.5,0,200,0.27705101650047453,2.186751690001856,0.412725689821516
BCC_distorted,0.5,0,200,0.3117753670636956,2.0371243090453284,0.3844851427562855
BCC_distorted,0.5,0,200,0.35085191433519125,1.8698484145293306,0.35291362996391734
BCC_distorted,0.5,0,200,0.3948261434249862,1.6849804180745367,0.31802179852663987
BCC_distorted,0.5,0,200,0.4443119081371701,1.4877904613561588,0.28080433058797405
BCC_distorted,0.5,0,200,0.5,1.2871955639698223,0.24294421698797874
BCC_distorted,0.5,1,200,0.004999999999999999,4.944812301853267,0.9332797489771577
BCC_distorted,0.5,1,200,0.005626677913003822,4.944812235403476,0.9332797364354797
BCC_distorted,0.5,1,200,0.006331900867337016,4.944811387271412,0.9332795763597413
BCC_distorted,0.5,1,200,0.007125513351514988,4.9448052070506465,0.9332784099100295
BCC_distorted,0.5,1,200,0.008018593718756654,4.9447762584805295,0.933272946181054
BCC_distorted,0.5,1,200,0.00902360883413585,4.944679951371994,0.9332547692577268
BCC_distorted,0.5,1,200,0.010154588104523677,4.944432148414278,0.9332079991342003
BCC_distorted,0.5,1,200,0.011427319320674952,4.943900960700048,0.9331077432081237
BCC_distorted,0.5,1,200,0.01285956904529672,4.942889318594185,0.9329168067209571
BCC_distorted,0.5,1,200,0.01447133062358375,4.9410902436224005,0.932577250811539
BCC_distorted,0.5,1,200,0.016285103278298914,4.938011216914846,0.9319961178792244
BCC_distorted,0.5,1,200,0.018326206185398135,4.9328694973661165,0.9310256740207284
BCC_distorted,0.5,1,200,0.020623131914506758,4.924442177858114,0.9294351087667083
BCC_distorted,0.5,1,200,0.023207944168063883,4.910845016675667,0.9268687919076438
BCC_distorted,0.5,1,200,0.026116725371334214,4.88926739934079,0.9227962504115244
BCC_distorted,0.5,1,200,0.029390080361374554,4.855892290834146,0.9164970602729033
BCC_distorted,0.5,1,200,0.03307370320615074,4.806420867338881,0.9071598650705901
BCC_distorted,0.5,1,200,0.03721901506625844,4.737222616431756,0.8940994449183317
BCC_distorted,0.5,1,200,0.04188388200341457,4.646340727663338,0.8769464730442385
BCC_distorted,0.5,1,200,0.047133422755894265,4.53375258238064,0.8556966804226139
BCC_distorted,0.5,1,200,0.05304091775697241,4.40113058024386,0.8306657143702375
BCC_distorted,0.5,1,200,0.05968883208572181,4.251476810677002,0.8024201867407063
BCC_distorted,0.5,1,200,0.067169966629945,4.088733690601784,0.7717041860151309
BCC_distorted,0.5,1,200,0.0755887535307831,3.917345824556624,0.7393565831464822
BCC_distorted,0.5,1,200,0.08506271399262945,3.741785695282252,0.7062215107963801
BCC_distorted,0.5,1,200,0.09572409880849786,3.566169010891353,0.6730757642807619
BCC_distorted,0.5,1,200,0.10772173450159415,3.393985274685913,0.6405779495419628
BCC_distorted,0.5,1,200,0.1212231008541164,3.2278401148448546,0.6092198506689038
BCC_distorted,0.5,1,200,0.1364166688243384,3.069251321833123,0.5792879341678251
BCC_distorted,0.5,1,200,0.15351453148789246,2.918645860404518,0.550862785010192
BCC_distorted,0.5,1,200,0.1727553647296109,2.775460748399057,0.5238381464127596
BCC_distorted,0.5,1,200,0.19440775901540433,2.638035622989727,0.49790064288060226
BCC_distorted,0.5,1,200,0.2187739687537092,2.5032333527506214,0.4724581748453339
BCC_distorted,0.5,1,200,0.24619413158533693,2.3662322517633907,0.44660070132889
BCC_distorted,0.5,1,200,0.27705101650047453,2.221091858406326,0.4192070245602168
BCC_distorted,0.5,1,200,0.3117753670636956,2.0622657658668517,0.3892303203442229
BCC_distorted,0.5,1,200,0.35085191433519125,1.8865863573124018,0.3560727353222995
BCC_distorted,0.5,1,200,0.3948261434249862,1.6948857374807256,0.31989132024852235
BCC_distorted,0.5,1,200,0.4443119081371701,1.4924446808276284,0.281682764088552
BCC_distorted,0.5,1,200,0.5,1.2878628755265387,0.24307016481453395
BCC_distorted,0.5,2,200,0.004999999999999999,5.000264077168755,0.9437456707933166
BCC_distorted,0.5,2,200,0.005626677913003822,5.000264032881703,0.9437456624346153
BCC_distorted,0.5,2,200,0.006331900867337016,5.0002634684640626,0.9437455559069007
BCC_distorted,0.5,2,200,0.007125513351514988,5.0002593788003855,0.9437447840271898
BCC_distorted,0.5,2,200,0.008018593718756654,5.000240518860446,0.9437412244178582
BCC_distorted,0.5,2,200,0.00902360883413585,5.000179802530728,0.9437297648684357
BCC_distorted,0.5,2,200,0.010154588104523677,5.000031849480784,0.9437018403332091
BCC_distorted,0.5,2,200,0.011427319320674952,4.99973587624027,0.9436459785906901
BCC_distorted,0.5,2,200,0.01285956904529672,4.999202656004395,0.943545339048174
BCC_distorted,0.5,2,200,0.01447133062358375,4.99825160860015,0.9433658391544435
BCC_distorted,0.5,2,200,0.016285103278298914,4.996485353956228,0.9430324777263279
BCC_distorted,0.5,2,200,0.018326206185398135,4.993130127657279,0.9423992151135346
BCC_distorted,0.5,2,200,0.020623131914506758,4.9868626802825124,0.9412163023242145
BCC_distorted,0.5,2,200,0.023207944168063883,4.975580297494051,0.9390868748082836
BCC_distorted,0.5,2,200,0.026116725371334214,4.956146945460304,0.9354190401563915
BCC_distorted,0.5,2,200,0.029390080361374554,4.924460167201716,0.9294385040604135
BCC_distorted,0.5,2,200,0.03307370320615074,4.87621742614548,0.9203332093566975
BCC_distorted,0.5,2,200,0.03721901506625844,4.808062529315347,0.907469710982583
BCC_distorted,0.5,2,200,0.04188388200341457,4.718301820873027,0.8905283497479688
BCC_distorted,0.5,2,200,0.047133422755894265,4.606969042640444,0.8695154940561781
BCC_distorted,0.5,2,200,0.05304091775697241,4.475551471834912,0.8447118513685462
BCC_distorted,0.5,2,200,0.05968883208572181,4.32660756851717,0.8166003033027153
BCC_distorted,0.5,2,200,0.067169966629945,4.163469722456541,0.7858098023239268
BCC_distorted,0.5,2,200,0.0755887535307831,3.990084232423734,0.7530851695702322
BCC_distorted,0.5,2,200,0.08506271399262945,3.8107718747903983,0.7192419047697015
BCC_distorted,0.5,2,200,0.09572409880849786,3.6298625186928892,0.6850972238112305
BCC_distorted,0.5,2,200,0.10772173450159415,3.4513625863968205,0.6514072954911447
BCC_distorted,0.5,2,200,0.1212231008541164,3.2785903220954333,0.6187984024504563
BCC_distorted,0.5,2,200,0.1364166688243384,3.1137726835653927,0.5876908588422441
BCC_distorted,0.5,2,200,0.15351453148789246,2.9578419397856353,0.5582606203359106
BCC_distorted,0.5,2,200,0.1727553647296109,2.810444261718487,0.5304409055340431
BCC_distorted,0.5,2,200,0.19440775901540433,2.6699036194503862,0.5039153819488703
BCC_distorted,0.5,2,200,0.2187739687537092,2.533055336526491,0.47808675118622224
BCC_distorted,0.5,2,200,0.24619413158533693,2.3952437775299793,0.45207631250117625
BCC_distorted,0.5,2,200,0.27705101650047453,2.250885307837961,0.4248302153527771
BCC_distorted,0.5,2,200,0.3117753670636956,2.0946807963381016,0.39534830615532374
BCC_distorted,0.5,2,200,0.35085191433519125,1.9231634349699067,0.3629762624474282
BCC_distorted,0.5,2,200,0.3948261434249862,1.7361449208877595,0.3276785441070877
BCC_distorted,0.5,2,200,0.4443119081371701,1.537507332620138,0.2901878513974062
BCC_distorted,0.5,2,200,0.5,1.3346868480128586,0.2519076823218755
BCC_distorted,0.75,0,300,0.004999999999999999,5.186232578681688,0.9092619856605404
BCC_distorted,0.75,0,300,0.005626677913003822,5.186232549145867,0.9092619804822536
BCC_distorted,0.75,0,300,0.006331900867337016,5.186232172001575,0.9092619143604663
BCC_distorted,0.75,0,300,0.007125513351514988,5.186229417167194,0.9092614313766931
BCC_distorted,0.75,0,300,0.008018593718756654,5.186216393903939,0.9092591481088242
BCC_distorted,0.75,0,300,0.00902360883413585,5.186171912708452,0.9092513495653691
BCC_distorted,0.75,0,300,0.010154588104523677,5.1860506820278545,0.9092300951291883
BCC_distorted,0.75,0,300,0.011427319320674952,5.185764042854271,0.90917984090318
BCC_distorted,0.75,0,300,0.01285956904529672,5.1851404126183605,0.9090705046445338
BCC_distorted,0.75,0,300,0.01447133062358375,5.183853256623285,0.9088448375541786
BCC_distorted,0.75,0,300,0.016285103278298914,5.181313365704561,0.9083995381532968
BCC_distorted,0.75,0,300,0.018326206185398135,5.176536909264291,0.9075621190438736
BCC_distorted,0.75,0,300,0.020623131914506758,5.167997346573427,0.9060649436644111
BCC_distorted,0.75,0,300,0.023207944168063883,5.1534345516944695,0.9035117616411372
BCC_distorted,0.75,0,300,0.026116725371334214,5.129611945023201,0.8993351285424662
BCC_distorted,0.75,0,300,0.029390080361374554,5.0922163022792235,0.8927788401653869
BCC_distorted,0.75,0,300,0.03307370320615074,5.036331506100689,0.8829809917329039
BCC_distorted,0.75,0,300,0.03721901506625844,4.957636494667454,0.8691840049468714
BCC_distorted,0.75,0,300,0.04188388200341457,4.853718468527156,0.8509648623687595
BCC_distorted,0.75,0,300,0.047133422755894265,4.7247415366953245,0.8283523359610784
BCC_distorted,0.75,0,300,0.05304091775697241,4.573296403817905,0.8018006339019027
BCC_distorted,0.75,0,300,0.05968883208572181,4.403679559151808,0.7720630263722045
BCC_distorted,0.75,0,300,0.067169966629945,4.2210385624537015,0.7400419951513189
BCC_distorted,0.75,0,300,0.0755887535307831,4.030747487595547,0.7066797349838456
BCC_distorted,0.75,0,300,0.08506271399262945,3.837973201182841,0.6728821125693748
BCC_distorted,0.75,0,300,0.09572409880849786,3.647277823284682,0.6394489690816135
BCC_distorted,0.75,0,300,0.10772173450159415,3.4623305540727394,0.6070235969651759
BCC_distorted,0.75,0,300,0.1212231008541164,3.2857345997757297,0.5760623962038067
BCC_distorted,0.75,0,300,0.1364166688243384,3.1188948760278308,0.5468116797732235
BCC_distorted,0.75,0,300,0.15351453148789246,2.9620026163116675,0.5193049751586475
BCC_distorted,0.75,0,300,0.1727553647296109,2.8141054923121462,0.49337531801329226
BCC_distorted,0.75,0,300,0.19440775901540433,2.6730529514460204,0.46864566861083534
BCC_distorted,0.75,0,300,0.2187739687537092,2.5353080324696307,0.4444959189335929
BCC_distorted,0.75,0,300,0.24619413158533693,2.3959829151608476,0.4200691253228879
BCC_distorted,0.75,0,300,0.27705101650047453,2.2494684428453398,0.39438187778732353
BCC_distorted,0.75,0,300,0.3117753670636956,2.090624594425262,0.3665330162422219
BCC_distorted,0.75,0,300,0.35085191433519125,1.9162180566704174,0.33595566892405354
BCC_distorted,0.75,0,300,0.3948261434249862,1.7263289412449752,0.3026638811903553
BCC_distorted,0.75,0,300,0.4443119081371701,1.5252074310542836,0.2674028046881673
BCC_distorted,0.75,0,300,0.5,1.3207307391442786,0.23155349016424168
BCC_distorted,0.75,1,300,0.004999999999999999,5.195474541089938,0.9108823073416906
BCC_distorted,0.75,1,300,0.005626677913003822,5.19547451155696,0.9108823021639023
BCC_distorted,0.75,1,300,0.006331900867337016,5.195474134632553,0.9108822360806657
BCC_distorted,0.75,1,300,0.007125513351514988,5.195471386032935,0.9108817541899852
BCC_distorted,0.75,1,300,0.008018593718756654,5.195458446148397,0.910879485540261
BCC_distorted,0.75,1,300,0.00902360883413585,5.1954145885070036,0.910871796319715
BCC_distorted,0.75,1,300,0.010154588104523677,5.195296387677584,0.9108510730838721
BCC_distorted,0.75,1,300,0.011427319320674952,5.1950205528297415,0.9108027130966061
BCC_distorted,0.75,1,300,0.01285956904529672,5.194427438219549,0.9106987269062441
BCC_distorted,0.75,1,300,0.01447133062358375,5.19321011972785,0.9104853038843972
BCC_distorted,0.75,1,300,0.016285103278298914,5.190796507679592,0.910062143979723
BCC_distorted,0.75,1,300,0.018326206185398135,5.1861843600672906,0.9092535318643776
BCC_distorted,0.75,1,300,0.020623131914506758,5.177736422905633,0.9077724204792231
BCC_distorted,0.75,1,300,0.023207944168063883,5.162930014275676,0.9051765275440092
BCC_distorted,0.75,1,300,0.026116725371334214,5.13812372411947,0.9008274328394991
BCC_distorted,0.75,1,300,0.029390080361374554,5.098636701910263,0.8939044791005265
BCC_distorted,0.75,1,300,0.03307370320615074,5.039493606600716,0.8835353783200637
BCC_distorted,0.75,1,300,0.03721901506625844,4.9567104099878945,0.8690216416934209
BCC_distorted,0.75,1,300,0.04188388200341457,4.848406710361608,0.8500335929542701
BCC_distorted,0.75,1,300,0.047133422755894265,4.715130676608424,0.8266673383073977
BCC_distorted,0.75,1,300,0.05304091775697241,4.559508587023726,0.7993833227832822
BCC_distorted,0.75,1,300,0.05968883208572181,4.3856863056790045,0.7689084086158728
BCC_distorted,0.75,1,300,0.067169966629945,4.198811134365603,0.7361450323574427
BCC_distorted,0.75,1,300,0.0755887535307831,4.004490670073889,0.7020763305520803
BCC_distorted,0.75,1,300,0.08506271399262945,3.808146436736053,0.6676528169958991
BCC_distorted,0.75,1,300,0.09572409880849786,3.614467100178097,0.6336965191499455
BCC_distorted,0.75,1,300,0.10772173450159415,3.4271420487494537,0.6008542688956642
BCC_distorted,0.75,1,300,0.1212231008541164,3.2487387797531144,0.5695762056474523
BCC_distorted,0.75,1,300,0.1364166688243384,3.0806297101499625,0.5401029446403721
BCC_distorted,0.75,1,300,0.15351453148789246,2.9230483497429556,0.5124754253394181
BCC_distorted,0.75,1,300,0.1727553647296109,2.7751992880115193,0.4865541945792377
BCC_distorted,0.75,1,300,0.19440775901540433,2.6352139079713597,0.46201164221821045
BCC_distorted,0.75,1,300,0.2187739687537092,2.4999380063453285,0.43829476622809216
BCC_distorted,0.75,1,300,0.24619413158533693,2.3648163737491172,0.4146049370320102
BCC_distorted,0.75,1,300,0.27705101650047453,2.2242000353593037,0.3899517636309173
BCC_distorted,0.75,1,300,0.3117753670636956,2.072264052041874,0.36331400456620344
BCC_distorted,0.75,1,300,0.35085191433519125,1.9045680138214371,0.3339131571521293
BCC_distorted,0.75,1,300,0.3948261434249862,1.720031585616554,0.3015598146071007
BCC_distorted,0.75,1,300,0.4443119081371701,1.5223994582956395,0.2669105045748441
BCC_distorted,0.75,1,300,0.5,1.319799736953273,0.2313902647616001
BCC_distorted,0.75,2,300,0.004999999999999999,5.167748653285781,0.906021342196657
BCC_distorted,0.75,2,300,0.005626677913003822,5.167748608984715,0.9060213344296942
BCC_distorted,0.75,2,300,0.006331900867337016,5.1677480434599765,0.9060212352806224
BCC_distorted,0.75,2,300,0.007125513351514988,5.167743918421828,0.9060205120696362
BCC_distorted,0.75,2,300,0.008018593718756654,5.1677245170678745,0.9060171105805297
BCC_distorted,0.75,2,300,0.00902360883413585,5.167659193731587,0.9060056579459704
BCC_distorted,0.75,2,300,0.010154588104523677,5.167486655719404,0.9059754081927673
BCC_distorted,0.75,2,300,0.011427319320674952,5.167100121737593,0.9059076401838139
BCC_distorted,0.75,2,300,0.01285956904529672,5.1663184644228,0.905770598261499
BCC_distorted,0.75,2,300,0.01447133062358375,5.164825764131197,0.9055088946817716
BCC_distorted,0.75,2,300,0.016285103278298914,5.162057500774078,0.9050235565102304
BCC_distorted,0.75,2,300,0.018326206185398135,5.157019008672929,0.9041401967181035
BCC_distorted,0.75,2,300,0.020623131914506758,5.148052774423858,0.9025682163193225
BCC_distorted,0.75,2,300,0.023207944168063883,5.1326016374907315,0.8998592881647546
BCC_distorted,0.75,2,300,0.026116725371334214,5.10705516855023,0.8953804236473903
BCC_distorted,0.75,2,300,0.029390080361374554,5.06691093835095,0.8883422467222264
BCC_distorted,0.75,2,300,0.03307370320615074,5.007535654789883,0.877932438174146
BCC_distorted,0.75,2,300,0.03721901506625844,4.92534374299805,0.8635223669350973
BCC_distorted,0.75,2,300,0.04188388200341457,4.8187023281154655,0.8448257537040657
BCC_distorted,0.75,2,300,0.047133422755894265,4.688162595568798,0.8219392335524471
BCC_distorted,0.75,2,300,0.05304091775697241,4.536205785402496,0.7952978230776444
BCC_distorted,0.75,2,300,0.05968883208572181,4.366824541677805,0.765601521636047
BCC_distorted,0.75,2,300,0.067169966629945,4.185010206371826,0.7337254225537555
BCC_distorted,0.75,2,300,0.0755887535307831,3.996094955409838,0.7006043749329177
BCC_distorted,0.75,2,300,0.08506271399262945,3.805079995064479,0.6671152015301622
BCC_distorted,0.75,2,300,0.09572409880849786,3.6162121599217736,0.6340024669576382
BCC_distorted,0.75,2,300,0.10772173450159415,3.43285866987164,0.601856519796288
BCC_distorted,0.75,2,300,0.1212231008541164,3.25744325450853,0.5711022937817899
BCC_distorted,0.75,2,300,0.1364166688243384,3.091333614794362,0.5419795773296376
BCC_distorted,0.75,2,300,0.15351453148789246,2.9348028852532915,0.5145362570002616
BCC_distorted,0.75,2,300,0.1727553647296109,2.7870511784165557,0.4886320947196618
BCC_distorted,0.75,2,300,0.19440775901540433,2.646112968545358,0.46392249008494213
BCC_distorted,0.75,2,300,0.2187739687537092,2.5086574057783406,0.43982347099054675
BCC_distorted,0.75,2,300,0.24619413158533693,2.3699703603605062,0.4155085455820013
BCC_distorted,0.75,2,300,0.27705101650047453,2.2244304703679374,0.3899921640160403
BCC_distorted,0.75,2,300,0.3117753670636956,2.066602160968367,0.3623213490610777
BCC_distorted,0.75,2,300,0.35085191433519125,1.8928668272911988,0.33186167875472716
BCC_distorted,0.75,2,300,0.3948261434249862,1.7031826559899321,0.29860582228683125
BCC_distorted,0.75,2,300,0.4443119081371701,1.5020599699906998,0.26334453963923954
BCC_distorted,0.75,2,300,0.5,1.2978260538761703,0.2275377891150026
HEA_interstitial,1.0,0,7336,0.004999999999999999,8.894024640720636,0.9992669695762082
HEA_interstitial,1.0,0,7336,0.005626677913003822,8.88426483663829,0.9981704300181355
HEA_interstitial,1.0,0,7336,0.006331900867337016,8.863338169426909,0.9958192641317825
HEA_interstitial,1.0,0,7336,0.007125513351514988,8.823584831530539,0.9913528724705349
HEA_interstitial,1.0,0,7336,0.008018593718756654,8.756961336772537,0.9838675482895565
HEA_interstitial,1.0,0,7336,0.00902360883413585,8.657718183549992,0.9727173200208111
HEA_interstitial,1.0,0,7336,0.010154588104523677,8.52382914738843,0.9576745360361467
HEA_interstitial,1.0,0,7336,0.011427319320674952,8.356211292084984,0.9388422308557591
HEA_interstitial,1.0,0,7336,0.01285956904529672,8.15688991134336,0.9164479515332666
HEA_interstitial,1.0,0,7336,0.01447133062358375,7.927790275835269,0.8907080072725957
HEA_interstitial,1.0,0,7336,0.016285103278298914,7.670903255702362,0.8618460775499822
HEA_interstitial,1.0,0,7336,0.018326206185398135,7.388866948289905,0.8301585595136397
HEA_interstitial,1.0,0,7336,0.020623131914506758,7.0849359658245294,0.7960111173738922
HEA_interstitial,1.0,0,7336,0.023207944168063883,6.7627398444291345,0.7598115390230616
HEA_interstitial,1.0,0,7336,0.026116725371334214,6.426342654350365,0.7220164334006954
HEA_interstitial,1.0,0,7336,0.029390080361374554,6.0800432713348656,0.6831087904594263
HEA_interstitial,1.0,0,7336,0.03307370320615074,5.72772251897849,0.6435246308975028
HEA_interstitial,1.0,0,7336,0.03721901506625844,5.372756029116757,0.6036432157953632
HEA_interstitial,1.0,0,7336,0.04188388200341457,5.018500536779323,0.5638416831277998
HEA_interstitial,1.0,0,7336,0.047133422755894265,4.6686539928386654,0.5245355073634874
HEA_interstitial,1.0,0,7336,0.05304091775697241,4.327143561431672,0.4861659156818661
HEA_interstitial,1.0,0,7336,0.05968883208572181,3.997436637134909,0.44912247894773716
HEA_interstitial,1.0,0,7336,0.067169966629945,3.681829049451382,0.4136631396205389
HEA_interstitial,1.0,0,7336,0.0755887535307831,3.381067317989037,0.37987177113400866
HEA_interstitial,1.0,0,7336,0.08506271399262945,3.094073568953328,0.3476272715434396
HEA_interstitial,1.0,0,7336,0.09572409880849786,2.817886511896099,0.3165969321087844
HEA_interstitial,1.0,0,7336,0.10772173450159415,2.5481767802606097,0.28629433715501434
HEA_interstitial,1.0,0,7336,0.1212231008541164,2.2806366418368578,0.2562355016826358
HEA_interstitial,1.0,0,7336,0.1364166688243384,2.01326096228003,0.22619514359481718
HEA_interstitial,1.0,0,7336,0.15351453148789246,1.7483743002494996,0.1964344331469812
HEA_interstitial,1.0,0,7336,0.1727553647296109,1.4925265633736453,0.16768926962108485
HEA_interstitial,1.0,0,7336,0.19440775901540433,1.2538865712332112,0.14087744129827282
HEA_interstitial,1.0,0,7336,0.2187739687537092,1.0391142111280978,0.11674720396473
HEA_interstitial,1.0,0,7336,0.24619413158533693,0.8517349941964413,0.09569465803320804
HEA_interstitial,1.0,0,7336,0.27705101650047453,0.6922273939266024,0.07777356125366273
HEA_interstitial,1.0,0,7336,0.3117753670636956,0.5589418076508001,0.06279857644462385
HEA_interstitial,1.0,0,7336,0.35085191433519125,0.44908501928408817,0.05045587846108368
HEA_interstitial,1.0,0,7336,0.3948261434249862,0.35945072768546754,0.0403852309697578
HEA_interstitial,1.0,0,7336,0.4443119081371701,0.28686483759752923,0.032230016052758326
HEA_interstitial,1.0,0,7336,0.5,0.22841665069223657,0.025663209127278146
HEA_interstitial,0.25,0,1834,0.004999999999999999,7.511825427118909,0.9996767176773028
HEA_interstitial,0.25,0,1834,0.005626677913003822,7.508897551330245,0.9992870748020022
HEA_interstitial,0.25,0,1834,0.006331900867337016,7.502642320065752,0.9984546261356334
HEA_interstitial,0.25,0,1834,0.007125513351514988,7.490183329587872,0.9967965787239436
HEA_interstitial,0.25,0,1834,0.008018593718756654,7.467401611053738,0.9937647785539034
HEA_interstitial,0.25,0,1834,0.00902360883413585,7.42953194972284,0.9887250689512079
HEA_interstitial,0.25,0,1834,0.010154588104523677,7.372395440687148,0.9811213195874202
HEA_interstitial,0.25,0,1834,0.011427319320674952,7.293461833670508,0.9706168037487063
HEA_interstitial,0.25,0,1834,0.01285956904529672,7.191833285609257,0.9570920361227967
HEA_interstitial,0.25,0,1834,0.01447133062358375,7.067234012055827,0.9405103152056423
HEA_interstitial,0.25,0,1834,0.016285103278298914,6.919030977037852,0.9207873963180815
HEA_interstitial,0.25,0,1834,0.018326206185398135,6.746141113490147,0.8977791444639999
HEA_interstitial,0.25,0,1834,0.020623131914506758,6.547699551322549,0.8713704623875653
HEA_interstitial,0.25,0,1834,0.023207944168063883,6.323762885606982,0.8415688817834752
HEA_interstitial,0.25,0,1834,0.026116725371334214,6.075511740963875,0.8085315206461253
HEA_interstitial,0.25,0,1834,0.029390080361374554,5.805102051433044,0.7725452915356336
HEA_interstitial,0.25,0,1834,0.03307370320615074,5.515623136544056,0.7340213223245968
HEA_interstitial,0.25,0,1834,0.03721901506625844,5.211168711559002,0.693504406269464
HEA_interstitial,0.25,0,1834,0.04188388200341457,4.896868457112852,0.6516772033108382
HEA_interstitial,0.25,0,1834,0.047133422755894265,4.578409451995047,0.6092965521575741
HEA_interstitial,0.25,0,1834,0.05304091775697241,4.261198765523943,0.5670820277466652
HEA_interstitial,0.25,0,1834,0.05968883208572181,3.9496805400453328,0.5256250583103351
HEA_interstitial,0.25,0,1834,0.067169966629945,3.6469599457490154,0.48533888113335394
HEA_interstitial,0.25,0,1834,0.0755887535307831,3.3546044379977453,0.4464320937992712
HEA_interstitial,0.25,0,1834,0.08506271399262945,3.0724868525447953,0.4088877732395188
HEA_interstitial,0.25,0,1834,0.09572409880849786,2.7986257573933995,0.3724422296953231
HEA_interstitial,0.25,0,1834,0.10772173450159415,2.5295999660039525,0.33664017030030197
HEA_interstitial,0.25,0,1834,0.1212231008541164,2.2619814973821573,0.3010253979793387
HEA_interstitial,0.25,0,1834,0.1364166688243384,1.9945130187222206,0.2654305863821982
HEA_interstitial,0.25,0,1834,0.15351453148789246,1.7299716868533768,0.23022532064507129
HEA_interstitial,0.25,0,1834,0.1727553647296109,1.4750414057992203,0.1962990973757273
HEA_interstitial,0.25,0,1834,0.19440775901540433,1.2378121512571703,0.16472853375992882
HEA_interstitial,0.25,0,1834,0.2187739687537092,1.0247733352381772,0.1363772433309913
HEA_interstitial,0.25,0,1834,0.24619413158533693,0.8392629333223643,0.1116894452076895
HEA_interstitial,0.25,0,1834,0.27705101650047453,0.6815993532318037,0.0907075132164085
HEA_interstitial,0.25,0,1834,0.3117753670636956,0.5500252300706933,0.07319757653735343
HEA_interstitial,0.25,0,1834,0.35085191433519125,0.4416922798958624,0.05878058440970086
HEA_interstitial,0.25,0,1834,0.3948261434249862,0.35337723796659953,0.04702758347884185
HEA_interstitial,0.25,0,1834,0.4443119081371701,0.28191136519554777,0.037516876685818046
HEA_interstitial,0.25,0,1834,0.5,0.2244005114884398,0.029863309384162606
HEA_interstitial,0.25,1,1834,0.004999999999999999,7.51245432450178,0.9997604115913272
HEA_interstitial,0.25,1,1834,0.005626677913003822,7.510099783259096,0.9994470683056028
HEA_interstitial,0.25,1,1834,0.006331900867337016,7.50467095724477,0.9987245979788496
HEA_interstitial,0.25,1,1834,0.007125513351514988,7.493249387482984,0.9972046109289691
HEA_interstitial,0.25,1,1834,0.008018593718756654,7.471665716829271,0.9943322474476991
HEA_interstitial,0.25,1,1834,0.00902360883413585,7.435167110409362,0.9894749983782617
HEA_interstitial,0.25,1,1834,0.010154588104523677,7.379557806040879,0.9820744900194398
HEA_interstitial,0.25,1,1834,0.011427319320674952,7.302074784831431,0.9717630187173053
HEA_interstitial,0.25,1,1834,0.01285956904529672,7.201504764562108,0.9583791203912578
HEA_interstitial,0.25,1,1834,0.01447133062358375,7.077632735467548,0.9418941814561458
HEA_interstitial,0.25,1,1834,0.016285103278298914,6.930476039720094,0.922310509815167
HEA_interstitial,0.25,1,1834,0.018326206185398135,6.759858982407774,0.8996047239195065
HEA_interstitial,0.25,1,1834,0.020623131914506758,6.565545123496404,0.8737453582353081
HEA_interstitial,0.25,1,1834,0.023207944168063883,6.347590375297607,0.8447398535952562
HEA_interstitial,0.25,1,1834,0.026116725371334214,6.106620647607881,0.812671506324192
HEA_interstitial,0.25,1,1834,0.029390080361374554,5.843980454527548,0.7777192448937263
HEA_interstitial,0.25,1,1834,0.03307370320615074,5.561718783529726,0.7401557493723139
HEA_interstitial,0.25,1,1834,0.03721901506625844,5.262699364839082,0.7003621261180675
HEA_interstitial,0.25,1,1834,0.04188388200341457,4.951204925084501,0.6589083220953584
HEA_interstitial,0.25,1,1834,0.047133422755894265,4.63298006070342,0.6165588304845295
HEA_interstitial,0.25,1,1834,0.05304091775697241,4.314185695826761,0.574133549521078
HEA_interstitial,0.25,1,1834,0.05968883208572181,4.000131782834138,0.5323391297811357
HEA_interstitial,0.25,1,1834,0.067169966629945,3.6944120130991314,0.4916538211430501
HEA_interstitial,0.25,1,1834,0.0755887535307831,3.3987046006953605,0.45230096100369654
HEA_interstitial,0.25,1,1834,0.08506271399262945,3.112990564900847,0.41427802340103953
HEA_interstitial,0.25,1,1834,0.09572409880849786,2.8356068977618683,0.37736369457469177
HEA_interstitial,0.25,1,1834,0.10772173450159415,2.5633771616043193,0.34113525293470626
HEA_interstitial,0.25,1,1834,0.1212231008541164,2.2928077988479276,0.30512777444780403
HEA_interstitial,0.25,1,1834,0.1364166688243384,2.022433539991151,0.2691462604655173
HEA_interstitial,0.25,1,1834,0.15351453148789246,1.7549063635724698,0.23354363734728037
HEA_interstitial,0.25,1,1834,0.1727553647296109,1.4969327280019833,0.19921240324759548
HEA_interstitial,0.25,1,1834,0.19440775901540433,1.2567154511530516,0.1672441924339127
HEA_interstitial,0.25,1,1834,0.2187739687537092,1.0408545381189849,0.13851733621096582
HEA_interstitial,0.25,1,1834,0.24619413158533693,0.852761281025212,0.1134858106925601
HEA_interstitial,0.25,1,1834,0.27705101650047453,0.6928000433564517,0.09219810551626488
HEA_interstitial,0.25,1,1834,0.3117753670636956,0.5592347361420196,0.07442318127086808
HEA_interstitial,0.25,1,1834,0.35085191433519125,0.4492122327027589,0.0597813427223138
HEA_interstitial,0.25,1,1834,0.3948261434249862,0.3594850422644428,0.04784041250581048
HEA_interstitial,0.25,1,1834,0.4443119081371701,0.2868510312875606,0.03817424941541558
HEA_interstitial,0.25,1,1834,0.5,0.22838101584463236,0.030393036488194223
HEA_interstitial,0.25,2,1834,0.004999999999999999,7.511948099582262,0.9996930429775516
HEA_interstitial,0.25,2,1834,0.005626677913003822,7.5087943743933065,0.9992733439741682
HEA_interstitial,0.25,2,1834,0.006331900867337016,7.5019202028869625,0.9983585264940649
HEA_interstitial,0.25,2,1834,0.007125513351514988,7.488246111489756,0.9965387729684001
HEA_interstitial,0.25,2,1834,0.008018593718756654,7.463582598962907,0.9932565429048229
HEA_interstitial,0.25,2,1834,0.00902360883413585,7.423219805022581,0.9878850462221548
HEA_interstitial,0.25,2,1834,0.010154588104523677,7.362963101908379,0.9798660601885077
HEA_interstitial,0.25,2,1834,0.011427319320674952,7.280084998413238,0.9688366091884572
HEA_interstitial,0.25,2,1834,0.01285956904529672,7.173488624271865,0.9546507212905244
HEA_interstitial,0.25,2,1834,0.01447133062358375,7.042943505437149,0.9372777249167874
HEA_interstitial,0.25,2,1834,0.016285103278298914,6.888250709803157,0.9166911461034101
HEA_interstitial,0.25,2,1834,0.018326206185398135,6.709187315680809,0.8928613183432831
HEA_interstitial,0.25,2,1834,0.020623131914506758,6.505976224900855,0.8658179055007613
HEA_interstitial,0.25,2,1834,0.023207944168063883,6.279607025269763,0.8356926023150026
HEA_interstitial,0.25,2,1834,0.026116725371334214,6.031852372499153,0.8027213145136571
HEA_interstitial,0.25,2,1834,0.029390080361374554,5.764990563221984,0.7672072387194402
HEA_interstitial,0.25,2,1834,0.03307370320615074,5.481412796816987,0.7294685966974123
HEA_interstitial,0.25,2,1834,0.03721901506625844,5.183841597804206,0.6898677030943123
HEA_interstitial,0.25,2,1834,0.04188388200341457,4.876214728781961,0.6489285969240225
HEA_interstitial,0.25,2,1834,0.047133422755894265,4.563747666106684,0.6073453558559065
HEA_interstitial,0.25,2,1834,0.05304091775697241,4.25192805383737,0.5658482777455125
HEA_interstitial,0.25,2,1834,0.05968883208572181,3.945494217596666,0.525067940852638
HEA_interstitial,0.25,2,1834,0.067169966629945,3.6476199736383825,0.4854267179075734
HEA_interstitial,0.25,2,1834,0.0755887535307831,3.359639761391796,0.4471021966406971
HEA_interstitial,0.25,2,1834,0.08506271399262945,3.0812009768734208,0.41004745237354434
HEA_interstitial,0.25,2,1834,0.09572409880849786,2.8103587662126683,0.37400366317893163
HEA_interstitial,0.25,2,1834,0.10772173450159415,2.543810098717058,0.3385312604176404
HEA_interstitial,0.25,2,1834,0.1212231008541164,2.2780470660078405,0.3031634102464185
HEA_interstitial,0.25,2,1834,0.1364166688243384,2.0116333718291384,0.2677089697878631
HEA_interstitial,0.25,2,1834,0.15351453148789246,1.7472903535052682,0.23253009569623356
HEA_interstitial,0.25,2,1834,0.1727553647296109,1.4917941882873276,0.1985285643371415
HEA_interstitial,0.25,2,1834,0.19440775901540433,1.2533994937841146,0.16680290350744625
HEA_interstitial,0.25,2,1834,0.2187739687537092,1.0387898666857567,0.1382425689148569
HEA_interstitial,0.25,2,1834,0.24619413158533693,0.8515090181738615,0.11331915905388011
HEA_interstitial,0.25,2,1834,0.27705101650047453,0.6920574153195432,0.09209927628153432
HEA_interstitial,0.25,2,1834,0.3117753670636956,0.5588037792333738,0.0743658293539372
HEA_interstitial,0.25,2,1834,0.35085191433519125,0.44896672192636766,0.05974867005047412
HEA_interstitial,0.25,2,1834,0.3948261434249862,0.3593466062583579,0.047821989387020786
HEA_interstitial,0.25,2,1834,0.4443119081371701,0.2867726755938956,0.03816382180851571
HEA_interstitial,0.25,2,1834,0.5,0.2283356180943199,0.030386994937513553
HEA_interstitial,0.5,0,3668,0.004999999999999999,8.204189840651141,0.9996086468299685
HEA_interstitial,0.5,0,3668,0.005626677913003822,8.198924133908198,0.9989670666015545
HEA_interstitial,0.5,0,3668,0.006331900867337016,8.187349738263663,0.9975568279073228
HEA_interstitial,0.5,0,3668,0.007125513351514988,8.164564490190227,0.9947806450743126
HEA_interstitial,0.5,0,3668,0.008018593718756654,8.124319982030185,0.9898772043780886
HEA_interstitial,0.5,0,3668,0.00902360883413585,8.060520096530311,0.9821037473456298
HEA_interstitial,0.5,0,3668,0.010154588104523677,7.96915272814002,0.970971434069736
HEA_interstitial,0.5,0,3668,0.011427319320674952,7.848986889330942,0.9563302795060092
HEA_interstitial,0.5,0,3668,0.01285956904529672,7.7005490177524445,0.938244425469369
HEA_interstitial,0.5,0,3668,0.01447133062358375,7.524732787956366,0.9168227583735652
HEA_interstitial,0.5,0,3668,0.016285103278298914,7.322369109015333,0.8921665172086575
HEA_interstitial,0.5,0,3668,0.018326206185398135,7.0945105027681965,0.8644039425384954
HEA_interstitial,0.5,0,3668,0.020623131914506758,6.842652122582262,0.8337172057003253
HEA_interstitial,0.5,0,3668,0.023207944168063883,6.5688693536678375,0.8003591741974623
HEA_interstitial,0.5,0,3668,0.026116725371334214,6.276030228913775,0.7646792927076589
HEA_interstitial,0.5,0,3668,0.029390080361374554,5.967588918075729,0.7270984215501468
HEA_interstitial,0.5,0,3668,0.03307370320615074,5.6469695476750115,0.6880337605392918
HEA_interstitial,0.5,0,3668,0.03721901506625844,5.317476874327438,0.6478879653123963
HEA_interstitial,0.5,0,3668,0.04188388200341457,4.982833191958938,0.6071145647695312
HEA_interstitial,0.5,0,3668,0.047133422755894265,4.647370577792728,0.5662413845626096
HEA_interstitial,0.5,0,3668,0.05304091775697241,4.3157582159566195,0.5258373238661334
HEA_interstitial,0.5,0,3668,0.05968883208572181,3.9924188345853238,0.48644125335129657
HEA_interstitial,0.5,0,3668,0.067169966629945,3.680670495616792,0.44845744979232244
HEA_interstitial,0.5,0,3668,0.0755887535307831,3.382105715907145,0.41207994741446896
HEA_interstitial,0.5,0,3668,0.08506271399262945,3.0963308249662864,0.3772607809178657
HEA_interstitial,0.5,0,3668,0.09572409880849786,2.8209573299172233,0.3437089333734668
HEA_interstitial,0.5,0,3668,0.10772173450159415,2.552029953541468,0.3109424889084072
HEA_interstitial,0.5,0,3668,0.1212231008541164,2.2853629304146748,0.27845144868147925
HEA_interstitial,0.5,0,3668,0.1364166688243384,2.0188823001441683,0.2459831187909124
HEA_interstitial,0.5,0,3668,0.15351453148789246,1.7547494609867242,0.21380084667608587
HEA_interstitial,0.5,0,3668,0.1727553647296109,1.4993474998994845,0.18268235555400897
HEA_interstitial,0.5,0,3668,0.19440775901540433,1.2607573151822404,0.15361223207754054
HEA_interstitial,0.5,0,3668,0.2187739687537092,1.0456651682324933,0.127405138612828
HEA_interstitial,0.5,0,3668,0.24619413158533693,0.8577038615809954,0.10450370031756491
HEA_interstitial,0.5,0,3668,0.27705101650047453,0.697478981992746,0.08498170263290467
HEA_interstitial,0.5,0,3668,0.3117753670636956,0.5634445040848995,0.06865077591224873
HEA_interstitial,0.5,0,3668,0.35085191433519125,0.45287361886546085,0.055178682372270055
HEA_interstitial,0.5,0,3668,0.3948261434249862,0.36259456718095573,0.04417897095112642
HEA_interstitial,0.5,0,3668,0.4443119081371701,0.2894465196467949,0.03526652228354739
HEA_interstitial,0.5,0,3668,0.5,0.23051968504979015,0.028086803805846938
HEA_interstitial,0.5,1,3668,0.004999999999999999,8.204529663761573,0.9996500512984386
HEA_interstitial,0.5,1,3668,0.005626677913003822,8.199796446602095,0.9990733502600869
HEA_interstitial,0.5,1,3668,0.006331900867337016,8.188963623602852,0.9977534656950118
HEA_interstitial,0.5,1,3668,0.007125513351514988,8.166737303060364,0.9950453832843148
HEA_interstitial,0.5,1,3668,0.008018593718756654,8.12626347762375,0.9901140022872224
HEA_interstitial,0.5,1,3668,0.00902360883413585,8.06098842370378,0.9821608089082262
HEA_interstitial,0.5,1,3668,0.010154588104523677,7.966777142908148,0.9706819898241513
HEA_interstitial,0.5,1,3668,0.011427319320674952,7.8424876664512775,0.9555384061444254
HEA_interstitial,0.5,1,3668,0.01285956904529672,7.688925811534833,0.9368282396344871
HEA_interstitial,0.5,1,3668,0.01447133062358375,7.507454209147254,0.9147175149408815
HEA_interstitial,0.5,1,3668,0.016285103278298914,7.299248537308563,0.889349478129037
HEA_interstitial,0.5,1,3668,0.018326206185398135,7.065616429058824,0.8608834528273822
HEA_interstitial,0.5,1,3668,0.020623131914506758,6.808589860120021,0.8295670174734344
HEA_interstitial,0.5,1,3668,0.023207944168063883,6.530954382868536,0.7957395672171977
HEA_interstitial,0.5,1,3668,0.026116725371334214,6.2358869561474535,0.7597881866571334
HEA_interstitial,0.5,1,3668,0.029390080361374554,5.926455418304726,0.7220866650154869
HEA_interstitial,0.5,1,3668,0.03307370320615074,5.605509927819102,0.6829822691297559
HEA_interstitial,0.5,1,3668,0.03721901506625844,5.276263777486339,0.6428665105721761
HEA_interstitial,0.5,1,3668,0.04188388200341457,4.942684362515038,0.6022227816865304
HEA_interstitial,0.5,1,3668,0.047133422755894265,4.609295382812439,0.5616022556697787
HEA_interstitial,0.5,1,3668,0.05304091775697241,4.280762226616636,0.5215733692005207
HEA_interstitial,0.5,1,3668,0.05968883208572181,3.961209754791573,0.48263870043292534
HEA_interstitial,0.5,1,3668,0.067169966629945,3.653387715461048,0.44513328208253694
HEA_interstitial,0.5,1,3668,0.0755887535307831,3.3582856173581734,0.40917767711839254
HEA_interstitial,0.5,1,3668,0.08506271399262945,3.0750833578639094,0.37467196322211554
HEA_interstitial,0.5,1,3668,0.09572409880849786,2.801116934093183,0.3412915549841991
HEA_interstitial,0.5,1,3668,0.10772173450159415,2.5323675066010947,0.30854679203142304
HEA_interstitial,0.5,1,3668,0.1212231008541164,2.2649467953836195,0.27596392151447363
HEA_interstitial,0.5,1,3668,0.1364166688243384,1.9973947951953457,0.24336505458678862
HEA_interstitial,0.5,1,3668,0.15351453148789246,1.7325754784136878,0.21109914118838044
HEA_interstitial,0.5,1,3668,0.1727553647296109,1.4773595298919584,0.18000331406756567
HEA_interstitial,0.5,1,3668,0.19440775901540433,1.239927952695094,0.15107435676571634
HEA_interstitial,0.5,1,3668,0.2187739687537092,1.0267470618179708,0.12510013310699428
HEA_interstitial,0.5,1,3668,0.24619413158533693,0.8411038597733631,0.10248113554680804
HEA_interstitial,0.5,1,3668,0.27705101650047453,0.6832918268828443,0.08325312209086175
HEA_interstitial,0.5,1,3668,0.3117753670636956,0.5515530294499831,0.06720190392129072
HEA_interstitial,0.5,1,3668,0.35085191433519125,0.4430471261685117,0.053981410337045885
HEA_interstitial,0.5,1,3668,0.3948261434249862,0.35455913188138943,0.043199923566497433
HEA_interstitial,0.5,1,3668,0.4443119081371701,0.2829269880524854,0.03447217448302944
HEA_interstitial,0.5,1,3668,0.5,0.22526146147951934,0.027446135336455364
HEA_interstitial,0.5,2,3668,0.004999999999999999,8.20368167844313,0.9995467317174485
HEA_interstitial,0.5,2,3668,0.005626677913003822,8.198549417070174,0.9989214106381167
HEA_interstitial,0.5,2,3668,0.006331900867337016,8.18746741055469,0.9975711652449379
HEA_interstitial,0.5,2,3668,0.007125513351514988,8.165618592922824,0.9949090782562132
HEA_interstitial,0.5,2,3668,0.008018593718756654,8.126703016901457,0.9901675562969603
HEA_interstitial,0.5,2,3668,0.00902360883413585,8.064259974330911,0.9825594186867589
HEA_interstitial,0.5,2,3668,0.010154588104523677,7.9734654746582105,0.9714969044446179
HEA_interstitial,0.5,2,3668,0.011427319320674952,7.852145675938051,0.9567151499767425
HEA_interstitial,0.5,2,3668,0.01285956904529672,7.700396799296823,0.9382258789842922
HEA_interstitial,0.5,2,3668,0.01447133062358375,7.519526585667665,0.9161884282415216
HEA_interstitial,0.5,2,3668,0.016285103278298914,7.311403727653301,0.890830481568555
HEA_interstitial,0.5,2,3668,0.018326206185398135,7.0782229833801384,0.8624194510125872
HEA_interstitial,0.5,2,3668,0.020623131914506758,6.822198120623712,0.8312250647799951
HEA_interstitial,0.5,2,3668,0.023207944168063883,6.545515673643969,0.7975137329119024
HEA_interstitial,0.5,2,3668,0.026116725371334214,6.250681262439347,0.7615907432508329
HEA_interstitial,0.5,2,3668,0.029390080361374554,5.940674479729518,0.7238191330624356
HEA_interstitial,0.5,2,3668,0.03307370320615074,5.618772107114764,0.6845981494734878
HEA_interstitial,0.5,2,3668,0.03721901506625844,5.2884319407401374,0.6443490946469945
HEA_interstitial,0.5,2,3668,0.04188388200341457,4.953623048914397,0.6035555647793328
HEA_interstitial,0.5,2,3668,0.047133422755894265,4.618933179144723,0.5627765367063293
HEA_interstitial,0.5,2,3668,0.05304091775697241,4.289121879814217,0.5225919196952199
HEA_interstitial,0.5,2,3668,0.05968883208572181,3.968395037821112,0.48351416421250043
HEA_interstitial,0.5,2,3668,0.067169966629945,3.659654470005023,0.4458968312143085
HEA_interstitial,0.5,2,3668,0.0755887535307831,3.3640730064803193,0.4098828197737224
HEA_interstitial,0.5,2,3668,0.08506271399262945,3.080968132178669,0.3753889714098746
HEA_interstitial,0.5,2,3668,0.09572409880849786,2.807804497642956,0.3421063760061914
HEA_interstitial,0.5,2,3668,0.10772173450159415,2.5406023144413923,0.3095501312132345
HEA_interstitial,0.5,2,3668,0.1212231008541164,2.2752509359822826,0.2772193907613625
HEA_interstitial,0.5,2,3668,0.1364166688243384,2.009785247398192,0.2448747226223488
HEA_interstitial,0.5,2,3668,0.15351453148789246,1.7464733052283448,0.2127924696127473
HEA_interstitial,0.5,2,3668,0.1727553647296109,1.4918051579247964,0.18176338727052416
HEA_interstitial,0.5,2,3668,0.19440775901540433,1.2539523096940486,0.15278310178438023
HEA_interstitial,0.5,2,3668,0.2187739687537092,1.0396386624906178,0.1266708616925281
HEA_interstitial,0.5,2,3668,0.24619413158533693,0.8524781525255647,0.10386699345691386
HEA_interstitial,0.5,2,3668,0.27705101650047453,0.6930333812864087,0.0844400451392678
HEA_interstitial,0.5,2,3668,0.3117753670636956,0.5597210311156893,0.06819710335608506
HEA_interstitial,0.5,2,3668,0.35085191433519125,0.44979298367518744,0.05480333396691409
HEA_interstitial,0.5,2,3668,0.3948261434249862,0.3600702000556276,0.04387139893545363
HEA_interstitial,0.5,2,3668,0.4443119081371701,0.28739365137934203,0.03501639827242554
HEA_interstitial,0.5,2,3668,0.5,0.22886031527463455,0.027884624138170916
HEA_interstitial,0.75,0,5502,0.004999999999999999,8.607998911942337,0.9994347956870511
HEA_interstitial,0.75,0,5502,0.005626677913003822,8.600822824713516,0.9986016135100159
HEA_interstitial,0.75,0,5502,0.006331900867337016,8.585216119320453,0.9967895913925149
HEA_interstitial,0.75,0,5502,0.007125513351514988,8.55489249527586,0.9932688561657187
HEA_interstitial,0.75,0,5502,0.008018593718756654,8.50254843837791,0.9871914306982672
HEA_interstitial,0.75,0,5502,0.00902360883413585,8.421951064148564,0.9778336437062095
HEA_interstitial,0.75,0,5502,0.010154588104523677,8.309693783252422,0.9647999719150611
HEA_interstitial,0.75,0,5502,0.011427319320674952,8.165268180943132,0.9480313856486631
HEA_interstitial,0.75,0,5502,0.01285956904529672,7.98974973981456,0.9276527541986433
HEA_interstitial,0.75,0,5502,0.01447133062358375,7.784499456104636,0.903822096520499
HEA_interstitial,0.75,0,5502,0.016285103278298914,7.550971447536779,0.8767082434731412
HEA_interstitial,0.75,0,5502,0.018326206185398135,7.291224774190516,0.8465502629643313
HEA_interstitial,0.75,0,5502,0.020623131914506758,7.007985722853823,0.8136646914977096
HEA_interstitial,0.75,0,5502,0.023207944168063883,6.704368096109499,0.7784130582370207
HEA_interstitial,0.75,0,5502,0.026116725371334214,6.383941629182068,0.7412098285686193
HEA_interstitial,0.75,0,5502,0.029390080361374554,6.050744556985913,0.7025238632030931
HEA_interstitial,0.75,0,5502,0.03307370320615074,5.708675239347105,0.6628077826038207
HEA_interstitial,0.75,0,5502,0.03721901506625844,5.36124981171305,0.6224698289358435
HEA_interstitial,0.75,0,5502,0.04188388200341457,5.012196683008487,0.5819428904522914
HEA_interstitial,0.75,0,5502,0.047133422755894265,4.665804034475878,0.5417248479716646
HEA_interstitial,0.75,0,5502,0.05304091775697241,4.32653620273853,0.5023340348960279
HEA_interstitial,0.75,0,5502,0.05968883208572181,3.998258359701918,0.46421921839335595
HEA_interstitial,0.75,0,5502,0.067169966629945,3.683546456228123,0.4276794801607866
HEA_interstitial,0.75,0,5502,0.0755887535307831,3.3833336864907904,0.39282316904197256
HEA_interstitial,0.75,0,5502,0.08506271399262945,3.0966825766349855,0.3595414392993327
HEA_interstitial,0.75,0,5502,0.09572409880849786,2.820728253270395,0.3275016637821427
HEA_interstitial,0.75,0,5502,0.10772173450159415,2.551185332968683,0.29620628651311304
HEA_interstitial,0.75,0,5502,0.1212231008541164,2.283749459864592,0.26515554871337227
HEA_interstitial,0.75,0,5502,0.1364166688243384,2.016382922592963,0.23411286117528457
HEA_interstitial,0.75,0,5502,0.15351453148789246,1.7513694660451462,0.2033433789171343
HEA_interstitial,0.75,0,5502,0.1727553647296109,1.4952621311419219,0.17360794510128558
HEA_interstitial,0.75,0,5502,0.19440775901540433,1.2562803438628838,0.1458608791239901
HEA_interstitial,0.75,0,5502,0.2187739687537092,1.0411424079691356,0.12088221204885857
HEA_interstitial,0.75,0,5502,0.24619413158533693,0.8534140581452293,0.09908594477811988
HEA_interstitial,0.75,0,5502,0.27705101650047453,0.6935949167815151,0.0805300861482909
HEA_interstitial,0.75,0,5502,0.3117753670636956,0.5600435199496699,0.06502405340226242
HEA_interstitial,0.75,0,5502,0.35085191433519125,0.4499666111195435,0.052243534490501134
HEA_interstitial,0.75,0,5502,0.3948261434249862,0.36015340570191257,0.04181574011868298
HEA_interstitial,0.75,0,5502,0.4443119081371701,0.28742365214236626,0.033371426041422826
HEA_interstitial,0.75,0,5502,0.5,0.22886045803456123,0.0265719254215153
HEA_interstitial,0.75,1,5502,0.004999999999999999,8.608061464791133,0.999442058407957
HEA_interstitial,0.75,1,5502,0.005626677913003822,8.600794344638382,0.9985983068206954
HEA_interstitial,0.75,1,5502,0.006331900867337016,8.5848761151048,0.996750115081321
HEA_interstitial,0.75,1,5502,0.007125513351514988,8.553701583140711,0.9931305848858719
HEA_interstitial,0.75,1,5502,0.008018593718756654,8.499545867925123,0.9868428161808032
HEA_interstitial,0.75,1,5502,0.00902360883413585,8.415976429330247,0.9771399565914649
HEA_interstitial,0.75,1,5502,0.010154588104523677,8.299866161712233,0.9636589323974466
HEA_interstitial,0.75,1,5502,0.011427319320674952,8.15131388348132,0.9464112169456498
HEA_interstitial,0.75,1,5502,0.01285956904529672,7.971931137731236,0.9255839190239701
HEA_interstitial,0.75,1,5502,0.01447133062358375,7.763326544322823,0.9013638080173025
HEA_interstitial,0.75,1,5502,0.016285103278298914,7.526979429726582,0.8739226416551639
HEA_interstitial,0.75,1,5502,0.018326206185398135,7.264910533471091,0.8434950386240271
HEA_interstitial,0.75,1,5502,0.020623131914506758,6.979895762637809,0.8104032966094736
HEA_interstitial,0.75,1,5502,0.023207944168063883,6.675265223865594,0.7750340588351224
HEA_interstitial,0.75,1,5502,0.026116725371334214,6.354807549174863,0.7378272057781894
HEA_interstitial,0.75,1,5502,0.029390080361374554,6.02250364844894,0.6992449424060065
HEA_interstitial,0.75,1,5502,0.03307370320615074,5.682118937953482,0.6597244537222711
HEA_interstitial,0.75,1,5502,0.03721901506625844,5.337247426035342,0.6196830233528965
HEA_interstitial,0.75,1,5502,0.04188388200341457,4.991584951244613,0.579549757956003
HEA_interstitial,0.75,1,5502,0.047133422755894265,4.6489959083188195,0.5397733344662022
HEA_interstitial,0.75,1,5502,0.05304091775697241,4.313434098423867,0.5008128103834844
HEA_interstitial,0.75,1,5502,0.05968883208572181,3.9884296755730713,0.46307805550350495
HEA_interstitial,0.75,1,5502,0.067169966629945,3.676387850258653,0.4268483276516273
HEA_interstitial,0.75,1,5502,0.0755887535307831,3.3782177856886104,0.39222918554763353
HEA_interstitial,0.75,1,5502,0.08506271399262945,3.093082787030757,0.3591234844384617
HEA_interstitial,0.75,1,5502,0.09572409880849786,2.8182931823648847,0.3272189390028034
HEA_interstitial,0.75,1,5502,0.10772173450159415,2.5497333464359984,0.29603770309686506
HEA_interstitial,0.75,1,5502,0.1212231008541164,2.283177166643977,0.2650891024040884
HEA_interstitial,0.75,1,5502,0.1364166688243384,2.0165694289300258,0.23413451556032613
HEA_interstitial,0.75,1,5502,0.15351453148789246,1.7521420655757987,0.20343308186226297
HEA_interstitial,0.75,1,5502,0.1727553647296109,1.4964114993616828,0.1737413929099618
HEA_interstitial,0.75,1,5502,0.19440775901540433,1.2576038959381608,0.14601455061157598
HEA_interstitial,0.75,1,5502,0.2187739687537092,1.0424846184153491,0.12103804987328247
HEA_interstitial,0.75,1,5502,0.24619413158533693,0.854678351072088,0.09923273596106143
HEA_interstitial,0.75,1,5502,0.27705101650047453,0.6947320166842997,0.08066210953963203
HEA_interstitial,0.75,1,5502,0.3117753670636956,0.5610347915514999,0.0651391453465087
HEA_interstitial,0.75,1,5502,0.35085191433519125,0.4508115331572745,0.05234163446620857
HEA_interstitial,0.75,1,5502,0.3948261434249862,0.3608615224181348,0.041897956263554734
HEA_interstitial,0.75,1,5502,0.4443119081371701,0.28800947612363026,0.03343944334451645
HEA_interstitial,0.75,1,5502,0.5,0.22934026818368694,0.026627633950671217
HEA_interstitial,0.75,2,5502,0.004999999999999999,8.607568047986637,0.9993847700732077
HEA_interstitial,0.75,2,5502,0.005626677913003822,8.5997118513009,0.99847262354417
HEA_interstitial,0.75,2,5502,0.006331900867337016,8.582835873070415,0.9965132320494287
HEA_interstitial,0.75,2,5502,0.007125513351514988,8.550445820876902,0.9927525734425362
HEA_interstitial,0.75,2,5502,0.008018593718756654,8.495171750000804,0.9863349576530868
HEA_interstitial,0.75,2,5502,0.00902360883413585,8.41095718636233,0.9765571955895805
HEA_interstitial,0.75,2,5502,0.010154588104523677,8.29477465565332,0.963067781263509
HEA_interstitial,0.75,2,5502,0.011427319320674952,8.146672741201483,0.9458723554595303
HEA_interstitial,0.75,2,5502,0.01285956904529672,7.968348528793632,0.9251679589305489
HEA_interstitial,0.75,2,5502,0.01447133062358375,7.761540560998487,0.9011564457839752
HEA_interstitial,0.75,2,5502,0.016285103278298914,7.527650521333423,0.8740005589864543
HEA_interstitial,0.75,2,5502,0.018326206185398135,7.26841194516914,0.8439015712828778
HEA_interstitial,0.75,2,5502,0.020623131914506758,6.9862778758223545,0.8111442941458231
HEA_interstitial,0.75,2,5502,0.023207944168063883,6.684279883501672,0.7760807091197864
HEA_interstitial,0.75,2,5502,0.026116725371334214,6.365884331480258,0.7391132795536988
HEA_interstitial,0.75,2,5502,0.029390080361374554,6.034870104330552,0.7006807541938385
HEA_interstitial,0.75,2,5502,0.03307370320615074,5.694966882281062,0.6612161688985148
HEA_interstitial,0.75,2,5502,0.03721901506625844,5.349722456742936,0.6211314412597734
HEA_interstitial,0.75,2,5502,0.04188388200341457,5.002865666595878,0.5808595094508195
HEA_interstitial,0.75,2,5502,0.047133422755894265,4.65848852648472,0.5408754782971
HEA_interstitial,0.75,2,5502,0.05304091775697241,4.320860044840001,0.5016750025509223
HEA_interstitial,0.75,2,5502,0.05968883208572181,3.9937908257227805,0.4637005137611482
HEA_interstitial,0.75,2,5502,0.067169966629945,3.6798568445801365,0.4272510964793651
HEA_interstitial,0.75,2,5502,0.0755887535307831,3.380029007134357,0.39243947806208335
HEA_interstitial,0.75,2,5502,0.08506271399262945,3.093465597843411,0.3591679308249268
HEA_interstitial,0.75,2,5502,0.09572409880849786,2.8173968279060717,0.32711486744743135
HEA_interstitial,0.75,2,5502,0.10772173450159415,2.5475988058429193,0.2957898714970527
HEA_interstitial,0.75,2,5502,0.1212231008541164,2.2798455913725193,0.2647022886643554
HEA_interstitial,0.75,2,5502,0.1364166688243384,2.012240290528893,0.23363187939625388
HEA_interstitial,0.75,2,5502,0.15351453148789246,1.747212711437859,0.20286075743516693
HEA_interstitial,0.75,2,5502,0.1727553647296109,1.4913613351093415,0.1731550417812782
HEA_interstitial,0.75,2,5502,0.19440775901540433,1.252832205292773,0.14546053176073262
HEA_interstitial,0.75,2,5502,0.2187739687537092,1.0382275968658201,0.12054378686208643
HEA_interstitial,0.75,2,5502,0.24619413158533693,0.8510235312555988,0.09880839179769284
HEA_interstitial,0.75,2,5502,0.27705101650047453,0.691672476305804,0.08030688050854608
HEA_interstitial,0.75,2,5502,0.3117753670636956,0.5585165330191868,0.06484676203797485
HEA_interstitial,0.75,2,5502,0.35085191433519125,0.44876272757910823,0.05210375716099931
HEA_interstitial,0.75,2,5502,0.3948261434249862,0.35920812950429754,0.04170598848731131
HEA_interstitial,0.75,2,5502,0.4443119081371701,0.2866828188251881,0.0332854113238832
HEA_interstitial,0.75,2,5502,0.5,0.22828013348682877,0.02650454663212088
HEA_short_range,1.0,0,4400,0.004999999999999999,7.865167811867059,0.9375170431007755
HEA_short_range,1.0,0,4400,0.005626677913003822,7.747262885295311,0.9234629401533752
HEA_short_range,1.0,0,4400,0.006331900867337016,7.614340490761548,0.9076187759516725
HEA_short_range,1.0,0,4400,0.007125513351514988,7.4692328020679915,0.8903221416662717
HEA_short_range,1.0,0,4400,0.008018593718756654,7.31535353724274,0.8719799477291222
HEA_short_range,1.0,0,4400,0.00902360883413585,7.1561371704310694,0.8530015786724178
HEA_short_range,1.0,0,4400,0.010154588104523677,6.9945705518997,0.8337430628857897
HEA_short_range,1.0,0,4400,0.011427319320674952,6.832920890207302,0.8144746484700873
HEA_short_range,1.0,0,4400,0.01285956904529672,6.672632493226549,0.7953684949110971
HEA_short_range,1.0,0,4400,0.01447133062358375,6.514361152404296,0.776502771635442
HEA_short_range,1.0,0,4400,0.016285103278298914,6.357992786477733,0.7578638803155667
HEA_short_range,1.0,0,4400,0.018326206185398135,6.20228455068711,0.7393036755880072
HEA_short_range,1.0,0,4400,0.020623131914506758,6.044225077465337,0.720463206635093
HEA_short_range,1.0,0,4400,0.023207944168063883,5.879099211282264,0.7007804334881764
HEA_short_range,1.0,0,4400,0.026116725371334214,5.701928393948161,0.679661918948639
HEA_short_range,1.0,0,4400,0.029390080361374554,5.509237777346584,0.6566934659631849
HEA_short_range,1.0,0,4400,0.03307370320615074,5.299438970617808,0.6316857405547499
HEA_short_range,1.0,0,4400,0.03721901506625844,5.0720080612030705,0.6045762930763992
HEA_short_range,1.0,0,4400,0.04188388200341457,4.827346775663978,0.5754130087744721
HEA_short_range,1.0,0,4400,0.047133422755894265,4.567790518709646,0.5444742646359201
HEA_short_range,1.0,0,4400,0.05304091775697241,4.298063820106886,0.5123232180253372
HEA_short_range,1.0,0,4400,0.05968883208572181,4.024129412368164,0.47967061834917024
HEA_short_range,1.0,0,4400,0.067169966629945,3.7513269959372404,0.4471529504594684
HEA_short_range,1.0,0,4400,0.0755887535307831,3.482952346592609,0.41516306623638033
HEA_short_range,1.0,0,4400,0.08506271399262945,3.219549078998881,0.38376576379040317
HEA_short_range,1.0,0,4400,0.09572409880849786,2.9589740199287946,0.3527055798593491
HEA_short_range,1.0,0,4400,0.10772173450159415,2.6973462806474564,0.32151991791401857
HEA_short_range,1.0,0,4400,0.1212231008541164,2.4309337955230257,0.28976392093171194
HEA_short_range,1.0,0,4400,0.1364166688243384,2.1587780504898793,0.25732333537149166
HEA_short_range,1.0,0,4400,0.15351453148789246,1.8845743612900043,0.22463863772039772
HEA_short_range,1.0,0,4400,0.1727553647296109,1.6159634480418463,0.19262059116924188
HEA_short_range,1.0,0,4400,0.19440775901540433,1.362246791072585,0.16237791921145556
HEA_short_range,1.0,0,4400,0.2187739687537092,1.1317901142212803,0.13490780447105843
HEA_short_range,1.0,0,4400,0.24619413158533693,0.9297001099908909,0.11081895757825164
HEA_short_range,1.0,0,4400,0.27705101650047453,0.7572830799492462,0.09026708785959539
HEA_short_range,1.0,0,4400,0.3117753670636956,0.6130229862428033,0.07307148571553893
HEA_short_range,1.0,0,4400,0.35085191433519125,0.49392585204815503,0.05887527328082449
HEA_short_range,1.0,0,4400,0.3948261434249862,0.3965168752802662,0.04726425898903599
HEA_short_range,1.0,0,4400,0.4443119081371701,0.31738652343283746,0.03783203131658982
HEA_short_range,1.0,0,4400,0.5,0.2534371991670353,0.030209360977184106
HEA_short_range,0.25,0,1100,0.004999999999999999,6.816116578003487,0.9733047075051373
HEA_short_range,0.25,0,1100,0.005626677913003822,6.762003877939484,0.9655777056111152
HEA_short_range,0.25,0,1100,0.006331900867337016,6.6967779845649265,0.9562637996140321
HEA_short_range,0.25,0,1100,0.007125513351514988,6.6208047191748625,0.945415226822992
HEA_short_range,0.25,0,1100,0.008018593718756654,6.535179908593093,0.9331884654017717
HEA_short_range,0.25,0,1100,0.00902360883413585,6.4415463896372485,0.9198181035928062
HEA_short_range,0.25,0,1100,0.010154588104523677,6.341740978203092,0.9055664288053122
HEA_short_range,0.25,0,1100,0.011427319320674952,6.237431731647004,0.8906716306387158
HEA_short_range,0.25,0,1100,0.01285956904529672,6.129917328168401,0.8753191533398339
HEA_short_range,0.25,0,1100,0.01447133062358375,6.020091223743658,0.8596365776062388
HEA_short_range,0.25,0,1100,0.016285103278298914,5.908371720952857,0.8436836347916559
HEA_short_range,0.25,0,1100,0.018326206185398135,5.794266657276757,0.8273900467411633
HEA_short_range,0.25,0,1100,0.020623131914506758,5.675634747956682,0.8104500495330503
HEA_short_range,0.25,0,1100,0.023207944168063883,5.5485334236272745,0.7923006655129512
HEA_short_range,0.25,0,1100,0.026116725371334214,5.408376478585666,0.7722870092267945
HEA_short_range,0.25,0,1100,0.029390080361374554,5.251571172675767,0.7498960567456691
HEA_short_range,0.25,0,1100,0.03307370320615074,5.07610180527268,0.7248399768852513
HEA_short_range,0.25,0,1100,0.03721901506625844,4.881114371498332,0.6969968223521595
HEA_short_range,0.25,0,1100,0.04188388200341457,4.666954733510939,0.6664159803983412
HEA_short_range,0.25,0,1100,0.047133422755894265,4.435942688277334,0.6334287055266257
HEA_short_range,0.25,0,1100,0.05304091775697241,4.192586153404214,0.5986787040729352
HEA_short_range,0.25,0,1100,0.05968883208572181,3.9425378738995867,0.5629731575553166
HEA_short_range,0.25,0,1100,0.067169966629945,3.691034887866757,0.5270598867865451
HEA_short_range,0.25,0,1100,0.0755887535307831,3.441433888348497,0.49141820944007736
HEA_short_range,0.25,0,1100,0.08506271399262945,3.1941482611103424,0.45610715477502417
HEA_short_range,0.25,0,1100,0.09572409880849786,2.9466598714199788,0.4207671467247139
HEA_short_range,0.25,0,1100,0.10772173450159415,2.6949234374634563,0.38482054085075634
HEA_short_range,0.25,0,1100,0.1212231008541164,2.435645110473799,0.3477969933035388
HEA_short_range,0.25,0,1100,0.1364166688243384,2.168669256590746,0.3096742804067046
HEA_short_range,0.25,0,1100,0.15351453148789246,1.898274600937814,0.27106338104495736
HEA_short_range,0.25,0,1100,0.1727553647296109,1.632160721359988,0.233063753432746
HEA_short_range,0.25,0,1100,0.19440775901540433,1.3793717056927643,0.19696684456406482
HEA_short_range,0.25,0,1100,0.2187739687537092,1.148358122001168,0.16397935000884073
HEA_short_range,0.25,0,1100,0.24619413158533693,0.9447479349196297,0.1349049127813439
HEA_short_range,0.25,0,1100,0.27705101650047453,0.7703875539869754,0.11000719021130975
HEA_short_range,0.25,0,1100,0.3117753670636956,0.6241455627208166,0.08912462212354827
HEA_short_range,0.25,0,1100,0.35085191433519125,0.5032211314356658,0.07185726513584058
HEA_short_range,0.25,0,1100,0.3948261434249862,0.40420456225600787,0.05771823277031758
HEA_short_range,0.25,0,1100,0.4443119081371701,0.32369414051801115,0.04622177850870796
HEA_short_range,0.25,0,1100,0.5,0.2585784418496625,0.0369236077217063
HEA_short_range,0.25,1,1100,0.004999999999999999,6.821048821484518,0.9740090052887376
HEA_short_range,0.25,1,1100,0.005626677913003822,6.76563540353926,0.966096267892326
HEA_short_range,0.25,1,1100,0.006331900867337016,6.698207212750098,0.9564678856951322
HEA_short_range,0.25,1,1100,0.007125513351514988,6.61921313046766,0.945187956534492
HEA_short_range,0.25,1,1100,0.008018593718756654,6.529955253295798,0.9324424127869501
HEA_short_range,0.25,1,1100,0.00902360883413585,6.4322962135406705,0.9184972283059742
HEA_short_range,0.25,1,1100,0.010154588104523677,6.328272246785855,0.9036431665573008
HEA_short_range,0.25,1,1100,0.011427319320674952,6.21981104915218,0.8881554921564293
HEA_short_range,0.25,1,1100,0.01285956904529672,6.108579783559306,0.8722722669820427
HEA_short_range,0.25,1,1100,0.01447133062358375,5.995861767976542,0.8561767419228928
HEA_short_range,0.25,1,1100,0.016285103278298914,5.882362636736914,0.839969677758267
HEA_short_range,0.25,1,1100,0.018326206185398135,5.767734569905822,0.8236014076763026
HEA_short_range,0.25,1,1100,0.020623131914506758,5.649884413152059,0.806773040520902
HEA_short_range,0.25,1,1100,0.023207944168063883,5.524865881201886,0.7889210680260116
HEA_short_range,0.25,1,1100,0.026116725371334214,5.388030126042827,0.7693816597533991
HEA_short_range,0.25,1,1100,0.029390080361374554,5.2356170223729075,0.7476178900775505
HEA_short_range,0.25,1,1100,0.03307370320615074,5.065249222122132,0.7232902865083133
HEA_short_range,0.25,1,1100,0.03721901506625844,4.875450247504876,0.6961880159763246
HEA_short_range,0.25,1,1100,0.04188388200341457,4.665737755044896,0.6662422024330765
HEA_short_range,0.25,1,1100,0.047133422755894265,4.437625129175609,0.6336689490183046
HEA_short_range,0.25,1,1100,0.05304091775697241,4.195188148539724,0.5990502549531638
HEA_short_range,0.25,1,1100,0.05968883208572181,3.9441798660058853,0.5632076251775261
HEA_short_range,0.25,1,1100,0.067169966629945,3.6901893068576346,0.5269391423762438
HEA_short_range,0.25,1,1100,0.0755887535307831,3.4370671012624645,0.4907946557817928
HEA_short_range,0.25,1,1100,0.08506271399262945,3.186179589782255,0.45496927146164046
HEA_short_range,0.25,1,1100,0.09572409880849786,2.9361936951802408,0.4192726331718516
HEA_short_range,0.25,1,1100,0.10772173450159415,2.683650564567592,0.38321083536360845
HEA_short_range,0.25,1,1100,0.1212231008541164,2.424900883459495,0.3462627755988016
HEA_short_range,0.25,1,1100,0.1364166688243384,2.158865518838199,0.3082743594991759
HEA_short_range,0.25,1,1100,0.15351453148789246,1.8891449638738926,0.2697597180822663
HEA_short_range,0.25,1,1100,0.1727553647296109,1.6236034134509147,0.23184181598843198
HEA_short_range,0.25,1,1100,0.19440775901540433,1.3717698044650342,0.19588133404406927
HEA_short_range,0.25,1,1100,0.2187739687537092,1.1420309466202883,0.16307586346882255
HEA_short_range,0.25,1,1100,0.24619413158533693,0.9395756304048789,0.1341663355760914
HEA_short_range,0.25,1,1100,0.27705101650047453,0.7661105084647766,0.10939645116462089
HEA_short_range,0.25,1,1100,0.3117753670636956,0.6205636368675592,0.0886131424187908
HEA_short_range,0.25,1,1100,0.35085191433519125,0.5002012766351325,0.07142604614776951
HEA_short_range,0.25,1,1100,0.3948261434249862,0.4016577429203154,0.057354560696897636
HEA_short_range,0.25,1,1100,0.4443119081371701,0.32155538676104306,0.04591637600039859
HEA_short_range,0.25,1,1100,0.5,0.2567944737951771,0.03666886669936628
HEA_short_range,0.25,2,1100,0.004999999999999999,6.819769933473241,0.9738263869741147
HEA_short_range,0.25,2,1100,0.005626677913003822,6.770323629591557,0.9667657213023916
HEA_short_range,0.25,2,1100,0.006331900867337016,6.710493684100012,0.9582223275780791
HEA_short_range,0.25,2,1100,0.007125513351514988,6.640328315743875,0.9482030911780961
HEA_short_range,0.25,2,1100,0.008018593718756654,6.560595715710201,0.9368177056632946
HEA_short_range,0.25,2,1100,0.00902360883413585,6.472642736115487,0.9242584942561869
HEA_short_range,0.25,2,1100,0.010154588104523677,6.3780692061390605,0.9107539039402747
HEA_short_range,0.25,2,1100,0.011427319320674952,6.27839091798838,0.8965203816724486
HEA_short_range,0.25,2,1100,0.01285956904529672,6.174863943547765,0.881737287747384
HEA_short_range,0.25,2,1100,0.01447133062358375,6.068431679791034,0.8665393341678992
HEA_short_range,0.25,2,1100,0.016285103278298914,5.959544307617618,0.8509908043398937
HEA_short_range,0.25,2,1100,0.018326206185398135,5.847638611166343,0.8350112740742054
HEA_short_range,0.25,2,1100,0.020623131914506758,5.730494116848651,0.8182836717110552
HEA_short_range,0.25,2,1100,0.023207944168063883,5.60427061577182,0.8002596361198322
HEA_short_range,0.25,2,1100,0.026116725371334214,5.464713323285036,0.7803316069862923
HEA_short_range,0.25,2,1100,0.029390080361374554,5.308597793495253,0.7580391508171285
HEA_short_range,0.25,2,1100,0.03307370320615074,5.134035473518409,0.733112592440064
HEA_short_range,0.25,2,1100,0.03721901506625844,4.939884365194466,0.7053888606733775
HEA_short_range,0.25,2,1100,0.04188388200341457,4.725788821909548,0.6748171710975931
HEA_short_range,0.25,2,1100,0.047133422755894265,4.493197977234589,0.6416044521756049
HEA_short_range,0.25,2,1100,0.05304091775697241,4.245977771327055,0.6063027393239341
HEA_short_range,0.25,2,1100,0.05968883208572181,3.9895570904125073,0.5696872482331251
HEA_short_range,0.25,2,1100,0.067169966629945,3.7293414123887247,0.5325298520106894
HEA_short_range,0.25,2,1100,0.0755887535307831,3.469360144717394,0.4954059283230787
HEA_short_range,0.25,2,1100,0.08506271399262945,3.2112992014366037,0.45855621660761675
HEA_short_range,0.25,2,1100,0.09572409880849786,2.9541113480666468,0.42183117742534354
HEA_short_range,0.25,2,1100,0.10772173450159415,2.694736603067592,0.3847938619060908
HEA_short_range,0.25,2,1100,0.1212231008541164,2.4301250610755916,0.34700876000332287
HEA_short_range,0.25,2,1100,0.1364166688243384,2.159943098025538,0.3084282319988235
HEA_short_range,0.25,2,1100,0.15351453148789246,1.888272104020843,0.26963507840008905
HEA_short_range,0.25,2,1100,0.1727553647296109,1.622400325513487,0.23167002151578164
HEA_short_range,0.25,2,1100,0.19440775901540433,1.370572203926122,0.19571032314234912
HEA_short_range,0.25,2,1100,0.2187739687537092,1.1406094441188506,0.16287288057371707
HEA_short_range,0.25,2,1100,0.24619413158533693,0.9379828625886957,0.13393889691718455
HEA_short_range,0.25,2,1100,0.27705101650047453,0.7646104946943172,0.10918225728348598
HEA_short_range,0.25,2,1100,0.3117753670636956,0.6193426597306031,0.08843879346487317
HEA_short_range,0.25,2,1100,0.35085191433519125,0.49931390331856146,0.07129933402123104
HEA_short_range,0.25,2,1100,0.3948261434249862,0.4010754101422071,0.05727140671503993
HEA_short_range,0.25,2,1100,0.4443119081371701,0.3212149088195771,0.045867757585581585
HEA_short_range,0.25,2,1100,0.5,0.2566277198249269,0.03664505513124206
HEA_short_range,0.5,0,2200,0.004999999999999999,7.383840566370752,0.9594122346128182
HEA_short_range,0.5,0,2200,0.005626677913003822,7.300256292063382,0.9485517921816864
HEA_short_range,0.5,0,2200,0.006331900867337016,7.202457145418133,0.9358443539613265
HEA_short_range,0.5,0,2200,0.007125513351514988,7.092122340066968,0.9215081069627592
HEA_short_range,0.5,0,2200,0.008018593718756654,6.971738019813989,0.9058660858941726
HEA_short_range,0.5,0,2200,0.00902360883413585,6.844047518756827,0.8892747432376102
HEA_short_range,0.5,0,2200,0.010154588104523677,6.711535069680287,0.8720568653948024
HEA_short_range,0.5,0,2200,0.011427319320674952,6.5761585957915125,0.8544668532378266
HEA_short_range,0.5,0,2200,0.01285956904529672,6.439289295900523,0.8366828721675462
HEA_short_range,0.5,0,2200,0.01447133062358375,6.301742562433247,0.8188108694159489
HEA_short_range,0.5,0,2200,0.016285103278298914,6.163755591858543,0.8008816648784789
HEA_short_range,0.5,0,2200,0.018326206185398135,6.0245715733084415,0.7827969230616362
HEA_short_range,0.5,0,2200,0.020623131914506758,5.881692926987037,0.764232123332618
HEA_short_range,0.5,0,2200,0.023207944168063883,5.730817921114741,0.7446283243028256
HEA_short_range,0.5,0,2200,0.026116725371334214,5.567260864873598,0.7233766952346565
HEA_short_range,0.5,0,2200,0.029390080361374554,5.387751300078616,0.7000522922838791
HEA_short_range,0.5,0,2200,0.03307370320615074,5.190795793298833,0.6744610676115176
HEA_short_range,0.5,0,2200,0.03721901506625844,4.975914767130934,0.6465407077881243
HEA_short_range,0.5,0,2200,0.04188388200341457,4.743573883717758,0.6163517181771372
HEA_short_range,0.5,0,2200,0.047133422755894265,4.49614636032697,0.5842024604856552
HEA_short_range,0.5,0,2200,0.05304091775697241,4.238299568060968,0.5506993850966286
HEA_short_range,0.5,0,2200,0.05968883208572181,3.975781081451297,0.5165892975884481
HEA_short_range,0.5,0,2200,0.067169966629945,3.7136317266962946,0.4825271728733928
HEA_short_range,0.5,0,2200,0.0755887535307831,3.4549759644997584,0.4489189847531511
HEA_short_range,0.5,0,2200,0.08506271399262945,3.200256413211866,0.41582224441808624
HEA_short_range,0.5,0,2200,0.09572409880849786,2.9471342487362424,0.38293305900478924
HEA_short_range,0.5,0,2200,0.10772173450159415,2.6915215858729558,0.34972027307467046
HEA_short_range,0.5,0,2200,0.1212231008541164,2.4296538851449414,0.31569474480518994
HEA_short_range,0.5,0,2200,0.1364166688243384,2.160796935743775,0.28076107521988614
HEA_short_range,0.5,0,2200,0.15351453148789246,1.8889959309411068,0.24544487262263687
HEA_short_range,0.5,0,2200,0.1727553647296109,1.6220846086164897,0.21076400622348757
HEA_short_range,0.5,0,2200,0.19440775901540433,1.3692407116259224,0.17791097722869098
HEA_short_range,0.5,0,2200,0.2187739687537092,1.1387797643143729,0.1479662553101031
HEA_short_range,0.5,0,2200,0.24619413158533693,0.936124284370705,0.12163441009735465
HEA_short_range,0.5,0,2200,0.27705101650047453,0.7629404726532066,0.09913193779921323
HEA_short_range,0.5,0,2200,0.3117753670636956,0.6178960967924907,0.08028573608186648
HEA_short_range,0.5,0,2200,0.35085191433519125,0.49806421254868827,0.06471549525572697
HEA_short_range,0.5,0,2200,0.3948261434249862,0.3999921980731289,0.051972602215821555
HEA_short_range,0.5,0,2200,0.4443119081371701,0.32027675721945686,0.04161485294494878
HEA_short_range,0.5,0,2200,0.5,0.2558200700992864,0.03323973519019242
HEA_short_range,0.5,1,2200,0.004999999999999999,7.375225361696715,0.958292826265134
HEA_short_range,0.5,1,2200,0.005626677913003822,7.29081125577223,0.947324560459571
HEA_short_range,0.5,1,2200,0.006331900867337016,7.192091356550587,0.9344974851372309
HEA_short_range,0.5,1,2200,0.007125513351514988,7.080562978427852,0.9200061524065637
HEA_short_range,0.5,1,2200,0.008018593718756654,6.9586519911383755,0.9041657653223745
HEA_short_range,0.5,1,2200,0.00902360883413585,6.8292648343319255,0.8873539693300229
HEA_short_range,0.5,1,2200,0.010154588104523677,6.6952333677957245,0.8699387194120342
HEA_short_range,0.5,1,2200,0.011427319320674952,6.55888982486106,0.8522230520670836
HEA_short_range,0.5,1,2200,0.01285956904529672,6.421876166934968,0.8344203139741133
HEA_short_range,0.5,1,2200,0.01447133062358375,6.285119419806228,0.8166509573389314
HEA_short_range,0.5,1,2200,0.016285103278298914,6.148771983136718,0.7989347840652823
HEA_short_range,0.5,1,2200,0.018326206185398135,6.011851682131658,0.7811441762142123
HEA_short_range,0.5,1,2200,0.020623131914506758,5.8716816563827114,0.7629313184986737
HEA_short_range,0.5,1,2200,0.023207944168063883,5.723975451195864,0.7437392545435136
HEA_short_range,0.5,1,2200,0.026116725371334214,5.5641062976220015,0.7229668095675859
HEA_short_range,0.5,1,2200,0.029390080361374554,5.388629026149369,0.7001663387781594
HEA_short_range,0.5,1,2200,0.03307370320615074,5.195679107807112,0.6750955763935792
HEA_short_range,0.5,1,2200,0.03721901506625844,4.984412261954376,0.6476448216193871
HEA_short_range,0.5,1,2200,0.04188388200341457,4.754957989592178,0.6178309010438137
HEA_short_range,0.5,1,2200,0.047133422755894265,4.50934672004735,0.5859176365519835
HEA_short_range,0.5,1,2200,0.05304091775697241,4.2519915408694695,0.5524784384375541
HEA_short_range,0.5,1,2200,0.05968883208572181,3.988639069079159,0.5182599878656536
HEA_short_range,0.5,1,2200,0.067169966629945,3.7245381262309483,0.4839442854254675
HEA_short_range,0.5,1,2200,0.0755887535307831,3.4629359726740647,0.44995326077271053
HEA_short_range,0.5,1,2200,0.08506271399262945,3.204369666605055,0.4163566960485103
HEA_short_range,0.5,1,2200,0.09572409880849786,2.946841153227983,0.3828949759213306
HEA_short_range,0.5,1,2200,0.10772173450159415,2.6868986484375195,0.3491195961375752
HEA_short_range,0.5,1,2200,0.1212231008541164,2.4214901014692134,0.3146339914115024
HEA_short_range,0.5,1,2200,0.1364166688243384,2.15026222980451,0.2793922583182576
HEA_short_range,0.5,1,2200,0.15351453148789246,1.8772676347149495,0.24392096771307173
HEA_short_range,0.5,1,2200,0.1727553647296109,1.610213737051732,0.2092215759241909
HEA_short_range,0.5,1,2200,0.19440775901540433,1.358154179634976,0.17647045933885683
HEA_short_range,0.5,1,2200,0.2187739687537092,1.1291172097216144,0.14671076055631221
HEA_short_range,0.5,1,2200,0.24619413158533693,0.9280372801104753,0.12058363296330231
HEA_short_range,0.5,1,2200,0.27705101650047453,0.7562828000053867,0.09826687949588842
HEA_short_range,0.5,1,2200,0.3117753670636956,0.6124725524712173,0.07958103305773928
HEA_short_range,0.5,1,2200,0.35085191433519125,0.4936917618716789,0.06414736507509039
HEA_short_range,0.5,1,2200,0.3948261434249862,0.39650025858458393,0.051518880411061035
HEA_short_range,0.5,1,2200,0.4443119081371701,0.3175090747895369,0.04125523678572647
HEA_short_range,0.5,1,2200,0.5,0.2536385222704634,0.03295627786760364
HEA_short_range,0.5,2,2200,0.004999999999999999,7.374081411771941,0.9581441882299886
HEA_short_range,0.5,2,2200,0.005626677913003822,7.289280984582393,0.9471257261417647
HEA_short_range,0.5,2,2200,0.006331900867337016,7.1903971629377255,0.9342773517167741
HEA_short_range,0.5,2,2200,0.007125513351514988,7.078815151371503,0.919779050176122
HEA_short_range,0.5,2,2200,0.008018593718756654,6.9568313393170955,0.903929200676022
HEA_short_range,0.5,2,2200,0.00902360883413585,6.827238369623926,0.8870906625838396
HEA_short_range,0.5,2,2200,0.010154588104523677,6.692767603413896,0.8696183326845127
HEA_short_range,0.5,2,2200,0.011427319320674952,6.555712629689747,0.8518102262629901
HEA_short_range,0.5,2,2200,0.01285956904529672,6.41779840418812,0.8338904737867462
HEA_short_range,0.5,2,2200,0.01447133062358375,6.280136420879784,0.8160034961577047
HEA_short_range,0.5,2,2200,0.016285103278298914,6.143094792893083,0.7981971238017638
HEA_short_range,0.5,2,2200,0.018326206185398135,6.005850791251008,0.780364456219215
HEA_short_range,0.5,2,2200,0.020623131914506758,5.865737735322932,0.7621590008226531
HEA_short_range,0.5,2,2200,0.023207944168063883,5.718282205921213,0.7429995081849547
HEA_short_range,0.5,2,2200,0.026116725371334214,5.558568895177626,0.722247312497551
HEA_short_range,0.5,2,2200,0.029390080361374554,5.382940358347268,0.6994271871891015
HEA_short_range,0.5,2,2200,0.03307370320615074,5.189410182333436,0.6742810295810825
HEA_short_range,0.5,2,2200,0.03721901506625844,4.976992916956999,0.64668079615062
HEA_short_range,0.5,2,2200,0.04188388200341457,4.745705942569579,0.6166287451970146
HEA_short_range,0.5,2,2200,0.047133422755894265,4.497677006846383,0.5844013435715497
HEA_short_range,0.5,2,2200,0.05304091775697241,4.2376654971494085,0.5506169977015198
HEA_short_range,0.5,2,2200,0.05968883208572181,3.971789788179333,0.5160706927292791
HEA_short_range,0.5,2,2200,0.067169966629945,3.7054950270225926,0.48146993861350457
HEA_short_range,0.5,2,2200,0.0755887535307831,3.4421800884648754,0.44725636488614473
HEA_short_range,0.5,2,2200,0.08506271399262945,3.1826076144416353,0.41352906469485423
HEA_short_range,0.5,2,2200,0.09572409880849786,2.9249160247651584,0.38004615540528436
HEA_short_range,0.5,2,2200,0.10772173450159415,2.6655221455217495,0.3463420607552387
HEA_short_range,0.5,2,2200,0.1212231008541164,2.401003864912862,0.31197213193381373
HEA_short_range,0.5,2,2200,0.1364166688243384,2.1307300295935065,0.2768543606371116
HEA_short_range,0.5,2,2200,0.15351453148789246,1.8587075788921585,0.24150938467963215
HEA_short_range,0.5,2,2200,0.1727553647296109,1.5926522596092405,0.20693974221383973
HEA_short_range,0.5,2,2200,0.19440775901540433,1.3416578746275527,0.17432702778616205
HEA_short_range,0.5,2,2200,0.2187739687537092,1.1139029706635548,0.1447339130118099
HEA_short_range,0.5,2,2200,0.24619413158533693,0.9144274166933106,0.11881524842730533
HEA_short_range,0.5,2,2200,0.27705101650047453,0.7444698904289223,0.09673198043189016
HEA_short_range,0.5,2,2200,0.3117753670636956,0.6024238385416272,0.07827536306127678
HEA_short_range,0.5,2,2200,0.35085191433519125,0.48524345857638307,0.06304964289780744
HEA_short_range,0.5,2,2200,0.3948261434249862,0.38945063652395634,0.05060289453710183
HEA_short_range,0.5,2,2200,0.4443119081371701,0.31166113289154035,0.04049539006994067
HEA_short_range,0.5,2,2200,0.5,0.24881366575065622,0.03232936476814737
HEA_short_range,0.75,0,3300,0.004999999999999999,7.667502088178915,0.946409166988644
HEA_short_range,0.75,0,3300,0.005626677913003822,7.564246443219633,0.9336641963568852
HEA_short_range,0.75,0,3300,0.006331900867337016,7.446439192871213,0.9191231032622564
HEA_short_range,0.75,0,3300,0.007125513351514988,7.316402644940852,0.9030725329996689
HEA_short_range,0.75,0,3300,0.008018593718756654,7.177098565146215,0.885878059936555
HEA_short_range,0.75,0,3300,0.00902360883413585,7.031647469596987,0.8679248531955281
HEA_short_range,0.75,0,3300,0.010154588104523677,6.88286351396545,0.8495602674554594
HEA_short_range,0.75,0,3300,0.011427319320674952,6.73292286000035,0.8310529090243975
HEA_short_range,0.75,0,3300,0.01285956904529672,6.583241586792707,0.8125775662776843
HEA_short_range,0.75,0,3300,0.01447133062358375,6.434516995029588,0.7942203078925496
HEA_short_range,0.75,0,3300,0.016285103278298914,6.286723265351318,0.7759779469538287
HEA_short_range,0.75,0,3300,0.018326206185398135,6.138737497945947,0.7577118825634169
HEA_short_range,0.75,0,3300,0.020623131914506758,5.987686933448297,0.7390675265169045
HEA_short_range,0.75,0,3300,0.023207944168063883,5.828970539067583,0.7194769677057273
HEA_short_range,0.75,0,3300,0.026116725371334214,5.657627511600682,0.6983278881190041
HEA_short_range,0.75,0,3300,0.029390080361374554,5.4700893335951974,0.6751798212800824
HEA_short_range,0.75,0,3300,0.03307370320615074,5.264688046493748,0.649826889022812
HEA_short_range,0.75,0,3300,0.03721901506625844,5.040990914725278,0.6222156782660336
HEA_short_range,0.75,0,3300,0.04188388200341457,4.799650717188387,0.5924267623081363
HEA_short_range,0.75,0,3300,0.047133422755894265,4.543224038661712,0.5607757035373477
HEA_short_range,0.75,0,3300,0.05304091775697241,4.276492491049557,0.5278527021632239
HEA_short_range,0.75,0,3300,0.05968883208572181,4.005371711498686,0.4943879325189298
HEA_short_range,0.75,0,3300,0.067169966629945,3.7351535150845363,0.4610345698158714
HEA_short_range,0.75,0,3300,0.0755887535307831,3.4691264124245333,0.4281985189443609
HEA_short_range,0.75,0,3300,0.08506271399262945,3.207849120838449,0.39594874306699107
HEA_short_range,0.75,0,3300,0.09572409880849786,2.9491720324504684,0.3640199134527481
HEA_short_range,0.75,0,3300,0.10772173450159415,2.6892140275017113,0.3319329787396966
HEA_short_range,0.75,0,3300,0.1212231008541164,2.4242910524896213,0.2992332116951082
HEA_short_range,0.75,0,3300,0.1364166688243384,2.1534982597245977,0.2658089258612138
HEA_short_range,0.75,0,3300,0.15351453148789246,1.8805300080866834,0.23211612047609748
HEA_short_range,0.75,0,3300,0.1727553647296109,1.6129773894385058,0.19909177329908975
HEA_short_range,0.75,0,3300,0.19440775901540433,1.3600846010571679,0.16787690691406315
HEA_short_range,0.75,0,3300,0.2187739687537092,1.1302053461732213,0.1395026291348499
HEA_short_range,0.75,0,3300,0.24619413158533693,0.9285060513553627,0.1146066383160063
HEA_short_range,0.75,0,3300,0.27705101650047453,0.7563663753160834,0.09335922742097742
HEA_short_range,0.75,0,3300,0.3117753670636956,0.6123160668860119,0.07557892154848947
HEA_short_range,0.75,0,3300,0.35085191433519125,0.49338349734100306,0.060898928928149104
HEA_short_range,0.75,0,3300,0.3948261434249862,0.39610427583840596,0.04889163555818499
HEA_short_range,0.75,0,3300,0.4443119081371701,0.3170750511566795,0.03913696163196565
HEA_short_range,0.75,0,3300,0.5,0.2532032815111381,0.03125319093204995
HEA_short_range,0.75,1,3300,0.004999999999999999,7.668622486433206,0.9465474591164249
HEA_short_range,0.75,1,3300,0.005626677913003822,7.567435837149451,0.9340578671531373
HEA_short_range,0.75,1,3300,0.006331900867337016,7.451768361928012,0.9197808891212994
HEA_short_range,0.75,1,3300,0.007125513351514988,7.323772253828034,0.9039821728442675
HEA_short_range,0.75,1,3300,0.008018593718756654,7.186293995100656,0.8870130631101051
HEA_short_range,0.75,1,3300,0.00902360883413585,7.042370821115971,0.8692484495978109
HEA_short_range,0.75,1,3300,0.010154588104523677,6.894780342947266,0.8510311762416748
HEA_short_range,0.75,1,3300,0.011427319320674952,6.745733708666499,0.8326341677544395
HEA_short_range,0.75,1,3300,0.01285956904529672,6.5967185338314875,0.814241042345097
HEA_short_range,0.75,1,3300,0.01447133062358375,6.448500862207952,0.79594635373321
HEA_short_range,0.75,1,3300,0.016285103278298914,6.30113377265283,0.7777566535070534
HEA_short_range,0.75,1,3300,0.018326206185398135,6.153608249259714,0.7595473975983663
HEA_short_range,0.75,1,3300,0.020623131914506758,6.003214281162312,0.7409840860491438
HEA_short_range,0.75,1,3300,0.023207944168063883,5.845521949691523,0.7215199285762879
HEA_short_range,0.75,1,3300,0.026116725371334214,5.675682821145973,0.7005564770740467
HEA_short_range,0.75,1,3300,0.029390080361374554,5.490152837179122,0.6776562840831392
HEA_short_range,0.75,1,3300,0.03307370320615074,5.287181938279608,0.6526033376161824
HEA_short_range,0.75,1,3300,0.03721901506625844,5.066094811844577,0.6253142830120921
HEA_short_range,0.75,1,3300,0.04188388200341457,4.827153518019121,0.595821466675312
HEA_short_range,0.75,1,3300,0.047133422755894265,4.572582095791088,0.5643994044601103
HEA_short_range,0.75,1,3300,0.05304091775697241,4.307081556907677,0.5316283480000051
HEA_short_range,0.75,1,3300,0.05968883208572181,4.036647977430475,0.4982484003018671
HEA_short_range,0.75,1,3300,0.067169966629945,3.766608115779422,0.4649170496768814
HEA_short_range,0.75,1,3300,0.0755887535307831,3.5001975562187417,0.43203366825080797
HEA_short_range,0.75,1,3300,0.08506271399262945,3.237964128247482,0.399665875289202
HEA_short_range,0.75,1,3300,0.09572409880849786,2.977916518173947,0.3675678805059316
HEA_short_range,0.75,1,3300,0.10772173450159415,2.7164234474398015,0.3352914707442248
HEA_short_range,0.75,1,3300,0.1212231008541164,2.4499332161005296,0.3023982553330096
HEA_short_range,0.75,1,3300,0.1364166688243384,2.1775007336126464,0.2687715805898087
HEA_short_range,0.75,1,3300,0.15351453148789246,1.9027256470176406,0.2348557553545559
HEA_short_range,0.75,1,3300,0.1727553647296109,1.6331610981311262,0.2015830731658318
HEA_short_range,0.75,1,3300,0.19440775901540433,1.3781018514778736,0.17010079818477758
HEA_short_range,0.75,1,3300,0.2187739687537092,1.1459885839715769,0.14145077349338286
HEA_short_range,0.75,1,3300,0.24619413158533693,0.9420648788035487,0.11628022098256521
HEA_short_range,0.75,1,3300,0.27705101650047453,0.7678060035847997,0.09477123473912957
HEA_short_range,0.75,1,3300,0.3117753670636956,0.6218364479053395,0.07675403382968564
HEA_short_range,0.75,1,3300,0.35085191433519125,0.5012299638981994,0.06186742789858292
HEA_short_range,0.75,1,3300,0.3948261434249862,0.402524861705315,0.049684136329883326
HEA_short_range,0.75,1,3300,0.4443119081371701,0.32229925041338225,0.0397817909401104
HEA_short_range,0.75,1,3300,0.5,0.25743415914461526,0.031775413336515054
HEA_short_range,0.75,2,3300,0.004999999999999999,7.68013758964311,0.9479687823989416
HEA_short_range,0.75,2,3300,0.005626677913003822,7.5782077765298075,0.9353874608146158
HEA_short_range,0.75,2,3300,0.006331900867337016,7.461246661546425,0.9209508072436773
HEA_short_range,0.75,2,3300,0.007125513351514988,7.331407357712828,0.9049245830613601
HEA_short_range,0.75,2,3300,0.008018593718756654,7.191683493423013,0.8876782954842328
HEA_short_range,0.75,2,3300,0.00902360883413585,7.045334522657894,0.8696142629064005
HEA_short_range,0.75,2,3300,0.010154588104523677,6.895331435415485,0.8510991982595083
HEA_short_range,0.75,2,3300,0.011427319320674952,6.744023915877116,0.832423125937833
HEA_short_range,0.75,2,3300,0.01285956904529672,6.593023280373729,0.8137849326881905
HEA_short_range,0.75,2,3300,0.01447133062358375,6.443192099304451,0.7952910866306435
HEA_short_range,0.75,2,3300,0.016285103278298914,6.294585860182291,0.7769484366568342
HEA_short_range,0.75,2,3300,0.018326206185398135,6.1460784400422,0.758617984030926
HEA_short_range,0.75,2,3300,0.020623131914506758,5.994759904415446,0.7399405519799787
HEA_short_range,0.75,2,3300,0.023207944168063883,5.836031988219747,0.7203485710170764
HEA_short_range,0.75,2,3300,0.026116725371334214,5.665042788250502,0.6992431647914379
HEA_short_range,0.75,2,3300,0.029390080361374554,5.478370779757462,0.6762020103155406
HEA_short_range,0.75,2,3300,0.03307370320615074,5.2743479145740935,0.6510192183626677
HEA_short_range,0.75,2,3300,0.03721901506625844,5.052321198363862,0.6236141890426619
HEA_short_range,0.75,2,3300,0.04188388200341457,4.812583815474922,0.5940231104584437
HEA_short_range,0.75,2,3300,0.047133422755894265,4.557349036792153,0.5625191693441528
HEA_short_range,0.75,2,3300,0.05304091775697241,4.291223510655241,0.5296709699424271
HEA_short_range,0.75,2,3300,0.05968883208572181,4.020165271862029,0.4962139197803944
HEA_short_range,0.75,2,3300,0.067169966629945,3.7496314878542507,0.46282160371440717
HEA_short_range,0.75,2,3300,0.0755887535307831,3.483040965788277,0.4299160092960495
HEA_short_range,0.75,2,3300,0.08506271399262945,3.2210437329008825,0.3975773701827239
HEA_short_range,0.75,2,3300,0.09572409880849786,2.9616520329383094,0.36556033518721687
HEA_short_range,0.75,2,3300,0.10772173450159415,2.701162668853606,0.3334078141656858
HEA_short_range,0.75,2,3300,0.1212231008541164,2.4358985914631504,0.3006659444370611
HEA_short_range,0.75,2,3300,0.1364166688243384,2.164779487514925,0.2672013816144523
HEA_short_range,0.75,2,3300,0.15351453148789246,1.891291822875841,0.23344446444689276
HEA_short_range,0.75,2,3300,0.1727553647296109,1.6228761326632102,0.20031358729037255
HEA_short_range,0.75,2,3300,0.19440775901540433,1.368791448844123,0.16895160379270543
HEA_short_range,0.75,2,3300,0.2187739687537092,1.137598576718777,0.14041518462965202
HEA_short_range,0.75,2,3300,0.24619413158533693,0.9346442356769065,0.11536428191932936
HEA_short_range,0.75,2,3300,0.27705101650047453,0.761385039548035,0.09397868728946311
HEA_short_range,0.75,2,3300,0.3117753670636956,0.6163728701398655,0.07607965773922826
HEA_short_range,0.75,2,3300,0.35085191433519125,0.4966326796858081,0.06129997948163796
HEA_short_range,0.75,2,3300,0.3948261434249862,0.398687560097893,0.049210493496011344
HEA_short_range,0.75,2,3300,0.4443119081371701,0.3191177563031572,0.03938909522825927
HEA_short_range,0.75,2,3300,0.5,0.25481262695513834,0.03145183440987846
HEA_small,1.0,0,4320,0.004999999999999999,8.370975484668556,0.999995795421731
HEA_small,1.0,0,4320,0.005626677913003822,8.370871883216813,0.9999834192038897
HEA_small,1.0,0,4320,0.006331900867337016,8.370539882803417,0.9999437584716271
HEA_small,1.0,0,4320,0.007125513351514988,8.369597475743,0.9998311786295622
HEA_small,1.0,0,4320,0.008018593718756654,8.367189741211225,0.9995435509316104
HEA_small,1.0,0,4320,0.00902360883413585,8.361614997901839,0.9988775927191952
HEA_small,1.0,0,4320,0.010154588104523677,8.349851620769655,0.997472341002273
HEA_small,1.0,0,4320,0.011427319320674952,8.326991534545614,0.9947414776579845
HEA_small,1.0,0,4320,0.01285956904529672,8.285640354524105,0.9898016703161794
HEA_small,1.0,0,4320,0.01447133062358375,8.215806267849558,0.9814592981303375
HEA_small,1.0,0,4320,0.016285103278298914,8.105999861964744,0.968341837161028
HEA_small,1.0,0,4320,0.018326206185398135,7.945818747453451,0.9492066191317039
HEA_small,1.0,0,4320,0.020623131914506758,7.729544712734683,0.9233705471262648
HEA_small,1.0,0,4320,0.023207944168063883,7.459014188454221,0.8910530009443207
HEA_small,1.0,0,4320,0.026116725371334214,7.143508031466369,0.8533626707079739
HEA_small,1.0,0,4320,0.029390080361374554,6.796453041343858,0.8119035203929037
HEA_small,1.0,0,4320,0.03307370320615074,6.431105156204121,0.7682591028844437
HEA_small,1.0,0,4320,0.03721901506625844,6.057832648839966,0.7236680108911236
HEA_small,1.0,0,4320,0.04188388200341457,5.683881994566324,0.6789959075438213
HEA_small,1.0,0,4320,0.047133422755894265,5.314315781090997,0.634847569004052
HEA_small,1.0,0,4320,0.05304091775697241,4.952693114254776,0.5916481656576054
HEA_small,1.0,0,4320,0.05968883208572181,4.601258179531166,0.5496657876502188
HEA_small,1.0,0,4320,0.067169966629945,4.261028335114487,0.509021968478033
HEA_small,1.0,0,4320,0.0755887535307831,3.932025157267548,0.4697192856389908
HEA_small,1.0,0,4320,0.08506271399262945,3.613586789523852,0.4316786738336077
HEA_small,1.0,0,4320,0.09572409880849786,3.3045799305264003,0.3947647490084937
HEA_small,1.0,0,4320,0.10772173450159415,3.0034579637449483,0.3587927525258762
HEA_small,1.0,0,4320,0.1212231008541164,2.7083677193958464,0.3235413049306075
HEA_small,1.0,0,4320,0.1364166688243384,2.4176580860778993,0.28881316463931495
HEA_small,1.0,0,4320,0.15351453148789246,2.1309713410878586,0.2545655981378663
HEA_small,1.0,0,4320,0.1727553647296109,1.8505226132494232,0.22106322446786228
HEA_small,1.0,0,4320,0.19440775901540433,1.5815210710658587,0.18892833031625472
HEA_small,1.0,0,4320,0.2187739687537092,1.3308787991045694,0.15898663253261064
HEA_small,1.0,0,4320,0.24619413158533693,1.1047950779386697,0.13197869648103944
HEA_small,1.0,0,4320,0.27705101650047453,0.9069067122540595,0.10833897444267972
HEA_small,1.0,0,4320,0.3117753670636956,0.7379330229689981,0.08815339641399794
HEA_small,1.0,0,4320,0.35085191433519125,0.5963757694565556,0.07124298273722256
HEA_small,1.0,0,4320,0.3948261434249862,0.4794694659600029,0.05727736879306963
HEA_small,1.0,0,4320,0.4443119081371701,0.38394302830446986,0.045865791231756124
HEA_small,1.0,0,4320,0.5,0.30650456035925233,0.03661500050958211
HEA_small,0.25,0,1080,0.004999999999999999,6.984709803390926,0.9999990670018593
HEA_small,0.25,0,1080,0.005626677913003822,6.984684554392447,0.9999954521093825
HEA_small,0.25,0,1080,0.006331900867337016,6.984594080080147,0.9999824989258667
HEA_small,0.25,0,1080,0.007125513351514988,6.984321008829844,0.9999434033867226
HEA_small,0.25,0,1080,0.008018593718756654,6.9835982198442785,0.9998399218776048
HEA_small,0.25,0,1080,0.00902360883413585,6.9818853449171225,0.9995946900244196
HEA_small,0.25,0,1080,0.010154588104523677,6.97820811577068,0.9990682220938822
HEA_small,0.25,0,1080,0.011427319320674952,6.970953594383115,0.9980295941732795
HEA_small,0.25,0,1080,0.01285956904529672,6.9575291687018845,0.9961076226763751
HEA_small,0.25,0,1080,0.01447133062358375,6.93386396486339,0.9927194816619245
HEA_small,0.25,0,1080,0.016285103278298914,6.894122674322659,0.9870297315390366
HEA_small,0.25,0,1080,0.018326206185398135,6.831196711550775,0.9780206379856395
HEA_small,0.25,0,1080,0.020623131914506758,6.738122181517319,0.9646951819803082
HEA_small,0.25,0,1080,0.023207944168063883,6.609835582330649,0.946328423287881
HEA_small,0.25,0,1080,0.026116725371334214,6.4442404373010795,0.9226202098916403
HEA_small,0.25,0,1080,0.029390080361374554,6.241987326567412,0.8936636851790886
HEA_small,0.25,0,1080,0.03307370320615074,6.005627110125665,0.8598240551055016
HEA_small,0.25,0,1080,0.03721901506625844,5.73932225768538,0.8216972593653169
HEA_small,0.25,0,1080,0.04188388200341457,5.449031879760864,0.7801364622448403
HEA_small,0.25,0,1080,0.047133422755894265,5.142133828349679,0.7361979488756978
HEA_small,0.25,0,1080,0.05304091775697241,4.826198632301896,0.6909655898838535
HEA_small,0.25,0,1080,0.05968883208572181,4.507603169270316,0.6453523611670449
HEA_small,0.25,0,1080,0.067169966629945,4.19081335747182,0.59999764706276
HEA_small,0.25,0,1080,0.0755887535307831,3.8784787642647416,0.5552807854333977
HEA_small,0.25,0,1080,0.08506271399262945,3.571886334109567,0.5113860277791622
HEA_small,0.25,0,1080,0.09572409880849786,3.2713296014470115,0.46835539934879145
HEA_small,0.25,0,1080,0.10772173450159415,2.976270637883738,0.42611188507557646
HEA_small,0.25,0,1080,0.1212231008541164,2.68554281663994,0.38448845931003656
HEA_small,0.25,0,1080,0.1364166688243384,2.397993777536588,0.3433201389481749
HEA_small,0.25,0,1080,0.15351453148789246,2.113686216575267,0.30261590016006235
HEA_small,0.25,0,1080,0.1727553647296109,1.8351929393667723,0.26274409084887485
HEA_small,0.25,0,1080,0.19440775901540433,1.5679768921675536,0.22448683959451118
HEA_small,0.25,0,1080,0.2187739687537092,1.319071384834466,0.18885110352085585
HEA_small,0.25,0,1080,0.24619413158533693,1.094681112475025,0.1567252071958865
HEA_small,0.25,0,1080,0.27705101650047453,0.8983904079492357,0.12862231861322382
HEA_small,0.25,0,1080,0.3117753670636956,0.7308647432522358,0.1046377132235287
HEA_small,0.25,0,1080,0.35085191433519125,0.5905756254753672,0.08455255709874951
HEA_small,0.25,0,1080,0.3948261434249862,0.4747513121019636,0.06797002059117628
HEA_small,0.25,0,1080,0.4443119081371701,0.38013053051546974,0.05442318815734428
HEA_small,0.25,0,1080,0.5,0.3034395662731523,0.043443362960804456
HEA_small,0.25,1,1080,0.004999999999999999,6.984709484974073,0.9999990214142022
HEA_small,0.25,1,1080,0.005626677913003822,6.9846858719757465,0.9999956407474372
HEA_small,0.25,1,1080,0.006331900867337016,6.984607325477254,0.9999843952658896
HEA_small,0.25,1,1080,0.007125513351514988,6.984386158721592,0.9999527308796031
HEA_small,0.25,1,1080,0.008018593718756654,6.983832532384523,0.9998734683424153
HEA_small,0.25,1,1080,0.00902360883413585,6.982549728316628,0.9996898096211299
HEA_small,0.25,1,1080,0.010154588104523677,6.979731003704003,0.9992862535590882
HEA_small,0.25,1,1080,0.011427319320674952,6.9738352583803955,0.9984421612504821
HEA_small,0.25,1,1080,0.01285956904529672,6.962205052758067,0.9967770677678979
HEA_small,0.25,1,1080,0.01447133062358375,6.94077666651434,0.9937091713406649
HEA_small,0.25,1,1080,0.016285103278298914,6.904052036484405,0.988451315710343
HEA_small,0.25,1,1080,0.018326206185398135,6.845482372490405,0.9800659123081604
HEA_small,0.25,1,1080,0.020623131914506758,6.75833737024205,0.9675893852375693
HEA_small,0.25,1,1080,0.023207944168063883,6.636955008425759,0.9502111043950575
HEA_small,0.25,1,1080,0.026116725371334214,6.477901828119089,0.927439502368996
HEA_small,0.25,1,1080,0.029390080361374554,6.280458144123376,0.8991715420186219
HEA_small,0.25,1,1080,0.03307370320615074,6.046554421679464,0.8656836075451498
HEA_small,0.25,1,1080,0.03721901506625844,5.780616630394973,0.8276093638541779
HEA_small,0.25,1,1080,0.04188388200341457,5.489177922928104,0.7858841606948986
HEA_small,0.25,1,1080,0.047133422755894265,5.179994491577313,0.74161845008039
HEA_small,0.25,1,1080,0.05304091775697241,4.8608527278699105,0.6959270076393892
HEA_small,0.25,1,1080,0.05968883208572181,4.538415819237479,0.6497638001654209
HEA_small,0.25,1,1080,0.067169966629945,4.217540410761862,0.6038241522585488
HEA_small,0.25,1,1080,0.0755887535307831,3.9012359406835153,0.5585389244007921
HEA_small,0.25,1,1080,0.08506271399262945,3.5909877443320846,0.5141207716609573
HEA_small,0.25,1,1080,0.09572409880849786,3.2871045141592092,0.4706138894562223
HEA_small,0.25,1,1080,0.10772173450159415,2.988988344556813,0.42793267579780575
HEA_small,0.25,1,1080,0.1212231008541164,2.6954787572826935,0.38591098532074003
HEA_small,0.25,1,1080,0.1364166688243384,2.4055280872902167,0.34439882409562
HEA_small,0.25,1,1080,0.15351453148789246,2.119317353781648,0.30342210859406293
HEA_small,0.25,1,1080,0.1727553647296109,1.8394490285925789,0.2633534340248529
HEA_small,0.25,1,1080,0.19440775901540433,1.5712960850350663,0.22496204756508437
HEA_small,0.25,1,1080,0.2187739687537092,1.3217428791664625,0.18923358066231136
HEA_small,0.25,1,1080,0.24619413158533693,1.0968706433404025,0.15703868175448393
HEA_small,0.25,1,1080,0.27705101650047453,0.9001952393263758,0.12888071584718758
HEA_small,0.25,1,1080,0.3117753670636956,0.7323511712641143,0.1048505247313629
HEA_small,0.25,1,1080,0.35085191433519125,0.5917953839110621,0.08472718959344104
HEA_small,0.25,1,1080,0.3948261434249862,0.47574760776133,0.06811265997890587
HEA_small,0.25,1,1080,0.4443119081371701,0.38094036765682615,0.054539132328050806
HEA_small,0.25,1,1080,0.5,0.30409479936512845,0.043537172510390444
HEA_small,0.25,2,1080,0.004999999999999999,6.9847160096427245,0.9999999555492983
HEA_small,0.25,2,1080,0.005626677913003822,6.984713453501953,0.9999995895872957
HEA_small,0.25,2,1080,0.006331900867337016,6.984698355171379,0.9999974279632754
HEA_small,0.25,2,1080,0.007125513351514988,6.984631994030978,0.9999879270562435
HEA_small,0.25,2,1080,0.008018593718756654,6.984396809185992,0.9999542557037924
HEA_small,0.25,2,1080,0.00902360883413585,6.983686169304061,0.9998525135786492
HEA_small,0.25,2,1080,0.010154588104523677,6.9817895525610645,0.9995809754579765
HEA_small,0.25,2,1080,0.011427319320674952,6.9772287315119215,0.9989280039069335
HEA_small,0.25,2,1080,0.01285956904529672,6.967267452359059,0.9975018501883967
HEA_small,0.25,2,1080,0.01447133062358375,6.947500494806383,0.9946718200702456
HEA_small,0.25,2,1080,0.016285103278298914,6.911896196162099,0.9895743619899893
HEA_small,0.25,2,1080,0.018326206185398135,6.8535000994563875,0.9812138081708583
HEA_small,0.25,2,1080,0.020623131914506758,6.7655801506926725,0.9686263322113156
HEA_small,0.25,2,1080,0.023207944168063883,6.642776899733639,0.9510446230436403
HEA_small,0.25,2,1080,0.026116725371334214,6.481915256871446,0.9280141039087603
HEA_small,0.25,2,1080,0.029390080361374554,6.282333741792223,0.8994400708439724
HEA_small,0.25,2,1080,0.03307370320615074,6.045888077872491,0.8655882072774176
HEA_small,0.25,2,1080,0.03721901506625844,5.776958418255791,0.8270856185835727
HEA_small,0.25,2,1080,0.04188388200341457,5.482235522075898,0.7848902189893193
HEA_small,0.25,2,1080,0.047133422755894265,5.169858161346352,0.7401672343450042
HEA_small,0.25,2,1080,0.05304091775697241,4.848082476927624,0.6940986941679452
HEA_small,0.25,2,1080,0.05968883208572181,4.523951285096853,0.6476929166137205
HEA_small,0.25,2,1080,0.067169966629945,4.202437672905088,0.6016618972485245
HEA_small,0.25,2,1080,0.0755887535307831,3.886386525396884,0.5564129375165633
HEA_small,0.25,2,1080,0.08506271399262945,3.577056011050581,0.5121261690682398
HEA_small,0.25,2,1080,0.09572409880849786,3.2746974277472756,0.468837570155151
HEA_small,0.25,2,1080,0.10772173450159415,2.9788426827477146,0.4264801240628304
HEA_small,0.25,2,1080,0.1212231008541164,2.688445642908106,0.3849040561840005
HEA_small,0.25,2,1080,0.1364166688243384,2.4023024809398947,0.3439370148821189
HEA_small,0.25,2,1080,0.15351453148789246,2.1200755161164424,0.30353065449629385
HEA_small,0.25,2,1080,0.1727553647296109,1.8436741368613847,0.26395834166535875
HEA_small,0.25,2,1080,0.19440775901540433,1.5779389703096263,0.2259131077041234
HEA_small,0.25,2,1080,0.2187739687537092,1.3296002898066515,0.19035852407877585
HEA_small,0.25,2,1080,0.24619413158533693,1.1049287977674855,0.15819236560616348
HEA_small,0.25,2,1080,0.27705101650047453,0.9077810635290176,0.12996677630476006
HEA_small,0.25,2,1080,0.3117753670636956,0.7391125317680043,0.10581854693785038
HEA_small,0.25,2,1080,0.35085191433519125,0.5976091639028757,0.08555954694703434
HEA_small,0.25,2,1080,0.3948261434249862,0.4806272787701666,0.06881128119488589
HEA_small,0.25,2,1080,0.4443119081371701,0.3849686623110406,0.055115862215077374
HEA_small,0.25,2,1080,0.5,0.30738188631556784,0.04400778388525351
HEA_small,0.5,0,2160,0.004999999999999999,7.677846213164191,0.9999977483952381
HEA_small,0.5,0,2160,0.005626677913003822,7.677793260124083,0.9999908515495071
HEA_small,0.5,0,2160,0.006331900867337016,7.677626332316664,0.9999691101096646
HEA_small,0.5,0,2160,0.007125513351514988,7.677162197618686,0.9999086590873278
HEA_small,0.5,0,2160,0.008018593718756654,7.675984836087997,0.9997553141456542
HEA_small,0.5,0,2160,0.00902360883413585,7.673226072859626,0.9993960002260819
HEA_small,0.5,0,2160,0.010154588104523677,7.667243412882997,0.998616791273474
HEA_small,0.5,0,2160,0.011427319320674952,7.655203138111042,0.9970486109104223
HEA_small,0.5,0,2160,0.01285956904529672,7.632582082518728,0.9941023413407282
HEA_small,0.5,0,2160,0.01447133062358375,7.592745637384457,0.9889138608303945
HEA_small,0.5,0,2160,0.016285103278298914,7.527052857887165,0.9803577332707565
HEA_small,0.5,0,2160,0.018326206185398135,7.42602075132662,0.9671988503925155
HEA_small,0.5,0,2160,0.020623131914506758,7.28161657588487,0.9483909912232305
HEA_small,0.5,0,2160,0.023207944168063883,7.0898034248981805,0.923408370606213
HEA_small,0.5,0,2160,0.026116725371334214,6.851903901764856,0.8924232504471595
HEA_small,0.5,0,2160,0.029390080361374554,6.573975596467181,0.8562245989247504
HEA_small,0.5,0,2160,0.03307370320615074,6.264851921964501,0.8159629200768035
HEA_small,0.5,0,2160,0.03721901506625844,5.934097051002799,0.7728838954324495
HEA_small,0.5,0,2160,0.04188388200341457,5.590702680746754,0.7281586446871463
HEA_small,0.5,0,2160,0.047133422755894265,5.242500913104637,0.682807256555362
HEA_small,0.5,0,2160,0.05304091775697241,4.895780171504678,0.6376487640177789
HEA_small,0.5,0,2160,0.05968883208572181,4.554996874321167,0.5932635913517881
HEA_small,0.5,0,2160,0.067169966629945,4.222765492977527,0.549992259253439
HEA_small,0.5,0,2160,0.0755887535307831,3.900156857345971,0.5079742374947741
HEA_small,0.5,0,2160,0.08506271399262945,3.5871130475316018,0.46720198232421567
HEA_small,0.5,0,2160,0.09572409880849786,3.282757726534993,0.4275613556095412
HEA_small,0.5,0,2160,0.10772173450159415,2.9855611275843965,0.38885311354137414
HEA_small,0.5,0,2160,0.1212231008541164,2.6935836019754675,0.35082462741588655
HEA_small,0.5,0,2160,0.1364166688243384,2.405141473341365,0.3132566075352748
HEA_small,0.5,0,2160,0.15351453148789246,2.120003098354891,0.2761188836149046
HEA_small,0.5,0,2160,0.1727553647296109,1.8406464089796941,0.23973419282813557
HEA_small,0.5,0,2160,0.19440775901540433,1.5725585795655472,0.204817209817111
HEA_small,0.5,0,2160,0.2187739687537092,1.3228301729770453,0.17229144186533082
HEA_small,0.5,0,2160,0.24619413158533693,1.0977092617866522,0.14297066647377724
HEA_small,0.5,0,2160,0.27705101650047453,0.9007992562420746,0.11732420824653943
HEA_small,0.5,0,2160,0.3117753670636956,0.7327655191205987,0.09543872706982498
HEA_small,0.5,0,2160,0.35085191433519125,0.59206851747197,0.07711370714257562
HEA_small,0.5,0,2160,0.3948261434249862,0.47592116309447846,0.06198614537135739
HEA_small,0.5,0,2160,0.4443119081371701,0.3810465431528978,0.04962924166589296
HEA_small,0.5,0,2160,0.5,0.30415693053985954,0.0396147874357225
HEA_small,0.5,1,2160,0.004999999999999999,7.677847587115588,0.9999979273449416
HEA_small,0.5,1,2160,0.005626677913003822,7.677793287788997,0.9999908551527118
HEA_small,0.5,1,2160,0.006331900867337016,7.67761546677776,0.9999676949322649
HEA_small,0.5,1,2160,0.007125513351514988,7.677119830790232,0.99990314103814
HEA_small,0.5,1,2160,0.008018593718756654,7.6758811548819725,0.9997418102319658
HEA_small,0.5,1,2160,0.00902360883413585,7.673014528503931,0.9993684477232695
HEA_small,0.5,1,2160,0.010154588104523677,7.666800296997767,0.998559077837283
HEA_small,0.5,1,2160,0.011427319320674952,7.654205565197731,0.9969186824592038
HEA_small,0.5,1,2160,0.01285956904529672,7.630463858567019,0.9938264541812961
HEA_small,0.5,1,2160,0.01447133062358375,7.588932231384638,0.9884171854206947
HEA_small,0.5,1,2160,0.016285103278298914,7.521417016641056,0.9796236955732106
HEA_small,0.5,1,2160,0.018326206185398135,7.419168623760495,0.9663063980110008
HEA_small,0.5,1,2160,0.020623131914506758,7.274757221330525,0.947497597565771
HEA_small,0.5,1,2160,0.023207944168063883,7.08446280626729,0.9227127840500806
HEA_small,0.5,1,2160,0.026116725371334214,6.849756261165821,0.8921435319292613
HEA_small,0.5,1,2160,0.029390080361374554,6.576681998037249,0.8565770930228584
HEA_small,0.5,1,2160,0.03307370320615074,6.273692101508856,0.8171143054255497
HEA_small,0.5,1,2160,0.03721901506625844,5.949507201289282,0.774890983769605
HEA_small,0.5,1,2160,0.04188388200341457,5.612087134552099,0.7309438535936937
HEA_small,0.5,1,2160,0.047133422755894265,5.268493852204099,0.6861926956292874
HEA_small,0.5,1,2160,0.05304091775697241,4.924689928259651,0.6414141027415553
HEA_small,0.5,1,2160,0.05968883208572181,4.585093422830755,0.5971835032526612
HEA_small,0.5,1,2160,0.067169966629945,4.25240156190737,0.5538521961912636
HEA_small,0.5,1,2160,0.0755887535307831,3.9278704549577332,0.5115837829899909
HEA_small,0.5,1,2160,0.08506271399262945,3.611777275593739,0.4704143640056507
HEA_small,0.5,1,2160,0.09572409880849786,3.303727202531468,0.4302925159114432
HEA_small,0.5,1,2160,0.10772173450159415,3.002746336282759,0.391091393591136
HEA_small,0.5,1,2160,0.1212231008541164,2.707420253902123,0.3526267761419525
HEA_small,0.5,1,2160,0.1364166688243384,2.4164314762504806,0.3147270690651155
HEA_small,0.5,1,2160,0.15351453148789246,2.1296406145062092,0.2773741177240376
HEA_small,0.5,1,2160,0.1727553647296109,1.8493311787198177,0.24086533689436657
HEA_small,0.5,1,2160,0.19440775901540433,1.5806447899668632,0.20587039478199107
HEA_small,0.5,1,2160,0.2187739687537092,1.3303729243911804,0.17327384425024803
HEA_small,0.5,1,2160,0.24619413158533693,1.104619937893447,0.14387074448456558
HEA_small,0.5,1,2160,0.27705101650047453,0.906978069268703,0.11812896506802793
HEA_small,0.5,1,2160,0.3117753670636956,0.7381611637581794,0.09614148046432126
HEA_small,0.5,1,2160,0.35085191433519125,0.5966857554729934,0.07771507730246653
HEA_small,0.5,1,2160,0.3948261434249862,0.4798072421406496,0.06249228605044446
HEA_small,0.5,1,2160,0.4443119081371701,0.38427393719627406,0.05004959220261339
HEA_small,0.5,1,2160,0.5,0.3068090130208073,0.039960206767638666
HEA_small,0.5,2,2160,0.004999999999999999,7.6778453418787365,0.9999976349150421
HEA_small,0.5,2,2160,0.005626677913003822,7.677793413497568,0.9999908715255701
HEA_small,0.5,2,2160,0.006331900867337016,7.677633638291228,0.9999700616731514
HEA_small,0.5,2,2160,0.007125513351514988,7.677198181685351,0.9999133458164761
HEA_small,0.5,2,2160,0.008018593718756654,7.676112210258508,0.9997719039392212
HEA_small,0.5,2,2160,0.00902360883413585,7.673584953236532,0.9994427424450435
HEA_small,0.5,2,2160,0.010154588104523677,7.668056305615993,0.9987226661347456
HEA_small,0.5,2,2160,0.011427319320674952,7.656691678693723,0.997242485232693
HEA_small,0.5,2,2160,0.01285956904529672,7.63482903075357,0.9943949941385597
HEA_small,0.5,2,2160,0.01447133062358375,7.595676002527977,0.9892955249669425
HEA_small,0.5,2,2160,0.016285103278298914,7.530680335983534,0.9808301925813508
HEA_small,0.5,2,2160,0.018326206185398135,7.430792355844354,0.9678203259523914
HEA_small,0.5,2,2160,0.020623131914506758,7.2884225460048535,0.9492774318482015
HEA_small,0.5,2,2160,0.023207944168063883,7.099579594922539,0.9246816636288742
HEA_small,0.5,2,2160,0.026116725371334214,6.865265357765152,0.894163507485998
HEA_small,0.5,2,2160,0.029390080361374554,6.5911517406903455,0.8584616983758734
HEA_small,0.5,2,2160,0.03307370320615074,6.285693403187176,0.8186774097549325
HEA_small,0.5,2,2160,0.03721901506625844,5.958045700808119,0.7760030769343355
HEA_small,0.5,2,2160,0.04188388200341457,5.616863697579463,0.7315659749725048
HEA_small,0.5,2,2160,0.047133422755894265,5.269803704927221,0.6863632968288278
HEA_small,0.5,2,2160,0.05304091775697241,4.923167533875356,0.6412158191455835
HEA_small,0.5,2,2160,0.05968883208572181,4.581545886581133,0.5967214559332072
HEA_small,0.5,2,2160,0.067169966629945,4.247719644234166,0.5532424018555359
HEA_small,0.5,2,2160,0.0755887535307831,3.9229509631927915,0.510943045919775
HEA_small,0.5,2,2160,0.08506271399262945,3.6074308680626204,0.4698482680427914
HEA_small,0.5,2,2160,0.09572409880849786,3.3005874027767694,0.42988357405484195
HEA_small,0.5,2,2160,0.10772173450159415,3.0011943326914308,0.39088925355684245
HEA_small,0.5,2,2160,0.1212231008541164,2.7075257421070495,0.3526405154074288
HEA_small,0.5,2,2160,0.1364166688243384,2.417940404581414,0.3149235987808105
HEA_small,0.5,2,2160,0.15351453148789246,2.1320644156462403,0.2776898046517639
HEA_small,0.5,2,2160,0.1727553647296109,1.8521256365333116,0.24122929983968944
HEA_small,0.5,2,2160,0.19440775901540433,1.5833721527332596,0.2062256189620192
HEA_small,0.5,2,2160,0.2187739687537092,1.3327665640730955,0.17358560281194996
HEA_small,0.5,2,2160,0.24619413158533693,1.106570138737025,0.14412474754718915
HEA_small,0.5,2,2160,0.27705101650047453,0.9084852368575472,0.11832526545663358
HEA_small,0.5,2,2160,0.3117753670636956,0.7392845370452976,0.09628779373063799
HEA_small,0.5,2,2160,0.35085191433519125,0.5975038663223696,0.0778216317950417
HEA_small,0.5,2,2160,0.3948261434249862,0.4803952018413788,0.06256886460653331
HEA_small,0.5,2,2160,0.4443119081371701,0.3846940617584661,0.05010431114391196
HEA_small,0.5,2,2160,0.5,0.3071091389367048,0.03999929653732146
HEA_small,0.75,0,3240,0.004999999999999999,8.083307028205748,0.9999973302358878
HEA_small,0.75,0,3240,0.005626677913003822,8.08323331088532,0.9999882105620508
HEA_small,0.75,0,3240,0.006331900867337016,8.08298305178835,0.9999572506556704
HEA_small,0.75,0,3240,0.007125513351514988,8.082252426613005,0.9998668639832109
HEA_small,0.75,0,3240,0.008018593718756654,8.08036392211426,0.9996332344241341
HEA_small,0.75,0,3240,0.00902360883413585,8.075966694558442,0.9990892471920625
HEA_small,0.75,0,3240,0.010154588104523677,8.066632070373183,0.9979344476488258
HEA_small,0.75,0,3240,0.011427319320674952,8.048357106795379,0.9956736260909913
HEA_small,0.75,0,3240,0.01285956904529672,8.015038026135683,0.9915516755589445
HEA_small,0.75,0,3240,0.01447133062358375,7.958253716659088,0.9845268084250175
HEA_small,0.75,0,3240,0.016285103278298914,7.867923654863087,0.9733519488878444
HEA_small,0.75,0,3240,0.018326206185398135,7.734179106385419,0.9568062218797538
HEA_small,0.75,0,3240,0.020623131914506758,7.550215549145711,0.9340478303627067
HEA_small,0.75,0,3240,0.023207944168063883,7.314987973697876,0.9049474947420382
HEA_small,0.75,0,3240,0.026116725371334214,7.033974521624447,0.8701829236508699
HEA_small,0.75,0,3240,0.029390080361374554,6.717297905305268,0.8310064121361754
HEA_small,0.75,0,3240,0.03307370320615074,6.37648384657981,0.788843823526948
HEA_small,0.75,0,3240,0.03721901506625844,6.0218650816991985,0.7449734352199392
HEA_small,0.75,0,3240,0.04188388200341457,5.66163690655118,0.7004090988453843
HEA_small,0.75,0,3240,0.047133422755894265,5.3020174406272,0.655920066748745
HEA_small,0.75,0,3240,0.05304091775697241,4.947533568298952,0.6120663661899266
HEA_small,0.75,0,3240,0.05968883208572181,4.6011183198532635,0.569210846488656
HEA_small,0.75,0,3240,0.067169966629945,4.2642414933225465,0.5275353384356319
HEA_small,0.75,0,3240,0.0755887535307831,3.9372350253139694,0.4870809063773918
HEA_small,0.75,0,3240,0.08506271399262945,3.6196970099723034,0.4477978299728881
HEA_small,0.75,0,3240,0.09572409880849786,3.3107575694911033,0.40957849540997165
HEA_small,0.75,0,3240,0.10772173450159415,3.0091550436265813,0.372266820917772
HEA_small,0.75,0,3240,0.1212231008541164,2.713328018342198,0.3356696417603113
HEA_small,0.75,0,3240,0.1364166688243384,2.4218748618898345,0.29961356009420637
HEA_small,0.75,0,3240,0.15351453148789246,2.1345861243962556,0.26407266457978884
HEA_small,0.75,0,3240,0.1727553647296109,1.853702949667468,0.22932421028294447
HEA_small,0.75,0,3240,0.19440775901540433,1.5843788853298237,0.19600574985998262
HEA_small,0.75,0,3240,0.2187739687537092,1.333457009483964,0.16496385016867057
HEA_small,0.75,0,3240,0.24619413158533693,1.1070964021170004,0.13696045969399467
HEA_small,0.75,0,3240,0.27705101650047453,0.9089251257372738,0.11244441117354737
HEA_small,0.75,0,3240,0.3117753670636956,0.7396705454196962,0.09150568796815867
HEA_small,0.75,0,3240,0.35085191433519125,0.5978463351852951,0.07396041459151506
HEA_small,0.75,0,3240,0.3948261434249862,0.48069640531471586,0.05946763129142256
HEA_small,0.75,0,3240,0.4443119081371701,0.3849548607794161,0.04762330958078084
HEA_small,0.75,0,3240,0.5,0.3073312918458703,0.038020388223708845
HEA_small,0.75,1,3240,0.004999999999999999,8.08329549057209,0.9999959028989307
HEA_small,0.75,1,3240,0.005626677913003822,8.08320944455265,0.9999852580243248
HEA_small,0.75,1,3240,0.006331900867337016,8.082953579609844,0.9999536046108377
HEA_small,0.75,1,3240,0.007125513351514988,8.082259908175136,0.99986778953783
HEA_small,0.75,1,3240,0.008018593718756654,8.08052154731944,0.9996527344609145
HEA_small,0.75,1,3240,0.00902360883413585,8.07649861954588,0.9991550523836095
HEA_small,0.75,1,3240,0.010154588104523677,8.067933525348046,0.9980954524820882
HEA_small,0.75,1,3240,0.011427319320674952,8.051070877871418,0.996009350544045
HEA_small,0.75,1,3240,0.01285956904529672,8.020004700231363,0.992166109826813
HEA_small,0.75,1,3240,0.01447133062358375,7.966164866977357,0.9855055080054935
HEA_small,0.75,1,3240,0.016285103278298914,7.878859899876823,0.9747048872060824
HEA_small,0.75,1,3240,0.018326206185398135,7.747446895608203,0.9584475988254296
HEA_small,0.75,1,3240,0.020623131914506758,7.564562837532664,0.9358227536747886
HEA_small,0.75,1,3240,0.023207944168063883,7.3290162418797555,0.9066829516139302
HEA_small,0.75,1,3240,0.026116725371334214,7.046589808932611,0.8717435786630205
HEA_small,0.75,1,3240,0.029390080361374554,6.72796978816358,0.8323266458387507
HEA_small,0.75,1,3240,0.03307370320615074,6.385099426396631,0.7899096690757058
HEA_small,0.75,1,3240,0.03721901506625844,6.028360054761405,0.7457769375116989
HEA_small,0.75,1,3240,0.04188388200341457,5.66581476855481,0.700925948055138
HEA_small,0.75,1,3240,0.047133422755894265,5.303650359573972,0.6561220774581694
HEA_small,0.75,1,3240,0.05304091775697241,4.946536790131362,0.6119430533548519
HEA_small,0.75,1,3240,0.05968883208572181,4.597652824411563,0.5687821251525058
HEA_small,0.75,1,3240,0.067169966629945,4.258732163303967,0.5268537714370329
HEA_small,0.75,1,3240,0.0755887535307831,3.9303157272415077,0.48622491023924885
HEA_small,0.75,1,3240,0.08506271399262945,3.612111972391047,0.44685947425974637
HEA_small,0.75,1,3240,0.09572409880849786,3.303252921095716,0.4086500847565646
HEA_small,0.75,1,3240,0.10772173450159415,3.0023660894896924,0.3714269498120113
HEA_small,0.75,1,3240,0.1212231008541164,2.7076659406895343,0.33496917813614174
HEA_small,0.75,1,3240,0.1364166688243384,2.417453069625569,0.2990665339273549
HEA_small,0.75,1,3240,0.15351453148789246,2.1312420276141064,0.26365896164328884
HEA_small,0.75,1,3240,0.1727553647296109,1.8511242404074468,0.22900519451792684
HEA_small,0.75,1,3240,0.19440775901540433,1.5822628301016815,0.19574396967875354
HEA_small,0.75,1,3240,0.2187739687537092,1.3316060557603084,0.16473486606902088
HEA_small,0.75,1,3240,0.24619413158533693,1.1054219024139784,0.13675330497048116
HEA_small,0.75,1,3240,0.27705101650047453,0.9074048854062684,0.1122563400948394
HEA_small,0.75,1,3240,0.3117753670636956,0.7383081805872587,0.09133714789037974
HEA_small,0.75,1,3240,0.35085191433519125,0.5966481069541003,0.07381218008452096
HEA_small,0.75,1,3240,0.3948261434249862,0.4796622935446522,0.059339699863651625
HEA_small,0.75,1,3240,0.4443119081371701,0.3840773443962257,0.047514750789513026
HEA_small,0.75,1,3240,0.5,0.30659720998988177,0.03792957392040431
HEA_small,0.75,2,3240,0.004999999999999999,8.083300802758941,0.9999965600770697
HEA_small,0.75,2,3240,0.005626677913003822,8.08322004204986,0.9999865690556736
HEA_small,0.75,2,3240,0.006331900867337016,8.082956495450823,0.9999539653336438
HEA_small,0.75,2,3240,0.007125513351514988,8.082189333489795,0.9998590586438189
HEA_small,0.75,2,3240,0.008018593718756654,8.080189021401692,0.9996115972099326
HEA_small,0.75,2,3240,0.00902360883413585,8.075512315659816,0.9990330353366974
HEA_small,0.75,2,3240,0.010154588104523677,8.06566049417713,0.997814252585248
HEA_small,0.75,2,3240,0.011427319320674952,8.046695159311744,0.9954680242202684
HEA_small,0.75,2,3240,0.01285956904529672,8.01271000810664,0.9912636731602157
HEA_small,0.75,2,3240,0.01447133062358375,7.955457736137699,0.9841809137253577
HEA_small,0.75,2,3240,0.016285103278298914,7.864896985256174,0.972977515315563
HEA_small,0.75,2,3240,0.018326206185398135,7.731029489484859,0.9564165783241106
HEA_small,0.75,2,3240,0.020623131914506758,7.546729712891149,0.9336165926358657
HEA_small,0.75,2,3240,0.023207944168063883,7.3106374819930675,0.9044092892681102
HEA_small,0.75,2,3240,0.026116725371334214,7.02826558020507,0.8694766624439245
HEA_small,0.75,2,3240,0.029390080361374554,6.710089738238809,0.8301146796067538
HEA_small,0.75,2,3240,0.03307370320615074,6.367913254021162,0.787783543415444
HEA_small,0.75,2,3240,0.03721901506625844,6.012059050935882,0.743760317303063
HEA_small,0.75,2,3240,0.04188388200341457,5.65057029008735,0.6990400320909039
HEA_small,0.75,2,3240,0.047133422755894265,5.28960288588454,0.6543842446458102
HEA_small,0.75,2,3240,0.05304091775697241,4.933799747690276,0.6103673358432267
HEA_small,0.75,2,3240,0.05968883208572181,4.586310531546014,0.5673789540809723
HEA_small,0.75,2,3240,0.067169966629945,4.248801811665517,0.5256252736090892
HEA_small,0.75,2,3240,0.0755887535307831,3.9216989694751714,0.4851589189646927
HEA_small,0.75,2,3240,0.08506271399262945,3.604556545369964,0.44592478171082905
HEA_small,0.75,2,3240,0.09572409880849786,3.29634741799804,0.407795795214238
HEA_small,0.75,2,3240,0.10772173450159415,2.9956016589889236,0.3705901125599149
HEA_small,0.75,2,3240,0.1212231008541164,2.700570684482577,0.3340914139686372
HEA_small,0.75,2,3240,0.1364166688243384,2.4097517821862975,0.2981137967800737
HEA_small,0.75,2,3240,0.15351453148789246,2.1229592358192715,0.26263428577079845
HEA_small,0.75,2,3240,0.1727553647296109,1.8425639863696224,0.22794619339943714
HEA_small,0.75,2,3240,0.19440775901540433,1.573870889801035,0.1947057908904355
HEA_small,0.75,2,3240,0.2187739687537092,1.3237987614241258,0.16376901465878668
HEA_small,0.75,2,3240,0.24619413158533693,1.098474970001583,0.13589389014911113
HEA_small,0.75,2,3240,0.27705101650047453,0.9014324295604035,0.1115174791459757
HEA_small,0.75,2,3240,0.3117753670636956,0.7333001306659718,0.09071759496068153
HEA_small,0.75,2,3240,0.35085191433519125,0.5925217840749649,0.07330170685265827
HEA_small,0.75,2,3240,0.3948261434249862,0.47630361528360776,0.05892419303180099
HEA_small,0.75,2,3240,0.4443119081371701,0.38136651679987893,0.04717939047848965
HEA_small,0.75,2,3240,0.5,0.3044221668481893,0.03766049626106874
HEA_surface,1.0,0,2557,0.004999999999999999,7.83271941609937,0.998232281891179
HEA_surface,1.0,0,2557,0.005626677913003822,7.828491923136036,0.9976935137158764
HEA_surface,1.0,0,2557,0.006331900867337016,7.823029596709551,0.9969973735526099
HEA_surface,1.0,0,2557,0.007125513351514988,7.8161390001625355,0.9961192090800538
HEA_surface,1.0,0,2557,0.008018593718756654,7.807821455315643,0.9950591887561826
HEA_surface,1.0,0,2557,0.00902360883413585,7.798230036561814,0.9938368209780737
HEA_surface,1.0,0,2557,0.010154588104523677,7.787504584744094,0.9924699276076422
HEA_surface,1.0,0,2557,0.011427319320674952,7.775559938971676,0.9909476554091416
HEA_surface,1.0,0,2557,0.01285956904529672,7.7618028914927795,0.9891944036753035
HEA_surface,1.0,0,2557,0.01447133062358375,7.74462582395233,0.987005291259013
HEA_surface,1.0,0,2557,0.016285103278298914,7.7205301627316185,0.9839344463064174
HEA_surface,1.0,0,2557,0.018326206185398135,7.682985105434546,0.9791495579134593
HEA_surface,1.0,0,2557,0.020623131914506758,7.621632876087269,0.9713305907518675
HEA_surface,1.0,0,2557,0.023207944168063883,7.522911412525742,0.9587491427760717
HEA_surface,1.0,0,2557,0.026116725371334214,7.37274906449245,0.9396118680483044
HEA_surface,1.0,0,2557,0.029390080361374554,7.160588528778494,0.9125733027120185
HEA_surface,1.0,0,2557,0.03307370320615074,6.882924513772674,0.8771867187462219
HEA_surface,1.0,0,2557,0.03721901506625844,6.5446879673315665,0.8340805353587618
HEA_surface,1.0,0,2557,0.04188388200341457,6.158347127298823,0.7848437533618274
HEA_surface,1.0,0,2557,0.047133422755894265,5.741239547962279,0.7316859382281183
HEA_surface,1.0,0,2557,0.05304091775697241,5.311423967641803,0.6769085659334068
HEA_surface,1.0,0,2557,0.05968883208572181,4.883596599747963,0.622384579177241
HEA_surface,1.0,0,2557,0.067169966629945,4.4669803999198,0.5692893873626971
HEA_surface,1.0,0,2557,0.0755887535307831,4.0655838755941085,0.5181338502963174
HEA_surface,1.0,0,2557,0.08506271399262945,3.679717185978187,0.46895749587598823
HEA_surface,1.0,0,2557,0.09572409880849786,3.307566320363251,0.42152913950884857
HEA_surface,1.0,0,2557,0.10772173450159415,2.946556639995757,0.375520659200293
HEA_surface,1.0,0,2557,0.1212231008541164,2.5949324403570717,0.3307083011255184
HEA_surface,1.0,0,2557,0.1364166688243384,2.2536111574636806,0.2872089869051746
HEA_surface,1.0,0,2557,0.15351453148789246,1.9272369583698181,0.24561458728424235
HEA_surface,1.0,0,2557,0.1727553647296109,1.6231016431885565,0.2068543976809905
HEA_surface,1.0,0,2557,0.19440775901540433,1.3483217714632687,0.1718353801726759
HEA_surface,1.0,0,2557,0.2187739687537092,1.107361621042704,0.14112647972300985
HEA_surface,1.0,0,2557,0.24619413158533693,0.901300232670858,0.11486521348879465
HEA_surface,1.0,0,2557,0.27705101650047453,0.7285000279814395,0.09284288210234981
HEA_surface,1.0,0,2557,0.3117753670636956,0.5857097041724396,0.07464512686617143
HEA_surface,1.0,0,2557,0.35085191433519125,0.4690011753901179,0.059771337213617215
HEA_surface,1.0,0,2557,0.3948261434249862,0.37438349582187913,0.04771289145996007
HEA_surface,1.0,0,2557,0.4443119081371701,0.29814126448573686,0.037996284427321926
HEA_surface,1.0,0,2557,0.5,0.2369878111106427,0.03020265005013826
HEA_surface,0.25,0,639,0.004999999999999999,6.45781289088263,0.9996762237723985
HEA_surface,0.25,0,639,0.005626677913003822,6.456812658131467,0.999521386691103
HEA_surface,0.25,0,639,0.006331900867337016,6.455372616382212,0.9992984667145887
HEA_surface,0.25,0,639,0.007125513351514988,6.453392466705554,0.9989919374631667
HEA_surface,0.25,0,639,0.008018593718756654,6.45081538556371,0.9985930025934571
HEA_surface,0.25,0,639,0.00902360883413585,6.447623691030828,0.9980989249247512
HEA_surface,0.25,0,639,0.010154588104523677,6.4437920443773145,0.9975057819950724
HEA_surface,0.25,0,639,0.011427319320674952,6.439231175095098,0.9967997546359332
HEA_surface,0.25,0,639,0.01285956904529672,6.433741554456914,0.9959499555906137
HEA_surface,0.25,0,639,0.01447133062358375,6.4269144267571034,0.9948931090462064
HEA_surface,0.25,0,639,0.016285103278298914,6.417867891605941,0.9934926958953538
HEA_surface,0.25,0,639,0.018326206185398135,6.404767161507207,0.991464689104966
HEA_surface,0.25,0,639,0.020623131914506758,6.384187129828792,0.9882788785680208
HEA_surface,0.25,0,639,0.023207944168063883,6.350443455212576,0.9830553222670682
HEA_surface,0.25,0,639,0.026116725371334214,6.295156946819396,0.9744969126522455
HEA_surface,0.25,0,639,0.029390080361374554,6.207615975439153,0.9609454782620788
HEA_surface,0.25,0,639,0.03307370320615074,6.0765495798848645,0.9406562624571188
HEA_surface,0.25,0,639,0.03721901506625844,5.893097367159544,0.9122576670876462
HEA_surface,0.25,0,639,0.04188388200341457,5.653949913167022,0.8752373898248046
HEA_surface,0.25,0,639,0.047133422755894265,5.363596325094306,0.8302903491799607
HEA_surface,0.25,0,639,0.05304091775697241,5.033920305925642,0.779256154866876
HEA_surface,0.25,0,639,0.05968883208572181,4.680325084930678,0.7245192429679158
HEA_surface,0.25,0,639,0.067169966629945,4.316853251604524,0.6682534210980816
HEA_surface,0.25,0,639,0.0755887535307831,3.953131308259107,0.6119488819343574
HEA_surface,0.25,0,639,0.08506271399262945,3.59396601284422,0.5563497166600939
HEA_surface,0.25,0,639,0.09572409880849786,3.240756984476482,0.5016725877857826
HEA_surface,0.25,0,639,0.10772173450159415,2.893407577659608,0.4479025344870076
HEA_surface,0.25,0,639,0.1212231008541164,2.5520439515812594,0.3950590863386338
HEA_surface,0.25,0,639,0.1364166688243384,2.218781023375018,0.34346963473607844
HEA_surface,0.25,0,639,0.15351453148789246,1.8989356127193375,0.2939572289544514
HEA_surface,0.25,0,639,0.1727553647296109,1.6001772593083956,0.24770912180040688
HEA_surface,0.25,0,639,0.19440775901540433,1.3298426692863259,0.2058610430971873
HEA_surface,0.25,0,639,0.2187739687537092,1.0925407135984941,0.1691264509118455
HEA_surface,0.25,0,639,0.24619413158533693,0.8894667014736206,0.13769038036946138
HEA_surface,0.25,0,639,0.27705101650047453,0.7190868662470877,0.11131540277810158
HEA_surface,0.25,0,639,0.3117753670636956,0.5782435135803073,0.08951270373487683
HEA_surface,0.25,0,639,0.35085191433519125,0.4630917017651929,0.07168708222168521
HEA_surface,0.25,0,639,0.3948261434249862,0.36971282158292945,0.05723193341232697
HEA_surface,0.25,0,639,0.4443119081371701,0.2944529993759993,0.04558163382377337
HEA_surface,0.25,0,639,0.5,0.2340768021010643,0.03623533501992322
HEA_surface,0.25,1,639,0.004999999999999999,6.454013729636353,0.9990881096179077
HEA_surface,0.25,1,639,0.005626677913003822,6.452491310400724,0.9988524375199099
HEA_surface,0.25,1,639,0.006331900867337016,6.450674514234051,0.998571195563546
HEA_surface,0.25,1,639,0.007125513351514988,6.448444425675427,0.9982259755104672
HEA_surface,0.25,1,639,0.008018593718756654,6.445695476514303,0.9978004352907104
HEA_surface,0.25,1,639,0.00902360883413585,6.442367394744441,0.9972852447343536
HEA_surface,0.25,1,639,0.010154588104523677,6.438436686455236,0.9966767669593393
HEA_surface,0.25,1,639,0.011427319320674952,6.433866884848841,0.9959693568670278
HEA_surface,0.25,1,639,0.01285956904529672,6.428535769397835,0.9951440945912997
HEA_surface,0.25,1,639,0.01447133062358375,6.422129096729918,0.9941523349277994
HEA_surface,0.25,1,639,0.016285103278298914,6.4139095686654235,0.9928799433432884
HEA_surface,0.25,1,639,0.018326206185398135,6.40224020683137,0.9910735138648856
HEA_surface,0.25,1,639,0.020623131914506758,6.383870189803426,0.9882298159189361
HEA_surface,0.25,1,639,0.023207944168063883,6.35318278792664,0.9834793738507115
HEA_surface,0.25,1,639,0.026116725371334214,6.3017475090550255,0.9755171386141269
HEA_surface,0.25,1,639,0.029390080361374554,6.218678379429327,0.9626579500282327
HEA_surface,0.25,1,639,0.03307370320615074,6.092418888555133,0.9431128481206288
HEA_surface,0.25,1,639,0.03721901506625844,5.914013429346316,0.9154954955005105
HEA_surface,0.25,1,639,0.04188388200341457,5.680436106896016,0.8793374804555639
HEA_surface,0.25,1,639,0.047133422755894265,5.3960637982940565,0.8353163481601389
HEA_surface,0.25,1,639,0.05304091775697241,5.071747638022018,0.7851118656383785
HEA_surface,0.25,1,639,0.05968883208572181,4.721872623462378,0.7309508456061785
HEA_surface,0.25,1,639,0.067169966629945,4.360231143953384,0.6749683644312551
HEA_surface,0.25,1,639,0.0755887535307831,3.996838660481084,0.6187148260022078
HEA_surface,0.25,1,639,0.08506271399262945,3.6372357858999433,0.563047923013038
HEA_surface,0.25,1,639,0.09572409880849786,3.283485565645743,0.5082870170658172
HEA_surface,0.25,1,639,0.10772173450159415,2.9356742852797755,0.45444546525613466
HEA_surface,0.25,1,639,0.1212231008541164,2.5937096767622134,0.40150898439443544
HEA_surface,0.25,1,639,0.1364166688243384,2.2593456836560386,0.34974908678796324
HEA_surface,0.25,1,639,0.15351453148789246,1.9375313251096922,0.29993188580316077
HEA_surface,0.25,1,639,0.1727553647296109,1.6357743536022553,0.25321958941571926
HEA_surface,0.25,1,639,0.19440775901540433,1.361606997152142,0.21077819444054674
HEA_surface,0.25,1,639,0.2187739687537092,1.1200626802436597,0.17338688027880236
HEA_surface,0.25,1,639,0.24619413158533693,0.9127568260685355,0.14129571613865102
HEA_surface,0.25,1,639,0.27705101650047453,0.7384460906935757,0.11431223107226764
HEA_surface,0.25,1,639,0.3117753670636956,0.5941234460256579,0.09197093396993697
HEA_surface,0.25,1,639,0.35085191433519125,0.47599168761538596,0.0736840135913824
HEA_surface,0.25,1,639,0.3948261434249862,0.38011775142638704,0.0588426274894517
HEA_surface,0.25,1,639,0.4443119081371701,0.302801688459394,0.04687401966978031
HEA_surface,0.25,1,639,0.5,0.2407497789846081,0.03726831885593366
HEA_surface,0.25,2,639,0.004999999999999999,6.456908792039956,0.9995362683211902
HEA_surface,0.25,2,639,0.005626677913003822,6.45563486413583,0.999339062942516
HEA_surface,0.25,2,639,0.006331900867337016,6.453944438866781,0.9990773833339416
HEA_surface,0.25,2,639,0.007125513351514988,6.4517237085364885,0.9987336119444457
HEA_surface,0.25,2,639,0.008018593718756654,6.448883925640807,0.9982940105670975
HEA_surface,0.25,2,639,0.00902360883413585,6.445382862158613,0.9977520422598386
HEA_surface,0.25,2,639,0.010154588104523677,6.441205947333279,0.9971054514542262
HEA_surface,0.25,2,639,0.011427319320674952,6.436320393924741,0.996349162651034
HEA_surface,0.25,2,639,0.01285956904529672,6.430623227492938,0.9954672352986964
HEA_surface,0.25,2,639,0.01447133062358375,6.423843897090966,0.9944177878262375
HEA_surface,0.25,2,639,0.016285103278298914,6.41529501945352,0.9930944125816311
HEA_surface,0.25,2,639,0.018326206185398135,6.403366228964275,0.9912478232747008
HEA_surface,0.25,2,639,0.020623131914506758,6.384746736583048,0.9883655062818217
HEA_surface,0.25,2,639,0.023207944168063883,6.353537532280475,0.983534288649582
HEA_surface,0.25,2,639,0.026116725371334214,6.3006898058103555,0.9753534050400253
HEA_surface,0.25,2,639,0.029390080361374554,6.214500183543377,0.9620111609130906
HEA_surface,0.25,2,639,0.03307370320615074,6.082798321320981,0.9416235741999235
HEA_surface,0.25,2,639,0.03721901506625844,5.896597134159258,0.9127994346980545
HEA_surface,0.25,2,639,0.04188388200341457,5.653758983467828,0.8752078337066697
HEA_surface,0.25,2,639,0.047133422755894265,5.360660632436228,0.829835900870576
HEA_surface,0.25,2,639,0.05304091775697241,5.030398502038094,0.7787109759230664
HEA_surface,0.25,2,639,0.05968883208572181,4.678244099739174,0.7241971042728002
HEA_surface,0.25,2,639,0.067169966629945,4.317244873554405,0.6683140445875848
HEA_surface,0.25,2,639,0.0755887535307831,3.9562232633256693,0.6124275198288338
HEA_surface,0.25,2,639,0.08506271399262945,3.599989919501929,0.5572822237428615
HEA_surface,0.25,2,639,0.09572409880849786,3.2502925959716364,0.5031487104687881
HEA_surface,0.25,2,639,0.10772173450159415,2.906900702844058,0.4499912844491385
HEA_surface,0.25,2,639,0.1212231008541164,2.5692573504648966,0.39772373858004156
HEA_surface,0.25,2,639,0.1364166688243384,2.2386956283656745,0.34655243652228157
HEA_surface,0.25,2,639,0.15351453148789246,1.9200168886427191,0.2972206326274107
HEA_surface,0.25,2,639,0.1727553647296109,1.620840111702914,0.25090775307126356
HEA_surface,0.25,2,639,0.19440775901540433,1.34887714389807,0.2088075997755675
HEA_surface,0.25,2,639,0.2187739687537092,1.1092800402362113,0.17171771627125398
HEA_surface,0.25,2,639,0.24619413158533693,0.9037114205997645,0.13989547786381998
HEA_surface,0.25,2,639,0.27705101650047453,0.7309373960487119,0.11314987724832283
HEA_surface,0.25,2,639,0.3117753670636956,0.5879511988756506,0.09101546362303041
HEA_surface,0.25,2,639,0.35085191433519125,0.47096049117869526,0.07290517909433634
HEA_surface,0.25,2,639,0.3948261434249862,0.37604475468016235,0.05821212331172124
HEA_surface,0.25,2,639,0.4443119081371701,0.29952239043390694,0.04636638088833288
HEA_surface,0.25,2,639,0.5,0.2381208175890398,0.03686135286841247
HEA_surface,0.5,0,1278,0.004999999999999999,7.146245914872325,0.9990485571176484
HEA_surface,0.5,0,1278,0.005626677913003822,7.144305308491649,0.9987772594282542
HEA_surface,0.5,0,1278,0.006331900867337016,7.141805318683585,0.9984277596712758
HEA_surface,0.5,0,1278,0.007125513351514988,7.138571993287641,0.9979757392524449
HEA_surface,0.5,0,1278,0.008018593718756654,7.134487678022241,0.9974047500475787
HEA_surface,0.5,0,1278,0.00902360883413585,7.129517066027899,0.9967098561410305
HEA_surface,0.5,0,1278,0.010154588104523677,7.123659301659739,0.9958909379132425
HEA_surface,0.5,0,1278,0.011427319320674952,7.116843956368854,0.9949381494197835
HEA_surface,0.5,0,1278,0.01285956904529672,7.10876797125132,0.9938091228826217
HEA_surface,0.5,0,1278,0.01447133062358375,7.098597269772631,0.9923872540079427
HEA_surface,0.5,0,1278,0.016285103278298914,7.084443033505767,0.9904084850867553
HEA_surface,0.5,0,1278,0.018326206185398135,7.062629108663522,0.9873588880817931
HEA_surface,0.5,0,1278,0.020623131914506758,7.026925079444182,0.9823674479186951
HEA_surface,0.5,0,1278,0.023207944168063883,6.968052205006263,0.9741369922415171
HEA_surface,0.5,0,1278,0.026116725371334214,6.874020223203054,0.9609912767340362
HEA_surface,0.5,0,1278,0.029390080361374554,6.732107986923303,0.9411518790164786
HEA_surface,0.5,0,1278,0.03307370320615074,6.532592660461459,0.9132595420609677
HEA_surface,0.5,0,1278,0.03721901506625844,6.272377271982279,0.8768813077409165
HEA_surface,0.5,0,1278,0.04188388200341457,5.956432528085693,0.8327120831887793
HEA_surface,0.5,0,1278,0.047133422755894265,5.596990908889588,0.7824619749076518
HEA_surface,0.5,0,1278,0.05304091775697241,5.210526751975943,0.7284341030793474
HEA_surface,0.5,0,1278,0.05968883208572181,4.813017556049265,0.6728621295757404
HEA_surface,0.5,0,1278,0.067169966629945,4.41639181071948,0.6174136628832095
HEA_surface,0.5,0,1278,0.0755887535307831,4.02763606746743,0.563065426201503
HEA_surface,0.5,0,1278,0.08506271399262945,3.6496091330748546,0.5102170820701413
HEA_surface,0.5,0,1278,0.09572409880849786,3.282386260517012,0.45887915089063963
HEA_surface,0.5,0,1278,0.10772173450159415,2.9247122442576337,0.4088761543356588
HEA_surface,0.5,0,1278,0.1212231008541164,2.5757118993157575,0.3600857411311375
HEA_surface,0.5,0,1278,0.1364166688243384,2.2367970149765166,0.3127052800865273
HEA_surface,0.5,0,1278,0.15351453148789246,1.9127846613444999,0.2674081998796054
HEA_surface,0.5,0,1278,0.1727553647296109,1.6109399324168412,0.22521016408557232
HEA_surface,0.5,0,1278,0.19440775901540433,1.338285078426947,0.18709288660666074
HEA_surface,0.5,0,1278,0.2187739687537092,1.09920573642453,0.1536694815756265
HEA_surface,0.5,0,1278,0.24619413158533693,0.8947454686084222,0.12508583948118565
HEA_surface,0.5,0,1278,0.27705101650047453,0.7232701120306122,0.10111350357069439
HEA_surface,0.5,0,1278,0.3117753670636956,0.5815554672554921,0.0813017292388908
HEA_surface,0.5,0,1278,0.35085191433519125,0.4657100564911235,0.06510648605085792
HEA_surface,0.5,0,1278,0.3948261434249862,0.37178008752569097,0.05197503198632236
HEA_surface,0.5,0,1278,0.4443119081371701,0.29608359243660143,0.04139262618914246
HEA_surface,0.5,0,1278,0.5,0.2353622241305735,0.032903750195371076
HEA_surface,0.5,1,1278,0.004999999999999999,7.149076503318322,0.9994442747204925
HEA_surface,0.5,1,1278,0.005626677913003822,7.147087096487676,0.999166154705123
HEA_surface,0.5,1,1278,0.006331900867337016,7.144199622267769,0.9987624844441951
HEA_surface,0.5,1,1278,0.007125513351514988,7.140231690561854,0.9982077657159624
HEA_surface,0.5,1,1278,0.008018593718756654,7.135133688586618,0.9974950626298646
HEA_surface,0.5,1,1278,0.00902360883413585,7.1289868622937425,0.9966357334083542
HEA_surface,0.5,1,1278,0.010154588104523677,7.121910656968917,0.9956464765588352
HEA_surface,0.5,1,1278,0.011427319320674952,7.113915661195475,0.994528772370263
HEA_surface,0.5,1,1278,0.01285956904529672,7.104733471322992,0.9932450978854271
HEA_surface,0.5,1,1278,0.01447133062358375,7.093557309866335,0.9916826652305208
HEA_surface,0.5,1,1278,0.016285103278298914,7.078550298672129,0.9895846779713617
HEA_surface,0.5,1,1278,0.018326206185398135,7.0560784943810075,0.9864431091084498
HEA_surface,0.5,1,1278,0.020623131914506758,7.019867277991453,0.9813807639391952
HEA_surface,0.5,1,1278,0.023207944168063883,6.960554176020101,0.973088764244736
HEA_surface,0.5,1,1278,0.026116725371334214,6.8662869964459325,0.9599101679776908
HEA_surface,0.5,1,1278,0.029390080361374554,6.724849243277865,0.9401371032234472
HEA_surface,0.5,1,1278,0.03307370320615074,6.526946514622231,0.9124702082035618
HEA_surface,0.5,1,1278,0.03721901506625844,6.269265179328452,0.8764462357167435
HEA_surface,0.5,1,1278,0.04188388200341457,5.956211697359983,0.8326812109489325
HEA_surface,0.5,1,1278,0.047133422755894265,5.599585517261312,0.7828247023845585
HEA_surface,0.5,1,1278,0.05304091775697241,5.215481050050354,0.7291267162921771
HEA_surface,0.5,1,1278,0.05968883208572181,4.819695273235103,0.6737956775950533
HEA_surface,0.5,1,1278,0.067169966629945,4.424253511158284,0.618512732320987
HEA_surface,0.5,1,1278,0.0755887535307831,4.036305230632656,0.5642773793101431
HEA_surface,0.5,1,1278,0.08506271399262945,3.6587485335662535,0.511494774579274
HEA_surface,0.5,1,1278,0.09572409880849786,3.291523197571881,0.4601564990101808
HEA_surface,0.5,1,1278,0.10772173450159415,2.9331707369049367,0.41005865560630383
HEA_surface,0.5,1,1278,0.1212231008541164,2.5827552672489684,0.3610704072977858
HEA_surface,0.5,1,1278,0.1364166688243384,2.241937780733452,0.3134239615695221
HEA_surface,0.5,1,1278,0.15351453148789246,1.9159969972900093,0.26785728596334335
HEA_surface,0.5,1,1278,0.1727553647296109,1.6125829229597546,0.22543985494015648
HEA_surface,0.5,1,1278,0.19440775901540433,1.3388544340180304,0.18717248278744356
HEA_surface,0.5,1,1278,0.2187739687537092,1.0991388013922745,0.15366012402647522
HEA_surface,0.5,1,1278,0.24619413158533693,0.8943534772201895,0.12503103889980607
HEA_surface,0.5,1,1278,0.27705101650047453,0.7227477160019133,0.10104047235893193
HEA_surface,0.5,1,1278,0.3117753670636956,0.581012902471089,0.0812258784255466
HEA_surface,0.5,1,1278,0.35085191433519125,0.4652033989356764,0.06503565508509607
HEA_surface,0.5,1,1278,0.3948261434249862,0.37133334556682,0.05191257724928552
HEA_surface,0.5,1,1278,0.4443119081371701,0.2957030747887263,0.04133942964208882
HEA_surface,0.5,1,1278,0.5,0.23504523952808298,0.03285943559809594
HEA_surface,0.5,2,1278,0.004999999999999999,7.1462115466745075,0.9990437524273468
HEA_surface,0.5,2,1278,0.005626677913003822,7.1442891644221005,0.9987750024796995
HEA_surface,0.5,2,1278,0.006331900867337016,7.141590579861192,0.9983977390823926
HEA_surface,0.5,2,1278,0.007125513351514988,7.137902675911195,0.9978821683668138
HEA_surface,0.5,2,1278,0.008018593718756654,7.133133456532655,0.9972154292431584
HEA_surface,0.5,2,1278,0.00902360883413585,7.127326251457436,0.9964035792284242
HEA_surface,0.5,2,1278,0.010154588104523677,7.120572822332864,0.9954594466442853
HEA_surface,0.5,2,1278,0.011427319320674952,7.11287347457242,0.9943830741876909
HEA_surface,0.5,2,1278,0.01285956904529672,7.103967605511901,0.9931380294829917
HEA_surface,0.5,2,1278,0.01447133062358375,7.093072084753915,0.9916148305304259
HEA_surface,0.5,2,1278,0.016285103278298914,7.078420473913069,0.9895665284086737
HEA_surface,0.5,2,1278,0.018326206185398135,7.0565524909531,0.986509374053299
HEA_surface,0.5,2,1278,0.020623131914506758,7.021477904565004,0.9816059302955632
HEA_surface,0.5,2,1278,0.023207944168063883,6.964147430890642,0.9735911029742638
HEA_surface,0.5,2,1278,0.026116725371334214,6.872885525568963,0.9608326454683889
HEA_surface,0.5,2,1278,0.029390080361374554,6.735190180060693,0.9415827710741194
HEA_surface,0.5,2,1278,0.03307370320615074,6.540864139887417,0.9144158987948626
HEA_surface,0.5,2,1278,0.03721901506625844,6.285764849055139,0.8787528973443625
HEA_surface,0.5,2,1278,0.04188388200341457,5.974204548549463,0.8351966200509161
HEA_surface,0.5,2,1278,0.047133422755894265,5.618204366507705,0.7854276263108241
HEA_surface,0.5,2,1278,0.05304091775697241,5.234047796994507,0.7317223562919597
HEA_surface,0.5,2,1278,0.05968883208572181,4.8378018279249995,0.6763269825001457
HEA_surface,0.5,2,1278,0.067169966629945,4.44169532553456,0.620951106215995
HEA_surface,0.5,2,1278,0.0755887535307831,4.052952275990202,0.5666046441206245
HEA_surface,0.5,2,1278,0.08506271399262945,3.6745568267900586,0.5137047814449581
HEA_surface,0.5,2,1278,0.09572409880849786,3.306582879442003,0.4622618496547318
HEA_surface,0.5,2,1278,0.10772173450159415,2.947686089661882,0.412087908783514
HEA_surface,0.5,2,1278,0.1212231008541164,2.596910676985831,0.36304934027063385
HEA_surface,0.5,2,1278,0.1364166688243384,2.2557181600215266,0.31535046510834286
HEA_surface,0.5,2,1278,0.15351453148789246,1.9291377738620161,0.2696943727401008
HEA_surface,0.5,2,1278,0.1727553647296109,1.6247026654856744,0.2271342006746013
HEA_surface,0.5,2,1278,0.19440775901540433,1.3496396852214068,0.1886802660041476
HEA_surface,0.5,2,1278,0.2187739687537092,1.1084425145766155,0.15496078752775613
HEA_surface,0.5,2,1278,0.24619413158533693,0.9021883179710766,0.12612635334051547
HEA_surface,0.5,2,1278,0.27705101650047453,0.7292308616653503,0.10194681918743399
HEA_surface,0.5,2,1278,0.3117753670636956,0.586310941228019,0.08196654674828774
HEA_surface,0.5,2,1278,0.35085191433519125,0.4694946758792506,0.06563557763040727
HEA_surface,0.5,2,1278,0.3948261434249862,0.3747870943928595,0.052395412967843794
HEA_surface,0.5,2,1278,0.4443119081371701,0.29846991546458596,0.04172623527653239
HEA_surface,0.5,2,1278,0.5,0.23725424255228675,0.033168255265133485
HEA_surface,0.75,0,1918,0.004999999999999999,7.5468781358486074,0.9983913139232997
HEA_surface,0.75,0,1918,0.005626677913003822,7.54341626587568,0.997933336353146
HEA_surface,0.75,0,1918,0.006331900867337016,7.538876434849831,0.9973327532005762
HEA_surface,0.75,0,1918,0.007125513351514988,7.533043295927598,0.9965610758092054
HEA_surface,0.75,0,1918,0.008018593718756654,7.525868652567303,0.9956119281639837
HEA_surface,0.75,0,1918,0.00902360883413585,7.517452237143442,0.9944985040563864
HEA_surface,0.75,0,1918,0.010154588104523677,7.507911137145145,0.9932362932200507
HEA_surface,0.75,0,1918,0.011427319320674952,7.4972006293818065,0.9918193791363541
HEA_surface,0.75,0,1918,0.01285956904529672,7.484881194633553,0.9901896169454588
HEA_surface,0.75,0,1918,0.01447133062358375,7.46974507935396,0.9881872305613585
HEA_surface,0.75,0,1918,0.016285103278298914,7.449195956736193,0.9854687468173492
HEA_surface,0.75,0,1918,0.018326206185398135,7.418364382334348,0.9813899773548924
HEA_surface,0.75,0,1918,0.020623131914506758,7.369203488416621,0.9748863862555451
HEA_surface,0.75,0,1918,0.023207944168063883,7.2902956863026604,0.9644475183139605
HEA_surface,0.75,0,1918,0.026116725371334214,7.1683541531974475,0.9483156336767314
HEA_surface,0.75,0,1918,0.029390080361374554,6.9914886291734195,0.9249177465319397
HEA_surface,0.75,0,1918,0.03307370320615074,6.752851409846917,0.8933479606329656
HEA_surface,0.75,0,1918,0.03721901506625844,6.453013814749735,0.8536818569614748
HEA_surface,0.75,0,1918,0.04188388200341457,6.100379344891935,0.8070311511519279
HEA_surface,0.75,0,1918,0.047133422755894265,5.709672056693415,0.7553437175135063
HEA_surface,0.75,0,1918,0.05304091775697241,5.298398366904686,0.7009355142619135
HEA_surface,0.75,0,1918,0.05968883208572181,4.882293318001849,0.6458881610350405
HEA_surface,0.75,0,1918,0.067169966629945,4.47227826562595,0.5916464653959637
HEA_surface,0.75,0,1918,0.0755887535307831,4.074086223130472,0.5389688589281391
HEA_surface,0.75,0,1918,0.08506271399262945,3.6894430542193954,0.48808365952673527
HEA_surface,0.75,0,1918,0.09572409880849786,3.317518384292332,0.4388810153068526
HEA_surface,0.75,0,1918,0.10772173450159415,2.9563275970189435,0.3910983774807655
HEA_surface,0.75,0,1918,0.1212231008541164,2.6043720392917096,0.34453748628884895
HEA_surface,0.75,0,1918,0.1364166688243384,2.262590216682054,0.29932249847429027
HEA_surface,0.75,0,1918,0.15351453148789246,1.935567198848345,0.2560599818971034
HEA_surface,0.75,0,1918,0.1727553647296109,1.6305881933102333,0.21571371095205408
HEA_surface,0.75,0,1918,0.19440775901540433,1.3548430740196706,0.1792348481692134
HEA_surface,0.75,0,1918,0.2187739687537092,1.112896949246245,0.1472273206773137
HEA_surface,0.75,0,1918,0.24619413158533693,0.9059076970505056,0.11984430643648972
HEA_surface,0.75,0,1918,0.27705101650047453,0.7322810963793525,0.09687490281611225
HEA_surface,0.75,0,1918,0.3117753670636956,0.5887811107556301,0.07789100820221931
HEA_surface,0.75,0,1918,0.35085191433519125,0.47147787575087374,0.062372733120030846
HEA_surface,0.75,0,1918,0.3948261434249862,0.37637006277043017,0.04979073396002462
HEA_surface,0.75,0,1918,0.4443119081371701,0.299728532488341,0.039651675565010105
HEA_surface,0.75,0,1918,0.5,0.23825242837477856,0.031518881149094485
HEA_surface,0.75,1,1918,0.004999999999999999,7.5503371806620105,0.9988489177475577
HEA_surface,0.75,1,1918,0.005626677913003822,7.54706917495562,0.9984165868615436
HEA_surface,0.75,1,1918,0.006331900867337016,7.54264958479114,0.9978319106084108
HEA_surface,0.75,1,1918,0.007125513351514988,7.536902422495571,0.9970716072336487
HEA_surface,0.75,1,1918,0.008018593718756654,7.529834309965951,0.9961365527610073
HEA_surface,0.75,1,1918,0.00902360883413585,7.521603357274015,0.9950476638820538
HEA_surface,0.75,1,1918,0.010154588104523677,7.512379240694611,0.993827387404056
HEA_surface,0.75,1,1918,0.011427319320674952,7.502162390270092,0.9924757802181601
HEA_surface,0.75,1,1918,0.01285956904529672,7.490570462483058,0.9909422613503747
HEA_surface,0.75,1,1918,0.01447133062358375,7.4764592957553875,0.9890754674209341
HEA_surface,0.75,1,1918,0.016285103278298914,7.4571915851463535,0.9865265041854115
HEA_surface,0.75,1,1918,0.018326206185398135,7.427563933407322,0.9826070040138526
HEA_surface,0.75,1,1918,0.020623131914506758,7.378833354045334,0.9761603400712674
HEA_surface,0.75,1,1918,0.023207944168063883,7.298756607364194,0.9655668301596757
HEA_surface,0.75,1,1918,0.026116725371334214,7.173490243919477,0.9489950971942406
HEA_surface,0.75,1,1918,0.029390080361374554,6.9911013319399595,0.9248665102211324
HEA_surface,0.75,1,1918,0.03307370320615074,6.745287347973607,0.8923472960487027
HEA_surface,0.75,1,1918,0.03721901506625844,6.437763202922747,0.8516643236045024
HEA_surface,0.75,1,1918,0.04188388200341457,6.078459690839724,0.8041313571157717
HEA_surface,0.75,1,1918,0.047133422755894265,5.6833590902439415,0.7518627235615938
HEA_surface,0.75,1,1918,0.05304091775697241,5.270303958000264,0.6972188497928337
HEA_surface,0.75,1,1918,0.05968883208572181,4.854594503517262,0.6422238305278308
HEA_surface,0.75,1,1918,0.067169966629945,4.446456917520939,0.5882305085992883
HEA_surface,0.75,1,1918,0.0755887535307831,4.050931260922867,0.5359056435527002
HEA_surface,0.75,1,1918,0.08506271399262945,3.6691867613669995,0.4854039148068552
HEA_surface,0.75,1,1918,0.09572409880849786,3.300049187318886,0.43656998096847416
HEA_surface,0.75,1,1918,0.10772173450159415,2.941361314612886,0.38911845862068034
HEA_surface,0.75,1,1918,0.1212231008541164,2.591569276121703,0.3428437836328547
HEA_surface,0.75,1,1918,0.1364166688243384,2.251653926386953,0.2978757151765307
HEA_surface,0.75,1,1918,0.15351453148789246,1.92628834245627,0.25483246378189967
HEA_surface,0.75,1,1918,0.1727553647296109,1.622814181910092,0.2146852717330115
HEA_surface,0.75,1,1918,0.19440775901540433,1.3484230122414609,0.1783855256018105
HEA_surface,0.75,1,1918,0.2187739687537092,1.1076615292151488,0.1465347166906457
HEA_surface,0.75,1,1918,0.24619413158533693,0.9016797603613609,0.11928498439759144
HEA_surface,0.75,1,1918,0.27705101650047453,0.7288911577683888,0.09642644118694632
HEA_surface,0.75,1,1918,0.3117753670636956,0.5860770034143362,0.07753327653716964
HEA_surface,0.75,1,1918,0.35085191433519125,0.46932858737789995,0.062088399544734274
HEA_surface,0.75,1,1918,0.3948261434249862,0.37466594002955367,0.049565292219516256
HEA_surface,0.75,1,1918,0.4443119081371701,0.29837956779921415,0.03947321837991047
HEA_surface,0.75,1,1918,0.5,0.23718572340266833,0.0313777646556911
HEA_surface,0.75,2,1918,0.004999999999999999,7.547730271706894,0.9985040446476975
HEA_surface,0.75,2,1918,0.005626677913003822,7.5445463795811865,0.9980828413122844
HEA_surface,0.75,2,1918,0.006331900867337016,7.5404081958526055,0.9975353928686149
HEA_surface,0.75,2,1918,0.007125513351514988,7.535114491488625,0.9968350783332085
HEA_surface,0.75,2,1918,0.008018593718756654,7.528610520151669,0.9959746552056667
HEA_surface,0.75,2,1918,0.00902360883413585,7.520981928313299,0.9949654538257324
HEA_surface,0.75,2,1918,0.010154588104523677,7.512338276708093,0.993821968197917
HEA_surface,0.75,2,1918,0.011427319320674952,7.5026335835188425,0.9925381152974159
HEA_surface,0.75,2,1918,0.01285956904529672,7.491433754139671,0.9910564678972184
HEA_surface,0.75,2,1918,0.01447133062358375,7.477538487776323,0.9892182358505235
HEA_surface,0.75,2,1918,0.016285103278298914,7.458313449029832,0.9866749177594096
HEA_surface,0.75,2,1918,0.018326206185398135,7.428694128305783,0.9827565197141663
HEA_surface,0.75,2,1918,0.020623131914506758,7.380172408778872,0.976337486248901
HEA_surface,0.75,2,1918,0.023207944168063883,7.300658248350473,0.9658184019763563
HEA_surface,0.75,2,1918,0.026116725371334214,7.176273269360759,0.9493632690895578
HEA_surface,0.75,2,1918,0.029390080361374554,6.995033130928027,0.9253866556225975
HEA_surface,0.75,2,1918,0.03307370320615074,6.750792227281734,0.8930755473317495
HEA_surface,0.75,2,1918,0.03721901506625844,6.44540298674536,0.8526750055939885
HEA_surface,0.75,2,1918,0.04188388200341457,6.088382907331826,0.8054441188927023
HEA_surface,0.75,2,1918,0.047133422755894265,5.694838090544436,0.7533813030306458
HEA_surface,0.75,2,1918,0.05304091775697241,5.282128044763979,0.6987830814270896
HEA_surface,0.75,2,1918,0.05968883208572181,4.8658110740725995,0.643707692651066
HEA_surface,0.75,2,1918,0.067169966629945,4.456665513393898,0.5895810237743647
HEA_surface,0.75,2,1918,0.0755887535307831,4.060154075033391,0.5371257477245348
HEA_surface,0.75,2,1918,0.08506271399262945,3.67766773438954,0.48652587936582975
HEA_surface,0.75,2,1918,0.09572409880849786,3.308124672661007,0.4376383027667275
HEA_surface,0.75,2,1918,0.10772173450159415,2.949353088367738,0.3901757060488299
HEA_surface,0.75,2,1918,0.1212231008541164,2.599661643366065,0.34391433877107414
HEA_surface,0.75,2,1918,0.1364166688243384,2.2598073905168787,0.2989543529416001
HEA_surface,0.75,2,1918,0.15351453148789246,1.9342588711319122,0.2558869006568424
HEA_surface,0.75,2,1918,0.1727553647296109,1.6302779804191885,0.2156726722801276
HEA_surface,0.75,2,1918,0.19440775901540433,1.355117139473486,0.1792711048257554
HEA_surface,0.75,2,1918,0.2187739687537092,1.1134523652316817,0.14730079774763236
HEA_surface,0.75,2,1918,0.24619413158533693,0.9065543193133686,0.11992984936417597
HEA_surface,0.75,2,1918,0.27705101650047453,0.7329151596052258,0.09695878428415704
HEA_surface,0.75,2,1918,0.3117753670636956,0.5893541299377603,0.07796681403396219
HEA_surface,0.75,2,1918,0.35085191433519125,0.47197272323194983,0.06243819746408543
HEA_surface,0.75,2,1918,0.3948261434249862,0.3767857793709282,0.04984572992464997
HEA_surface,0.75,2,1918,0.4443119081371701,0.30007163414173826,0.03969706515582877
HEA_surface,0.75,2,1918,0.5,0.23853224766373202,0.03155589899177467
HEA_vacancies,1.0,0,4492,0.004999999999999999,8.405528905684864,0.9994620236039481
HEA_vacancies,1.0,0,4492,0.005626677913003822,8.398557294985904,0.9986330620698025
HEA_vacancies,1.0,0,4492,0.006331900867337016,8.383230383499562,0.9968106109020505
HEA_vacancies,1.0,0,4492,0.007125513351514988,8.352712449913787,0.993181866536277
HEA_vacancies,1.0,0,4492,0.008018593718756654,8.297924806568805,0.9866673247982749
HEA_vacancies,1.0,0,4492,0.00902360883413585,8.209265480451595,0.9761252601064816
HEA_vacancies,1.0,0,4492,0.010154588104523677,8.079260542734662,0.9606669826337585
HEA_vacancies,1.0,0,4492,0.011427319320674952,7.904923401854348,0.939937370783192
HEA_vacancies,1.0,0,4492,0.01285956904529672,7.688733427806215,0.9142312348136997
HEA_vacancies,1.0,0,4492,0.01447133062358375,7.437949737919313,0.8844117223245204
HEA_vacancies,1.0,0,4492,0.016285103278298914,7.162617976468794,0.8516733137663555
HEA_vacancies,1.0,0,4492,0.018326206185398135,6.873098618414627,0.8172479246302085
HEA_vacancies,1.0,0,4492,0.020623131914506758,6.578200203001581,0.7821829370091462
HEA_vacancies,1.0,0,4492,0.023207944168063883,6.284293966640584,0.74723592474624
HEA_vacancies,1.0,0,4492,0.026116725371334214,5.994723816934591,0.7128044962129667
HEA_vacancies,1.0,0,4492,0.029390080361374554,5.709062524508727,0.6788378515678954
HEA_vacancies,1.0,0,4492,0.03307370320615074,5.423203549099218,0.644847701366293
HEA_vacancies,1.0,0,4492,0.03721901506625844,5.131560183455428,0.6101697564484106
HEA_vacancies,1.0,0,4492,0.04188388200341457,4.830588795774897,0.5743826601748344
HEA_vacancies,1.0,0,4492,0.047133422755894265,4.5211016346262785,0.5375829932137419
HEA_vacancies,1.0,0,4492,0.05304091775697241,4.207853305363178,0.5003361033905316
HEA_vacancies,1.0,0,4492,0.05968883208572181,3.8971723282138946,0.4633944853673198
HEA_vacancies,1.0,0,4492,0.067169966629945,3.594479988480154,0.42740275875567374
HEA_vacancies,1.0,0,4492,0.0755887535307831,3.3028653424385426,0.39272822875100294
HEA_vacancies,1.0,0,4492,0.08506271399262945,3.022698653578033,0.3594149216483932
HEA_vacancies,1.0,0,4492,0.09572409880849786,2.7518492012819107,0.3272094834515393
HEA_vacancies,1.0,0,4492,0.10772173450159415,2.486421259412145,0.29564869163476637
HEA_vacancies,1.0,0,4492,0.1212231008541164,2.222363759997141,0.26425085270346177
HEA_vacancies,1.0,0,4492,0.1364166688243384,1.9579798989553598,0.2328142076416227
HEA_vacancies,1.0,0,4492,0.15351453148789246,1.6960537573414096,0.2016697984712252
HEA_vacancies,1.0,0,4492,0.1727553647296109,1.4436135433686252,0.17165331647142945
HEA_vacancies,1.0,0,4492,0.19440775901540433,1.2090827751825697,0.14376636268199092
HEA_vacancies,1.0,0,4492,0.2187739687537092,0.9990417814595602,0.11879137312669907
HEA_vacancies,1.0,0,4492,0.24619413158533693,0.8167060420160757,0.09711068543121622
HEA_vacancies,1.0,0,4492,0.27705101650047453,0.6622021945815957,0.07873935749407446
HEA_vacancies,1.0,0,4492,0.3117753670636956,0.5336118269864534,0.063449279920765
HEA_vacancies,1.0,0,4492,0.35085191433519125,0.4279858087727587,0.0508897854387833
HEA_vacancies,1.0,0,4492,0.3948261434249862,0.34205380627649684,0.04067201400869914
HEA_vacancies,1.0,0,4492,0.4443119081371701,0.2726383404995022,0.03241814650394717
HEA_vacancies,1.0,0,4492,0.5,0.21686063768346822,0.025785881437225502
HEA_vacancies,0.25,0,1123,0.004999999999999999,7.022585132141029,0.9998328782913852
HEA_vacancies,0.25,0,1123,0.005626677913003822,7.020588705659665,0.9995486392543925
HEA_vacancies,0.25,0,1123,0.006331900867337016,7.016057482139799,0.9989035112610964
HEA_vacancies,0.25,0,1123,0.007125513351514988,7.0066157672380065,0.9975592574274106
HEA_vacancies,0.25,0,1123,0.008018593718756654,6.988568816575356,0.994989842562956
HEA_vacancies,0.25,0,1123,0.00902360883413585,6.957059840272738,0.9905037865200786
HEA_vacancies,0.25,0,1123,0.010154588104523677,6.906824094418802,0.9833515271419226
HEA_vacancies,0.25,0,1123,0.011427319320674952,6.833337227631358,0.9728889148482779
HEA_vacancies,0.25,0,1123,0.01285956904529672,6.733948649445542,0.9587385747203944
HEA_vacancies,0.25,0,1123,0.01447133062358375,6.608504257943823,0.9408785666662897
HEA_vacancies,0.25,0,1123,0.016285103278298914,6.459092594406199,0.9196062444666752
HEA_vacancies,0.25,0,1123,0.018326206185398135,6.28915257587573,0.8954112201747577
HEA_vacancies,0.25,0,1123,0.020623131914506758,6.102586274784929,0.8688490470858111
HEA_vacancies,0.25,0,1123,0.023207944168063883,5.903147935308738,0.8404542316086023
HEA_vacancies,0.25,0,1123,0.026116725371334214,5.693687662393277,0.8106325543179611
HEA_vacancies,0.25,0,1123,0.029390080361374554,5.474912486199154,0.7794846778597961
HEA_vacancies,0.25,0,1123,0.03307370320615074,5.244592657533814,0.7466931441312705
HEA_vacancies,0.25,0,1123,0.03721901506625844,4.9987868419662025,0.711696809953005
HEA_vacancies,0.25,0,1123,0.04188388200341457,4.734916686314399,0.6741285851104101
HEA_vacancies,0.25,0,1123,0.047133422755894265,4.454417887577101,0.6341928753935974
HEA_vacancies,0.25,0,1123,0.05304091775697241,4.162921932663395,0.5926914575926556
HEA_vacancies,0.25,0,1123,0.05968883208572181,3.868019690814696,0.5507050734144587
HEA_vacancies,0.25,0,1123,0.067169966629945,3.576610557596629,0.5092160167574854
HEA_vacancies,0.25,0,1123,0.0755887535307831,3.293284079117275,0.46887771922974725
HEA_vacancies,0.25,0,1123,0.08506271399262945,3.0196795948274495,0.42992357999277314
HEA_vacancies,0.25,0,1123,0.09572409880849786,2.7545187359802146,0.3921715926942413
HEA_vacancies,0.25,0,1123,0.10772173450159415,2.494288359629481,0.3551215774491745
HEA_vacancies,0.25,0,1123,0.1212231008541164,2.2348877073588396,0.3181896932626248
HEA_vacancies,0.25,0,1123,0.1364166688243384,1.9742554828323267,0.2810824653229925
HEA_vacancies,0.25,0,1123,0.15351453148789246,1.7147255196904125,0.24413217064255974
HEA_vacancies,0.25,0,1123,0.1727553647296109,1.4630928132055714,0.20830623924223995
HEA_vacancies,0.25,0,1123,0.19440775901540433,1.2279385480582856,0.17482640790653567
HEA_vacancies,0.25,0,1123,0.2187739687537092,1.0162866050840327,0.14469269398808376
HEA_vacancies,0.25,0,1123,0.24619413158533693,0.8318414262014093,0.11843251335386783
HEA_vacancies,0.25,0,1123,0.27705101650047453,0.6751052870573887,0.0961173769498371
HEA_vacancies,0.25,0,1123,0.3117753670636956,0.5443893163669782,0.07750683357373996
HEA_vacancies,0.25,0,1123,0.35085191433519125,0.43685857637815484,0.06219726206341929
HEA_vacancies,0.25,0,1123,0.3948261434249862,0.34928306884176397,0.0497287949504769
HEA_vacancies,0.25,0,1123,0.4443119081371701,0.2784841780245541,0.03964888029602442
HEA_vacancies,0.25,0,1123,0.5,0.22156146610944835,0.03154457143777353
HEA_vacancies,0.25,1,1123,0.004999999999999999,7.022715542618474,0.9998514453404947
HEA_vacancies,0.25,1,1123,0.005626677913003822,7.021047281721255,0.9996139285196627
HEA_vacancies,0.25,1,1123,0.006331900867337016,7.017309959425193,0.9990818313448955
HEA_vacancies,0.25,1,1123,0.007125513351514988,7.009619132892415,0.9979868583279772
HEA_vacancies,0.25,1,1123,0.008018593718756654,6.9950147857733755,0.9959075803782139
HEA_vacancies,0.25,1,1123,0.00902360883413585,6.9694138522655305,0.9922626754672084
HEA_vacancies,0.25,1,1123,0.010154588104523677,6.927989194406462,0.9863648851065181
HEA_vacancies,0.25,1,1123,0.011427319320674952,6.8659368740096225,0.9775302538504188
HEA_vacancies,0.25,1,1123,0.01285956904529672,6.779352893928497,0.9652029543745857
HEA_vacancies,0.25,1,1123,0.01447133062358375,6.665960184428169,0.9490587913657128
HEA_vacancies,0.25,1,1123,0.016285103278298914,6.525497543338537,0.9290605764504827
HEA_vacancies,0.25,1,1123,0.018326206185398135,6.359686380850601,0.9054533935223049
HEA_vacancies,0.25,1,1123,0.020623131914506758,6.171958588964677,0.8787258544516088
HEA_vacancies,0.25,1,1123,0.023207944168063883,5.966913822627911,0.8495328300813125
HEA_vacancies,0.25,1,1123,0.026116725371334214,5.749059974378327,0.8185161266816874
HEA_vacancies,0.25,1,1123,0.029390080361374554,5.520890928417706,0.7860308082886506
HEA_vacancies,0.25,1,1123,0.03307370320615074,5.281582906481985,0.7519595903727401
HEA_vacancies,0.25,1,1123,0.03721901506625844,5.027975903547397,0.7158525706744778
HEA_vacancies,0.25,1,1123,0.04188388200341457,4.75768596405618,0.6773703361284201
HEA_vacancies,0.25,1,1123,0.047133422755894265,4.471909079125015,0.6366831646618694
HEA_vacancies,0.25,1,1123,0.05304091775697241,4.175745102782166,0.5945171424149003
HEA_vacancies,0.25,1,1123,0.05968883208572181,3.8763396327187856,0.5518896160443673
HEA_vacancies,0.25,1,1123,0.067169966629945,3.5805139830405137,0.5097717626862734
HEA_vacancies,0.25,1,1123,0.0755887535307831,3.2928983646497345,0.46882280355424844
HEA_vacancies,0.25,1,1123,0.08506271399262945,3.015036600103827,0.4292625386965751
HEA_vacancies,0.25,1,1123,0.09572409880849786,2.7454788126352323,0.39088454349405716
HEA_vacancies,0.25,1,1123,0.10772173450159415,2.4806712948156022,0.35318286273791694
HEA_vacancies,0.25,1,1123,0.1212231008541164,2.216784820716617,0.3156123145742503
HEA_vacancies,0.25,1,1123,0.1364166688243384,1.9523618720080986,0.27796538642473995
HEA_vacancies,0.25,1,1123,0.15351453148789246,1.6904313426397097,0.24067331375307136
HEA_vacancies,0.25,1,1123,0.1727553647296109,1.4381771237685848,0.2047588952064402
HEA_vacancies,0.25,1,1123,0.19440775901540433,1.2040466559391196,0.17142482589423613
HEA_vacancies,0.25,1,1123,0.2187739687537092,0.9945560366478804,0.14159882807153035
HEA_vacancies,0.25,1,1123,0.24619413158533693,0.8128341152301041,0.11572636824071836
HEA_vacancies,0.25,1,1123,0.27705101650047453,0.6589379151452371,0.09381556505447805
HEA_vacancies,0.25,1,1123,0.3117753670636956,0.5309066640669104,0.0755872556971427
HEA_vacancies,0.25,1,1123,0.35085191433519125,0.42577162475339125,0.06061876945053085
HEA_vacancies,0.25,1,1123,0.3948261434249862,0.34025770286973245,0.04844381834034669
HEA_vacancies,0.25,1,1123,0.4443119081371701,0.2711909094012775,0.03861050915170199
HEA_vacancies,0.25,1,1123,0.5,0.21569982925887607,0.03071002730145777
HEA_vacancies,0.25,2,1123,0.004999999999999999,7.021559068886892,0.99968679365768
HEA_vacancies,0.25,2,1123,0.005626677913003822,7.0189001630352985,0.9993082348448381
HEA_vacancies,0.25,2,1123,0.006331900867337016,7.013549187395919,0.9985463955400069
HEA_vacancies,0.25,2,1123,0.007125513351514988,7.003333119869503,0.9970918940982222
HEA_vacancies,0.25,2,1123,0.008018593718756654,6.98489109728457,0.9944662313008832
HEA_vacancies,0.25,2,1123,0.00902360883413585,6.953688225382401,0.9900237565372642
HEA_vacancies,0.25,2,1123,0.010154588104523677,6.904588073111868,0.9830331760536601
HEA_vacancies,0.25,2,1123,0.011427319320674952,6.832888652899647,0.9728250495114117
HEA_vacancies,0.25,2,1123,0.01285956904529672,6.735390493722479,0.9589438557225227
HEA_vacancies,0.25,2,1123,0.01447133062358375,6.611040758564496,0.9412396981682415
HEA_vacancies,0.25,2,1123,0.016285103278298914,6.460975116011154,0.9198742664214554
HEA_vacancies,0.25,2,1123,0.018326206185398135,6.288178455284422,0.8952725308208682
HEA_vacancies,0.25,2,1123,0.020623131914506758,6.096951858345557,0.8680468532070519
HEA_vacancies,0.25,2,1123,0.023207944168063883,5.892035928567809,0.8388721718009502
HEA_vacancies,0.25,2,1123,0.026116725371334214,5.677307883013463,0.8083005011416825
HEA_vacancies,0.25,2,1123,0.029390080361374554,5.45415652370961,0.7765295703990623
HEA_vacancies,0.25,2,1123,0.03307370320615074,5.22053802799879,0.7432683925573579
HEA_vacancies,0.25,2,1123,0.03721901506625844,4.972429277061793,0.7079441804743655
HEA_vacancies,0.25,2,1123,0.04188388200341457,4.707332719770181,0.6702013480394954
HEA_vacancies,0.25,2,1123,0.047133422755894265,4.426873626740037,0.6302712913793166
HEA_vacancies,0.25,2,1123,0.05304091775697241,4.136490471812661,0.5889283072594708
HEA_vacancies,0.25,2,1123,0.05968883208572181,3.8431832570790228,0.5471690133224594
HEA_vacancies,0.25,2,1123,0.067169966629945,3.553239425108072,0.5058885773280912
HEA_vacancies,0.25,2,1123,0.0755887535307831,3.2707870167882787,0.46567472458343767
HEA_vacancies,0.25,2,1123,0.08506271399262945,2.997204607462093,0.4267237282452706
HEA_vacancies,0.25,2,1123,0.09572409880849786,2.731186877235717,0.3888497448212078
HEA_vacancies,0.25,2,1123,0.10772173450159415,2.4694211491353757,0.35158113554985093
HEA_vacancies,0.25,2,1123,0.1212231008541164,2.2082187359812413,0.31439272762791914
HEA_vacancies,0.25,2,1123,0.1364166688243384,1.946109229732021,0.2770751733185713
HEA_vacancies,0.25,2,1123,0.15351453148789246,1.6860482287687075,0.24004927270905954
HEA_vacancies,0.25,2,1123,0.1727553647296109,1.4351972450169643,0.20433463822797282
HEA_vacancies,0.25,2,1123,0.19440775901540433,1.2020573027426007,0.1711415939084379
HEA_vacancies,0.25,2,1123,0.2187739687537092,0.9932368327275588,0.1414110078560556
HEA_vacancies,0.25,2,1123,0.24619413158533693,0.8119574045044657,0.11560154750992621
HEA_vacancies,0.25,2,1123,0.27705101650047453,0.6583505716561343,0.09373194266753572
HEA_vacancies,0.25,2,1123,0.3117753670636956,0.5305086638672984,0.07553059085397586
HEA_vacancies,0.25,2,1123,0.35085191433519125,0.42549836474957964,0.060579864356325244
HEA_vacancies,0.25,2,1123,0.3948261434249862,0.3400674676109048,0.048416733803412326
HEA_vacancies,0.25,2,1123,0.4443119081371701,0.2710566049911778,0.03859138770818932
HEA_vacancies,0.25,2,1123,0.5,0.21560369972340723,0.030696340963972626
HEA_vacancies,0.5,0,2246,0.004999999999999999,7.714933393726547,0.9997443610771916
HEA_vacancies,0.5,0,2246,0.005626677913003822,7.711707611198829,0.9993263460759513
HEA_vacancies,0.5,0,2246,0.006331900867337016,7.704315641007351,0.9983684530989114
HEA_vacancies,0.5,0,2246,0.007125513351514988,7.688875052021149,0.9963675749340761
HEA_vacancies,0.5,0,2246,0.008018593718756654,7.659582227979798,0.9925716464197508
HEA_vacancies,0.5,0,2246,0.00902360883413585,7.609214327548549,0.9860446912452078
HEA_vacancies,0.5,0,2246,0.010154588104523677,7.530608499432352,0.9758585069456942
HEA_vacancies,0.5,0,2246,0.011427319320674952,7.41858685407396,0.9613421135369437
HEA_vacancies,0.5,0,2246,0.01285956904529672,7.271355033436259,0.942262988035567
HEA_vacancies,0.5,0,2246,0.01447133062358375,7.0908419763075425,0.9188710931538838
HEA_vacancies,0.5,0,2246,0.016285103278298914,6.882023370166865,0.8918112063962224
HEA_vacancies,0.5,0,2246,0.018326206185398135,6.651528345940209,0.8619423677469695
HEA_vacancies,0.5,0,2246,0.020623131914506758,6.406245918237541,0.830157294376606
HEA_vacancies,0.5,0,2246,0.023207944168063883,6.152360592638148,0.7972574092221034
HEA_vacancies,0.5,0,2246,0.026116725371334214,5.8943232406184665,0.7638194811851954
HEA_vacancies,0.5,0,2246,0.029390080361374554,5.633487236679509,0.7300188881281086
HEA_vacancies,0.5,0,2246,0.03307370320615074,5.367487114842601,0.6955490996956459
HEA_vacancies,0.5,0,2246,0.03721901506625844,5.091864165836858,0.6598323313206883
HEA_vacancies,0.5,0,2246,0.04188388200341457,4.803515712006114,0.6224665206220468
HEA_vacancies,0.5,0,2246,0.047133422755894265,4.503414126351807,0.5835776731496649
HEA_vacancies,0.5,0,2246,0.05304091775697241,4.196646528599302,0.5438250064236438
HEA_vacancies,0.5,0,2246,0.05968883208572181,3.890209859481945,0.5041152232871526
HEA_vacancies,0.5,0,2246,0.067169966629945,3.590370377967283,0.46526034073996864
HEA_vacancies,0.5,0,2246,0.0755887535307831,3.3009950299504833,0.42776145933033877
HEA_vacancies,0.5,0,2246,0.08506271399262945,3.023039826853495,0.39174246438292376
HEA_vacancies,0.5,0,2246,0.09572409880849786,2.7547254882499796,0.356972786755746
HEA_vacancies,0.5,0,2246,0.10772173450159415,2.4922226908002196,0.32295620124241065
HEA_vacancies,0.5,0,2246,0.1212231008541164,2.2312124815063217,0.289133033677887
HEA_vacancies,0.5,0,2246,0.1364166688243384,1.9694667162333286,0.2552145486420609
HEA_vacancies,0.5,0,2246,0.15351453148789246,1.7092355105652106,0.22149232873870117
HEA_vacancies,0.5,0,2246,0.1727553647296109,1.4573066602246878,0.18884597462689473
HEA_vacancies,0.5,0,2246,0.19440775901540433,1.2222405064043496,0.1583847833542541
HEA_vacancies,0.5,0,2246,0.2187739687537092,1.0109737570786048,0.13100765246505278
HEA_vacancies,0.5,0,2246,0.24619413158533693,0.8270900161587101,0.1071789654633047
HEA_vacancies,0.5,0,2246,0.27705101650047453,0.670984738935162,0.0869499676646277
HEA_vacancies,0.5,0,2246,0.3117753670636956,0.5408955485420178,0.07009228038525353
HEA_vacancies,0.5,0,2246,0.35085191433519125,0.4339451741393977,0.056233050724105824
HEA_vacancies,0.5,0,2246,0.3948261434249862,0.3468836891494978,0.04495113495845118
HEA_vacancies,0.5,0,2246,0.4443119081371701,0.2765266639435847,0.035833876827749224
HEA_vacancies,0.5,0,2246,0.5,0.21997590760451285,0.028505712489919652
HEA_vacancies,0.5,1,2246,0.004999999999999999,7.714764708108345,0.9997225018482151
HEA_vacancies,0.5,1,2246,0.005626677913003822,7.711456286619455,0.9992937780266622
HEA_vacancies,0.5,1,2246,0.006331900867337016,7.70392577803073,0.9983179324667066
HEA_vacancies,0.5,1,2246,0.007125513351514988,7.688264073112876,0.9962884008586681
HEA_vacancies,0.5,1,2246,0.008018593718756654,7.658748623161863,0.9924636232297159
HEA_vacancies,0.5,1,2246,0.00902360883413585,7.608399555244988,0.9859391084780631
HEA_vacancies,0.5,1,2246,0.010154588104523677,7.530341838498853,0.9758239515255784
HEA_vacancies,0.5,1,2246,0.011427319320674952,7.419474324717914,0.9614571169629792
HEA_vacancies,0.5,1,2246,0.01285956904529672,7.273704786266574,0.942567482192826
HEA_vacancies,0.5,1,2246,0.01447133062358375,7.094451673209371,0.9193388579340354
HEA_vacancies,0.5,1,2246,0.016285103278298914,6.886326003552834,0.8923687657743632
HEA_vacancies,0.5,1,2246,0.018326206185398135,6.655904567830184,0.8625094631363974
HEA_vacancies,0.5,1,2246,0.020623131914506758,6.410233826515447,0.8306740699091818
HEA_vacancies,0.5,1,2246,0.023207944168063883,6.155755322412242,0.7976973173555671
HEA_vacancies,0.5,1,2246,0.026116725371334214,5.89719579010322,0.7641917222665809
HEA_vacancies,0.5,1,2246,0.029390080361374554,5.63609622583744,0.7303569755833903
HEA_vacancies,0.5,1,2246,0.03307370320615074,5.370157542427831,0.6958951486870955
HEA_vacancies,0.5,1,2246,0.03721901506625844,5.094898818733735,0.6602255786718508
HEA_vacancies,0.5,1,2246,0.04188388200341457,4.80714830011435,0.6229372517731775
HEA_vacancies,0.5,1,2246,0.047133422755894265,4.507808525688182,0.584147124074599
HEA_vacancies,0.5,1,2246,0.05304091775697241,4.201900394730178,0.5445058318786592
HEA_vacancies,0.5,1,2246,0.05968883208572181,3.8962940371946124,0.5049036451761837
HEA_vacancies,0.5,1,2246,0.067169966629945,3.597061031303941,0.4661273531435605
HEA_vacancies,0.5,1,2246,0.0755887535307831,3.307867191588869,0.42865199259819226
HEA_vacancies,0.5,1,2246,0.08506271399262945,3.029526734722798,0.3925830743055495
HEA_vacancies,0.5,1,2246,0.09572409880849786,2.7602250376330426,0.3576854492252177
HEA_vacancies,0.5,1,2246,0.10772173450159415,2.4962414250792793,0.3234769713811943
HEA_vacancies,0.5,1,2246,0.1212231008541164,2.233513940996253,0.2894312697131038
HEA_vacancies,0.5,1,2246,0.1364166688243384,1.9701436835012827,0.2553022738594064
HEA_vacancies,0.5,1,2246,0.15351453148789246,1.7086446517207021,0.22141576193405835
HEA_vacancies,0.5,1,2246,0.1727553647296109,1.4559101855171517,0.18866501159805235
HEA_vacancies,0.5,1,2246,0.19440775901540433,1.2204602732467553,0.15815409075201406
HEA_vacancies,0.5,1,2246,0.2187739687537092,1.0091168792278105,0.13076702781338043
HEA_vacancies,0.5,1,2246,0.24619413158533693,0.8253410061970006,0.1069523189379946
HEA_vacancies,0.5,1,2246,0.27705101650047453,0.6694327636492462,0.08674885399825605
HEA_vacancies,0.5,1,2246,0.3117753670636956,0.5395686477700973,0.06992033313739844
HEA_vacancies,0.5,1,2246,0.35085191433519125,0.4328376256390181,0.05608952837448005
HEA_vacancies,0.5,1,2246,0.3948261434249862,0.3459738681340996,0.04483323524586604
HEA_vacancies,0.5,1,2246,0.4443119081371701,0.2757873470695305,0.03573807199857391
HEA_vacancies,0.5,1,2246,0.5,0.21937966546202312,0.02842844808731633
HEA_vacancies,0.5,2,2246,0.004999999999999999,7.714435898294364,0.9996798928274215
HEA_vacancies,0.5,2,2246,0.005626677913003822,7.7105476173444165,0.9991760275630558
HEA_vacancies,0.5,2,2246,0.006331900867337016,7.701833888688769,0.998046853707255
HEA_vacancies,0.5,2,2246,0.007125513351514988,7.684157929654291,0.9957563037479099
HEA_vacancies,0.5,2,2246,0.008018593718756654,7.651698424343882,0.9915500189050849
HEA_vacancies,0.5,2,2246,0.00902360883413585,7.597494487556944,0.9845259686138678
HEA_vacancies,0.5,2,2246,0.010154588104523677,7.5146997333714145,0.9737969597683651
HEA_vacancies,0.5,2,2246,0.011427319320674952,7.398334746389987,0.9587177317796826
HEA_vacancies,0.5,2,2246,0.01285956904529672,7.246886762427311,0.9390922521758905
HEA_vacancies,0.5,2,2246,0.01447133062358375,7.062842745014624,0.9152427956468239
HEA_vacancies,0.5,2,2246,0.016285103278298914,6.85171623628424,0.8878838379209216
HEA_vacancies,0.5,2,2246,0.018326206185398135,6.620311243375632,0.8578970804236231
HEA_vacancies,0.5,2,2246,0.020623131914506758,6.375400887409408,0.8261602221967278
HEA_vacancies,0.5,2,2246,0.023207944168063883,6.1229221927952375,0.7934426161785216
HEA_vacancies,0.5,2,2246,0.026116725371334214,5.867034869506281,0.7602833009293071
HEA_vacancies,0.5,2,2246,0.029390080361374554,5.60884139455036,0.7268251416062461
HEA_vacancies,0.5,2,2246,0.03307370320615074,5.345851170687879,0.6927453926431841
HEA_vacancies,0.5,2,2246,0.03721901506625844,5.0736256184637165,0.657468878007486
HEA_vacancies,0.5,2,2246,0.04188388200341457,4.789117161369285,0.6206006756338633
HEA_vacancies,0.5,2,2246,0.047133422755894265,4.493224601182166,0.5822572573002311
HEA_vacancies,0.5,2,2246,0.05304091775697241,4.190710320524946,0.5430557592706685
HEA_vacancies,0.5,2,2246,0.05968883208572181,3.888055185948719,0.503836008599887
HEA_vacancies,0.5,2,2246,0.067169966629945,3.59107853226146,0.4653521073471764
HEA_vacancies,0.5,2,2246,0.0755887535307831,3.3034696009311437,0.4280821281239297
HEA_vacancies,0.5,2,2246,0.08506271399262945,3.0262255752638376,0.39215529153858536
HEA_vacancies,0.5,2,2246,0.09572409880849786,2.7577108305009674,0.3573596441567104
HEA_vacancies,0.5,2,2246,0.10772173450159415,2.494305580238252,0.32322611374380866
HEA_vacancies,0.5,2,2246,0.1212231008541164,2.2319664344818313,0.2892307351352186
HEA_vacancies,0.5,2,2246,0.1364166688243384,1.9687854984572772,0.25512627262002463
HEA_vacancies,0.5,2,2246,0.15351453148789246,1.7073153677914386,0.2212435058633018
HEA_vacancies,0.5,2,2246,0.1727553647296109,1.454546034733738,0.18848823728468161
HEA_vacancies,0.5,2,2246,0.19440775901540433,1.219087059013945,0.15797614194601148
HEA_vacancies,0.5,2,2246,0.2187739687537092,1.0077955930790858,0.13059580813990523
HEA_vacancies,0.5,2,2246,0.24619413158533693,0.8241246931004458,0.10679470226166998
HEA_vacancies,0.5,2,2246,0.27705101650047453,0.6683521637644289,0.08660882380145547
HEA_vacancies,0.5,2,2246,0.3117753670636956,0.5386342040048089,0.06979924267071334
HEA_vacancies,0.5,2,2246,0.35085191433519125,0.43204589301918617,0.05598693121883882
HEA_vacancies,0.5,2,2246,0.3948261434249862,0.345313395019342,0.04474764743344773
HEA_vacancies,0.5,2,2246,0.4443119081371701,0.2752429158192505,0.035667521542117046
HEA_vacancies,0.5,2,2246,0.5,0.21893502354967986,0.028370828893231618
HEA_vacancies,0.75,0,3369,0.004999999999999999,8.118845112235707,0.9995658741683707
HEA_vacancies,0.75,0,3369,0.005626677913003822,8.113617044994221,0.9989222114884938
HEA_vacancies,0.75,0,3369,0.006331900867337016,8.102146098013344,0.9975099457058644
HEA_vacancies,0.75,0,3369,0.007125513351514988,8.079030925304862,0.9946640806233926
HEA_vacancies,0.75,0,3369,0.008018593718756654,8.036577592293044,0.9894373639738331
HEA_vacancies,0.75,0,3369,0.00902360883413585,7.965866290486521,0.9807316178699568
HEA_vacancies,0.75,0,3369,0.010154588104523677,7.859013108770148,0.9675762007492344
HEA_vacancies,0.75,0,3369,0.011427319320674952,7.711634417296229,0.9494314143245121
HEA_vacancies,0.75,0,3369,0.01285956904529672,7.524183123419885,0.9263530190802033
HEA_vacancies,0.75,0,3369,0.01447133062358375,7.3016973580835085,0.8989612933551593
HEA_vacancies,0.75,0,3369,0.016285103278298914,7.052353041853961,0.8682628299683798
HEA_vacancies,0.75,0,3369,0.018326206185398135,6.7853953171674295,0.8353958608670551
HEA_vacancies,0.75,0,3369,0.020623131914506758,6.509274819085228,0.8014008008276181
HEA_vacancies,0.75,0,3369,0.023207944168063883,6.230527631370711,0.7670823512811518
HEA_vacancies,0.75,0,3369,0.026116725371334214,5.952974003587564,0.7329108489617454
HEA_vacancies,0.75,0,3369,0.029390080361374554,5.676832427077981,0.6989131938147038
HEA_vacancies,0.75,0,3369,0.03307370320615074,5.3986273736643735,0.6646614900847808
HEA_vacancies,0.75,0,3369,0.03721901506625844,5.113186475704856,0.6295189326461229
HEA_vacancies,0.75,0,3369,0.04188388200341457,4.817145740779126,0.5930713576641194
HEA_vacancies,0.75,0,3369,0.047133422755894265,4.511426928128802,0.5554322491465796
HEA_vacancies,0.75,0,3369,0.05304091775697241,4.200951811960259,0.5172075599684562
HEA_vacancies,0.75,0,3369,0.05968883208572181,3.8922680153350906,0.4792034122417998
HEA_vacancies,0.75,0,3369,0.067169966629945,3.5910084689295667,0.4421133141192749
HEA_vacancies,0.75,0,3369,0.0755887535307831,3.300436481857408,0.4063390336333842
HEA_vacancies,0.75,0,3369,0.08506271399262945,3.0210706155787346,0.3719444143889791
HEA_vacancies,0.75,0,3369,0.09572409880849786,2.75090578645357,0.33868259699243075
HEA_vacancies,0.75,0,3369,0.10772173450159415,2.486129310291378,0.306084176133851
HEA_vacancies,0.75,0,3369,0.1212231008541164,2.222706175772413,0.27365237430839245
HEA_vacancies,0.75,0,3369,0.1364166688243384,1.9588882215501549,0.24117196356178738
HEA_vacancies,0.75,0,3369,0.15351453148789246,1.6973816689954115,0.20897612509072208
HEA_vacancies,0.75,0,3369,0.1727553647296109,1.4451687072836714,0.17792448337753672
HEA_vacancies,0.75,0,3369,0.19440775901540433,1.2106847832947403,0.14905558327902463
HEA_vacancies,0.75,0,3369,0.2187739687537092,1.0005608504160364,0.12318580626664356
HEA_vacancies,0.75,0,3369,0.24619413158533693,0.8180692382524626,0.10071803094650982
HEA_vacancies,0.75,0,3369,0.27705101650047453,0.6633808709980309,0.0816733009509433
HEA_vacancies,0.75,0,3369,0.3117753670636956,0.5346053745519997,0.06581887955268888
HEA_vacancies,0.75,0,3369,0.35085191433519125,0.4288086493304049,0.05279352992865184
HEA_vacancies,0.75,0,3369,0.3948261434249862,0.34272683946226523,0.04219541673134905
HEA_vacancies,0.75,0,3369,0.4443119081371701,0.273183957657381,0.03363352270793358
HEA_vacancies,0.75,0,3369,0.5,0.21730011004370578,0.02675328466672859
HEA_vacancies,0.75,1,3369,0.004999999999999999,8.119116265238763,0.9995992576465361
HEA_vacancies,0.75,1,3369,0.005626677913003822,8.114299501423138,0.9990062333102582
HEA_vacancies,0.75,1,3369,0.006331900867337016,8.103559497486575,0.9976839588641989
HEA_vacancies,0.75,1,3369,0.007125513351514988,8.081582032164974,0.9949781646246851
HEA_vacancies,0.75,1,3369,0.008018593718756654,8.040640108672369,0.9899375278123946
HEA_vacancies,0.75,1,3369,0.00902360883413585,7.971552682141538,0.9814317079649069
HEA_vacancies,0.75,1,3369,0.010154588104523677,7.866049293391303,0.9684424729756937
HEA_vacancies,0.75,1,3369,0.011427319320674952,7.719517381372994,0.9504019392907482
HEA_vacancies,0.75,1,3369,0.01285956904529672,7.532504833785037,0.9273775610662529
HEA_vacancies,0.75,1,3369,0.01447133062358375,7.310314427629003,0.9000221990054016
HEA_vacancies,0.75,1,3369,0.016285103278298914,7.061213587984631,0.8693537116659952
HEA_vacancies,0.75,1,3369,0.018326206185398135,6.794244813160103,0.8364853821075249
HEA_vacancies,0.75,1,3369,0.020623131914506758,6.517614365953874,0.8024275387861196
HEA_vacancies,0.75,1,3369,0.023207944168063883,6.237866624998278,0.7679859043702235
HEA_vacancies,0.75,1,3369,0.026116725371334214,5.959057050658589,0.7336597739848367
HEA_vacancies,0.75,1,3369,0.029390080361374554,5.681640736027376,0.6995051772152776
HEA_vacancies,0.75,1,3369,0.03307370320615074,5.402287515802774,0.6651121149120284
HEA_vacancies,0.75,1,3369,0.03721901506625844,5.115921711244212,0.6298556859731242
HEA_vacancies,0.75,1,3369,0.04188388200341457,4.819222752169303,0.5933270725690325
HEA_vacancies,0.75,1,3369,0.047133422755894265,4.513061909983531,0.5556335428089514
HEA_vacancies,0.75,1,3369,0.05304091775697241,4.202244177750561,0.5173666718523597
HEA_vacancies,0.75,1,3369,0.05968883208572181,3.8932179080866165,0.4793203599560892
HEA_vacancies,0.75,1,3369,0.067169966629945,3.5915951675832423,0.4421855465543722
HEA_vacancies,0.75,1,3369,0.0755887535307831,3.3006627181902455,0.40636688711681385
HEA_vacancies,0.75,1,3369,0.08506271399262945,3.0209375291886578,0.3719280292243408
HEA_vacancies,0.75,1,3369,0.09572409880849786,2.750374028596216,0.33861712868995864
HEA_vacancies,0.75,1,3369,0.10772173450159415,2.4851231831241587,0.3059603050207157
HEA_vacancies,0.75,1,3369,0.1212231008541164,2.2211748607766895,0.27346384377342503
HEA_vacancies,0.75,1,3369,0.1364166688243384,1.9568815786418972,0.24092491219610565
HEA_vacancies,0.75,1,3369,0.15351453148789246,1.6950687697041986,0.20869136843261063
HEA_vacancies,0.75,1,3369,0.1727553647296109,1.4427752815904014,0.17762981257001692
HEA_vacancies,0.75,1,3369,0.19440775901540433,1.2084071301759627,0.14877516601533128
HEA_vacancies,0.75,1,3369,0.2187739687537092,0.9985207840377327,0.12293463991174938
HEA_vacancies,0.75,1,3369,0.24619413158533693,0.8163167184982927,0.10050226639923028
HEA_vacancies,0.75,1,3369,0.27705101650047453,0.6619170914862172,0.08149308516568207
HEA_vacancies,0.75,1,3369,0.3117753670636956,0.5334054409327855,0.06567114761785664
HEA_vacancies,0.75,1,3369,0.35085191433519125,0.4278371505993927,0.052673922156253994
HEA_vacancies,0.75,1,3369,0.3948261434249862,0.3419467407094128,0.04209937350339567
HEA_vacancies,0.75,1,3369,0.4443119081371701,0.2725609629953703,0.033556821626027675
HEA_vacancies,0.75,1,3369,0.5,0.21680438243163094,0.026692252291179733
HEA_vacancies,0.75,2,3369,0.004999999999999999,8.118728403921043,0.9995515054192498
HEA_vacancies,0.75,2,3369,0.005626677913003822,8.113073177222851,0.9988552522526905
HEA_vacancies,0.75,2,3369,0.006331900867337016,8.100719362703666,0.9973342906826054
HEA_vacancies,0.75,2,3369,0.007125513351514988,8.076170809034355,0.9943119523858626
HEA_vacancies,0.75,2,3369,0.008018593718756654,8.031831594131733,0.9888530520753632
HEA_vacancies,0.75,2,3369,0.00902360883413585,7.95906223057143,0.9798939240843378
HEA_vacancies,0.75,2,3369,0.010154588104523677,7.850287697398278,0.96650195640477
HEA_vacancies,0.75,2,3369,0.011427319320674952,7.7013693424049166,0.948167611601921
HEA_vacancies,0.75,2,3369,0.01285956904529672,7.513026511982847,0.9249794532700842
HEA_vacancies,0.75,2,3369,0.01447133062358375,7.290572086634533,0.8975915860227093
HEA_vacancies,0.75,2,3369,0.016285103278298914,7.042230349416238,0.867016556911612
HEA_vacancies,0.75,2,3369,0.018326206185398135,6.776929263087009,0.8343535477510062
HEA_vacancies,0.75,2,3369,0.020623131914506758,6.502624267112145,0.8005820064418676
HEA_vacancies,0.75,2,3369,0.023207944168063883,6.225482499677577,0.7664612110325785
HEA_vacancies,0.75,2,3369,0.026116725371334214,5.9491810051788905,0.7324438673014633
HEA_vacancies,0.75,2,3369,0.029390080361374554,5.6739101961816,0.6985534182259245
HEA_vacancies,0.75,2,3369,0.03307370320615074,5.396228505789698,0.6643661492535399
HEA_vacancies,0.75,2,3369,0.03721901506625844,5.111109081110192,0.6292631705623165
HEA_vacancies,0.75,2,3369,0.04188388200341457,4.815368458285324,0.5928525444086622
HEA_vacancies,0.75,2,3369,0.047133422755894265,4.509968507625579,0.5552526931450724
HEA_vacancies,0.75,2,3369,0.05304091775697241,4.199703943120761,0.5170539264047956
HEA_vacancies,0.75,2,3369,0.05968883208572181,3.8909812161583455,0.4790449857013004
HEA_vacancies,0.75,2,3369,0.067169966629945,3.589395018562757,0.44191467134385143
HEA_vacancies,0.75,2,3369,0.0755887535307831,3.2982433953567947,0.4060690279374006
HEA_vacancies,0.75,2,3369,0.08506271399262945,3.0180783688066417,0.37157601867270085
HEA_vacancies,0.75,2,3369,0.09572409880849786,2.746916869080288,0.3381914944247513
HEA_vacancies,0.75,2,3369,0.10772173450159415,2.481005399904344,0.30545333690802845
HEA_vacancies,0.75,2,3369,0.1212231008541164,2.216457137834485,0.272883013028212
HEA_vacancies,0.75,2,3369,0.1364166688243384,1.9517543228194212,0.24029366109112343
HEA_vacancies,0.75,2,3369,0.15351453148789246,1.6898177344299936,0.20804487800304947
HEA_vacancies,0.75,2,3369,0.1727553647296109,1.4377045928679737,0.17700552582289936
HEA_vacancies,0.75,2,3369,0.19440775901540433,1.2037571931359492,0.14820268085051094
HEA_vacancies,0.75,2,3369,0.2187739687537092,0.9944280093479986,0.1224307507681626
HEA_vacancies,0.75,2,3369,0.24619413158533693,0.8128219463245385,0.10007200138560005
HEA_vacancies,0.75,2,3369,0.27705101650047453,0.6589967168759664,0.08113353811682962
HEA_vacancies,0.75,2,3369,0.3117753670636956,0.5310018863911072,0.06537522977937697
HEA_vacancies,0.75,2,3369,0.35085191433519125,0.42588010254492964,0.0524329767480948
HEA_vacancies,0.75,2,3369,0.3948261434249862,0.3403654554325692,0.041904690789511194
HEA_vacancies,0.75,2,3369,0.4443119081371701,0.271290401724664,0.03340039424384692
HEA_vacancies,0.75,2,3369,0.5,0.21578767431614834,0.026567078486016873
binary_BCC_alloys,1.0,0,12960,0.004999999999999999,9.469527555380802,0.9999899241473746
binary_BCC_alloys,1.0,0,12960,0.005626677913003822,9.469337558249006,0.9999698602934703
binary_BCC_alloys,1.0,0,12960,0.006331900867337016,9.46880300790024,0.9999134113355272
binary_BCC_alloys,1.0,0,12960,0.007125513351514988,9.467363316694755,0.999761378756188
binary_BCC_alloys,1.0,0,12960,0.008018593718756654,9.463702964105671,0.9993748425022404
binary_BCC_alloys,1.0,0,12960,0.00902360883413585,9.455016593027164,0.9984575545483153
binary_BCC_alloys,1.0,0,12960,0.010154588104523677,9.435995175943594,0.9964488772077265
binary_BCC_alloys,1.0,0,12960,0.011427319320674952,9.398031190032276,0.9924398489674296
binary_BCC_alloys,1.0,0,12960,0.01285956904529672,9.329527044352137,0.9852057546536602
binary_BCC_alloys,1.0,0,12960,0.01447133062358375,9.217605753464019,0.9733867739778936
binary_BCC_alloys,1.0,0,12960,0.016285103278298914,9.05064929572422,0.9557560342673082
binary_BCC_alloys,1.0,0,12960,0.018326206185398135,8.821453305515547,0.9315527485676514
binary_BCC_alloys,1.0,0,12960,0.020623131914506758,8.530612358316683,0.9008397045401189
binary_BCC_alloys,1.0,0,12960,0.023207944168063883,8.1881258255331,0.8646728440566575
binary_BCC_alloys,1.0,0,12960,0.026116725371334214,7.811088680052245,0.824857410361034
binary_BCC_alloys,1.0,0,12960,0.029390080361374554,7.418382427397225,0.7833873060175971
binary_BCC_alloys,1.0,0,12960,0.03307370320615074,7.025866235990069,0.7419372722987739
binary_BCC_alloys,1.0,0,12960,0.03721901506625844,6.644359663084301,0.701649863378887
binary_BCC_alloys,1.0,0,12960,0.04188388200341457,6.280095443070716,0.6631832611528862
binary_BCC_alloys,1.0,0,12960,0.047133422755894265,5.936047561787529,0.6268515209794342
binary_BCC_alloys,1.0,0,12960,0.05304091775697241,5.612830844365213,0.5927195688996657
binary_BCC_alloys,1.0,0,12960,0.05968883208572181,5.308837459214655,0.56061761657098
binary_BCC_alloys,1.0,0,12960,0.067169966629945,5.020289822457837,0.5301467480185782
binary_BCC_alloys,1.0,0,12960,0.0755887535307831,4.7421566811175095,0.500775658776249
binary_BCC_alloys,1.0,0,12960,0.08506271399262945,4.470045126608479,0.47204045407234685
binary_BCC_alloys,1.0,0,12960,0.09572409880849786,4.201921962088156,0.4437264266424906
binary_BCC_alloys,1.0,0,12960,0.10772173450159415,3.9383211324967315,0.4158899615129783
binary_BCC_alloys,1.0,0,12960,0.1212231008541164,3.6810279756040263,0.3887195918255722
binary_BCC_alloys,1.0,0,12960,0.1364166688243384,3.4314592004975135,0.36236492322898467
binary_BCC_alloys,1.0,0,12960,0.15351453148789246,3.1897649526326632,0.336841811207214
binary_BCC_alloys,1.0,0,12960,0.1727553647296109,2.9547395709068582,0.31202293695290656
binary_BCC_alloys,1.0,0,12960,0.19440775901540433,2.724135901628794,0.28767099918189865
binary_BCC_alloys,1.0,0,12960,0.2187739687537092,2.495128030635257,0.2634875790265972
binary_BCC_alloys,1.0,0,12960,0.24619413158533693,2.264883629953434,0.23917358031582256
binary_BCC_alloys,1.0,0,12960,0.27705101650047453,2.0313517887826062,0.21451242517659747
binary_BCC_alloys,1.0,0,12960,0.3117753670636956,1.794516623892959,0.1895024363267466
binary_BCC_alloys,1.0,0,12960,0.35085191433519125,1.557784404607609,0.16450331861766074
binary_BCC_alloys,1.0,0,12960,0.3948261434249862,1.3280392930186957,0.1402420452471131
binary_BCC_alloys,1.0,0,12960,0.4443119081371701,1.113465419910457,0.11758286717950278
binary_BCC_alloys,1.0,0,12960,0.5,0.9206112326532514,0.09721730586094961
binary_BCC_alloys,0.25,0,3240,0.004999999999999999,8.08331143068722,0.9999978748730891
binary_BCC_alloys,0.25,0,3240,0.005626677913003822,8.083264945986297,0.9999921241850778
binary_BCC_alloys,0.25,0,3240,0.006331900867337016,8.083119469549567,0.9999741270896025
binary_BCC_alloys,0.25,0,3240,0.007125513351514988,8.082703231274898,0.9999226336647012
binary_BCC_alloys,0.25,0,3240,0.008018593718756654,8.08160851992323,0.9997872053770924
binary_BCC_alloys,0.25,0,3240,0.00902360883413585,8.078955248367693,0.9994589654051762
binary_BCC_alloys,0.25,0,3240,0.010154588104523677,8.073007231986347,0.9987231278969891
binary_BCC_alloys,0.25,0,3240,0.011427319320674952,8.060647395387358,0.9971940750528979
binary_BCC_alloys,0.25,0,3240,0.01285956904529672,8.03687667013438,0.9942533650553926
binary_BCC_alloys,0.25,0,3240,0.01447133062358375,7.994724871158378,0.989038706464106
binary_BCC_alloys,0.25,0,3240,0.016285103278298914,7.926002804725437,0.9805370025548721
binary_BCC_alloys,0.25,0,3240,0.018326206185398135,7.822920388911448,0.9677845312892673
binary_BCC_alloys,0.25,0,3240,0.020623131914506758,7.679927560545133,0.9500946865128364
binary_BCC_alloys,0.25,0,3240,0.023207944168063883,7.4951301769712115,0.9272331411621931
binary_BCC_alloys,0.25,0,3240,0.026116725371334214,7.271040402949448,0.8995106786882336
binary_BCC_alloys,0.25,0,3240,0.029390080361374554,7.014178412035682,0.867733918971381
binary_BCC_alloys,0.25,0,3240,0.03307370320615074,6.7334238610175605,0.8330013768954657
binary_BCC_alloys,0.25,0,3240,0.03721901506625844,6.438156232858205,0.7964734015464978
binary_BCC_alloys,0.25,0,3240,0.04188388200341457,6.13713254442314,0.7592333358503117
binary_BCC_alloys,0.25,0,3240,0.047133422755894265,5.837839621243455,0.7222073855685972
binary_BCC_alloys,0.25,0,3240,0.05304091775697241,5.545688308889283,0.6860649340497254
binary_BCC_alloys,0.25,0,3240,0.05968883208572181,5.263120494896215,0.651108070649922
binary_BCC_alloys,0.25,0,3240,0.067169966629945,4.989332096464864,0.6172373211502975
binary_BCC_alloys,0.25,0,3240,0.0755887535307831,4.721292017895501,0.5840777044203764
binary_BCC_alloys,0.25,0,3240,0.08506271399262945,4.455915152307594,0.5512475575302143
binary_BCC_alloys,0.25,0,3240,0.09572409880849786,4.192071073314052,0.518607033834722
binary_BCC_alloys,0.25,0,3240,0.10772173450159415,3.9309838784337634,0.48630756816701504
binary_BCC_alloys,0.25,0,3240,0.1212231008541164,3.674997091839335,0.4546390812127451
binary_BCC_alloys,0.25,0,3240,0.1364166688243384,3.4259692485389643,0.42383149496298117
binary_BCC_alloys,0.25,0,3240,0.15351453148789246,3.1843743917009375,0.39394345396766406
binary_BCC_alloys,0.25,0,3240,0.1727553647296109,2.9492099146870725,0.36485092434338934
binary_BCC_alloys,0.25,0,3240,0.19440775901540433,2.718310471050355,0.33628602802261676
binary_BCC_alloys,0.25,0,3240,0.2187739687537092,2.4888388128546737,0.30789776505552036
binary_BCC_alloys,0.25,0,3240,0.24619413158533693,2.257944817459543,0.2793335427444102
binary_BCC_alloys,0.25,0,3240,0.27705101650047453,2.023665143544376,0.25035047336127136
binary_BCC_alloys,0.25,0,3240,0.3117753670636956,1.7862078357564755,0.2209742944032873
binary_BCC_alloys,0.25,0,3240,0.35085191433519125,1.5492281060021444,0.19165719729842137
binary_BCC_alloys,0.25,0,3240,0.3948261434249862,1.3197246919043182,0.16326500576381497
binary_BCC_alloys,0.25,0,3240,0.4443119081371701,1.1058120249554353,0.13680156758113796
binary_BCC_alloys,0.25,0,3240,0.5,0.9138669840415028,0.1130557754448028
binary_BCC_alloys,0.25,1,3240,0.004999999999999999,8.083269293700225,0.999992662046909
binary_BCC_alloys,0.25,1,3240,0.005626677913003822,8.083182150222997,0.9999818814042498
binary_BCC_alloys,0.25,1,3240,0.006331900867337016,8.082965604238936,0.9999550921946876
binary_BCC_alloys,0.25,1,3240,0.007125513351514988,8.08242343831567,0.9998880200825039
binary_BCC_alloys,0.25,1,3240,0.008018593718756654,8.081106367164983,0.9997250833500723
binary_BCC_alloys,0.25,1,3240,0.00902360883413585,8.078071717216169,0.9993496625184218
binary_BCC_alloys,0.25,1,3240,0.010154588104523677,8.071506870936409,0.9985375161122217
binary_BCC_alloys,0.25,1,3240,0.011427319320674952,8.058234118437266,0.9968955251526168
binary_BCC_alloys,0.25,1,3240,0.01285956904529672,8.033258779800224,0.9938057907318371
binary_BCC_alloys,0.25,1,3240,0.01447133062358375,7.989768649356506,0.9884255652642684
binary_BCC_alloys,0.25,1,3240,0.016285103278298914,7.919948473506655,0.9797880126879748
binary_BCC_alloys,0.25,1,3240,0.018326206185398135,7.816344487914917,0.9669710172884406
binary_BCC_alloys,0.25,1,3240,0.020623131914506758,7.6733289566498515,0.9492783639043371
binary_BCC_alloys,0.25,1,3240,0.023207944168063883,7.488632560742091,0.9264293118805209
binary_BCC_alloys,0.25,1,3240,0.026116725371334214,7.264474191715393,0.8986983634216097
binary_BCC_alloys,0.25,1,3240,0.029390080361374554,7.007295456295128,0.8668824187944523
binary_BCC_alloys,0.25,1,3240,0.03307370320615074,6.726033154835627,0.8320870621942299
binary_BCC_alloys,0.25,1,3240,0.03721901506625844,6.430113215016651,0.7954783884484516
binary_BCC_alloys,0.25,1,3240,0.04188388200341457,6.128251984073111,0.7581347091855024
binary_BCC_alloys,0.25,1,3240,0.047133422755894265,5.827927096789702,0.7209810931668535
binary_BCC_alloys,0.25,1,3240,0.05304091775697241,5.534692651440653,0.6847046457352458
binary_BCC_alloys,0.25,1,3240,0.05968883208572181,5.251236286111406,0.6496378583945535
binary_BCC_alloys,0.25,1,3240,0.067169966629945,4.9770037190493035,0.6157121601662248
binary_BCC_alloys,0.25,1,3240,0.0755887535307831,4.709154122936268,0.5825761082900348
binary_BCC_alloys,0.25,1,3240,0.08506271399262945,4.444688614248275,0.5498587066492644
binary_BCC_alloys,0.25,1,3240,0.09572409880849786,4.182452253266305,0.5174170760199065
binary_BCC_alloys,0.25,1,3240,0.10772173450159415,3.9235545302990795,0.4853884730152222
binary_BCC_alloys,0.25,1,3240,0.1212231008541164,3.670167699044237,0.45404163020848326
binary_BCC_alloys,0.25,1,3240,0.1364166688243384,3.42397011287409,0.4235841790660743
binary_BCC_alloys,0.25,1,3240,0.15351453148789246,3.1852930057226945,0.3940570970058499
binary_BCC_alloys,0.25,1,3240,0.1727553647296109,2.953066554215381,0.36532803466699
binary_BCC_alloys,0.25,1,3240,0.19440775901540433,2.7251585416661728,0.3371332125114886
binary_BCC_alloys,0.25,1,3240,0.2187739687537092,2.4988372414120685,0.30913468477526634
binary_BCC_alloys,0.25,1,3240,0.24619413158533693,2.271299701439733,0.2809856943055472
binary_BCC_alloys,0.25,1,3240,0.27705101650047453,2.040375121941726,0.25241768839186984
binary_BCC_alloys,0.25,1,3240,0.3117753670636956,1.8057379339153916,0.2233903904330451
binary_BCC_alloys,0.25,1,3240,0.35085191433519125,1.5704126473345177,0.19427796683009008
binary_BCC_alloys,0.25,1,3240,0.3948261434249862,1.3410679928164861,0.16590541566735006
binary_BCC_alloys,0.25,1,3240,0.4443119081371701,1.1259744515558048,0.1392958898555601
binary_BCC_alloys,0.25,1,3240,0.5,0.9319767133499793,0.11529615563778317
binary_BCC_alloys,0.25,2,3240,0.004999999999999999,8.083245023082316,0.9999896594944849
binary_BCC_alloys,0.25,2,3240,0.005626677913003822,8.08313638129388,0.9999762192653795
binary_BCC_alloys,0.25,2,3240,0.006331900867337016,8.082891968620686,0.9999459826283426
binary_BCC_alloys,0.25,2,3240,0.007125513351514988,8.082324866170055,0.9998758255831354
binary_BCC_alloys,0.25,2,3240,0.008018593718756654,8.08101179923281,0.9997133842176047
binary_BCC_alloys,0.25,2,3240,0.00902360883413585,8.078054977800763,0.9993475916616973
binary_BCC_alloys,0.25,2,3240,0.010154588104523677,8.071679444970103,0.9985588654896932
binary_BCC_alloys,0.25,2,3240,0.011427319320674952,8.058682574484262,0.9969510042836408
binary_BCC_alloys,0.25,2,3240,0.01285956904529672,8.033952187670826,0.9938915731989568
binary_BCC_alloys,0.25,2,3240,0.01447133062358375,7.990525764944334,0.9885192291030743
binary_BCC_alloys,0.25,2,3240,0.016285103278298914,7.920481279935123,0.9798539269238365
binary_BCC_alloys,0.25,2,3240,0.018326206185398135,7.816280792190167,0.9669631374003607
binary_BCC_alloys,0.25,2,3240,0.020623131914506758,7.672217793574771,0.9491409003507865
binary_BCC_alloys,0.25,2,3240,0.023207944168063883,7.486026536157838,0.9261069168981593
binary_BCC_alloys,0.25,2,3240,0.026116725371334214,7.260095532330357,0.8981566732841735
binary_BCC_alloys,0.25,2,3240,0.029390080361374554,7.00121698728741,0.8661304428075908
binary_BCC_alloys,0.25,2,3240,0.03307370320615074,6.718808973294507,0.8311933484915274
binary_BCC_alloys,0.25,2,3240,0.03721901506625844,6.4227481938694195,0.7945672512791393
binary_BCC_alloys,0.25,2,3240,0.04188388200341457,6.121923658242177,0.7573518230581149
binary_BCC_alloys,0.25,2,3240,0.047133422755894265,5.823584377998452,0.7204438492910411
binary_BCC_alloys,0.25,2,3240,0.05304091775697241,5.532822175857148,0.6844732465587393
binary_BCC_alloys,0.25,2,3240,0.05968883208572181,5.251895654554328,0.6497194297959938
binary_BCC_alloys,0.25,2,3240,0.067169966629945,4.9799656433301625,0.6160785840027665
binary_BCC_alloys,0.25,2,3240,0.0755887535307831,4.714034808180051,0.5831799047555747
binary_BCC_alloys,0.25,2,3240,0.08506271399262945,4.4510486976624755,0.550645521552136
binary_BCC_alloys,0.25,2,3240,0.09572409880849786,4.189849849302417,0.5183322430747348
binary_BCC_alloys,0.25,2,3240,0.10772173450159415,3.9315336080684147,0.486375575996618
binary_BCC_alloys,0.25,2,3240,0.1212231008541164,3.6781974506203294,0.45503500211809045
binary_BCC_alloys,0.25,2,3240,0.1364166688243384,3.4313663557797605,0.4244991787232244
binary_BCC_alloys,0.25,2,3240,0.15351453148789246,3.1911651078770156,0.3947835430577818
binary_BCC_alloys,0.25,2,3240,0.1727553647296109,2.956321887335344,0.36573075652546105
binary_BCC_alloys,0.25,2,3240,0.19440775901540433,2.7245860307387275,0.3370623863759752
binary_BCC_alloys,0.25,2,3240,0.2187739687537092,2.493298626787301,0.308449494936671
binary_BCC_alloys,0.25,2,3240,0.24619413158533693,2.2600365889058662,0.2795923187446893
binary_BCC_alloys,0.25,2,3240,0.27705101650047453,2.023361993691673,0.2503129702647903
binary_BCC_alloys,0.25,2,3240,0.3117753670636956,1.7839130854357403,0.22069040759974443
binary_BCC_alloys,0.25,2,3240,0.35085191433519125,1.5455792637683359,0.1912057938716397
binary_BCC_alloys,0.25,2,3240,0.3948261434249862,1.3153975697118296,0.16272969136526572
binary_BCC_alloys,0.25,2,3240,0.4443119081371701,1.1013698009316513,0.1362520137724563
binary_BCC_alloys,0.25,2,3240,0.5,0.9096863893589489,0.11253858817147958
binary_BCC_alloys,0.5,0,6480,0.004999999999999999,8.776439987872648,0.9999959207460337
binary_BCC_alloys,0.5,0,6480,0.005626677913003822,8.776354257760866,0.9999861525755472
binary_BCC_alloys,0.5,0,6480,0.006331900867337016,8.776098716400202,0.9999570359498312
binary_BCC_alloys,0.5,0,6480,0.007125513351514988,8.775385199405937,0.9998757371447765
binary_BCC_alloys,0.5,0,6480,0.008018593718756654,8.773512961670091,0.999662412596201
binary_BCC_alloys,0.5,0,6480,0.00902360883413585,8.768919763646446,0.999139059244139
binary_BCC_alloys,0.5,0,6480,0.010154588104523677,8.758483107928345,0.9979498967638221
binary_BCC_alloys,0.5,0,6480,0.011427319320674952,8.736751299863005,0.9954737538806252
binary_BCC_alloys,0.5,0,6480,0.01285956904529672,8.69564713861832,0.9907903066483567
binary_BCC_alloys,0.5,0,6480,0.01447133062358375,8.625249124863533,0.9827690899955127
binary_BCC_alloys,0.5,0,6480,0.016285103278298914,8.515510686700338,0.9702653879632681
binary_BCC_alloys,0.5,0,6480,0.018326206185398135,8.358236391028374,0.9523454051083188
binary_BCC_alloys,0.5,0,6480,0.020623131914506758,8.149258379826668,0.9285342517231089
binary_BCC_alloys,0.5,0,6480,0.023207944168063883,7.8905437077113065,0.8990560558817425
binary_BCC_alloys,0.5,0,6480,0.026116725371334214,7.590677089524329,0.8648889681594721
binary_BCC_alloys,0.5,0,6480,0.029390080361374554,7.26258153959914,0.8275054491023741
binary_BCC_alloys,0.5,0,6480,0.03307370320615074,6.919855466267378,0.7884549142911467
binary_BCC_alloys,0.5,0,6480,0.03721901506625844,6.5741114044941575,0.7490605070060591
binary_BCC_alloys,0.5,0,6480,0.04188388200341457,6.2341030154153465,0.7103196277237913
binary_BCC_alloys,0.5,0,6480,0.047133422755894265,5.905842422293878,0.6729173034879129
binary_BCC_alloys,0.5,0,6480,0.05304091775697241,5.592670246021839,0.6372341678206106
binary_BCC_alloys,0.5,0,6480,0.05968883208572181,5.295051563084573,0.6033232119790252
binary_BCC_alloys,0.5,0,6480,0.067169966629945,5.010647923082413,0.570917990700184
binary_BCC_alloys,0.5,0,6480,0.0755887535307831,4.7353663544529745,0.539552146910858
binary_BCC_alloys,0.5,0,6480,0.08506271399262945,4.465372684512419,0.5087888113282203
binary_BCC_alloys,0.5,0,6480,0.09572409880849786,4.198916358152102,0.4784285240379887
binary_BCC_alloys,0.5,0,6480,0.10772173450159415,3.9366429964930707,0.4485448477248377
binary_BCC_alloys,0.5,0,6480,0.1212231008541164,3.680374157168236,0.4193453323982055
binary_BCC_alloys,0.5,0,6480,0.1364166688243384,3.4315464471504455,0.39099366642314065
binary_BCC_alloys,0.5,0,6480,0.15351453148789246,3.190331382326527,0.3635093924829416
binary_BCC_alloys,0.5,0,6480,0.1727553647296109,2.955539551866308,0.33675698797619985
binary_BCC_alloys,0.5,0,6480,0.19440775901540433,2.7249211673781533,0.31048010987347663
binary_BCC_alloys,0.5,0,6480,0.2187739687537092,2.4956298787975735,0.2843544423408533
binary_BCC_alloys,0.5,0,6480,0.24619413158533693,2.2648354940679973,0.25805751060320353
binary_BCC_alloys,0.5,0,6480,0.27705101650047453,2.0305710749360077,0.23136519984489654
binary_BCC_alloys,0.5,0,6480,0.3117753670636956,1.7929947043857848,0.20429552219152516
binary_BCC_alloys,0.5,0,6480,0.35085191433519125,1.5556994406867517,0.17725787412017932
binary_BCC_alloys,0.5,0,6480,0.3948261434249862,1.325669665078404,0.15104806267313145
binary_BCC_alloys,0.5,0,6480,0.4443119081371701,1.111074616621552,0.12659689871990243
binary_BCC_alloys,0.5,0,6480,0.5,0.9183815313810039,0.10464126528963007
binary_BCC_alloys,0.5,1,6480,0.004999999999999999,8.776405387436553,0.9999919783394317
binary_BCC_alloys,0.5,1,6480,0.005626677913003822,8.776287703128249,0.9999785692773971
binary_BCC_alloys,0.5,1,6480,0.006331900867337016,8.775983158211435,0.9999438691398791
binary_BCC_alloys,0.5,1,6480,0.007125513351514988,8.775197238057743,0.9998543206499663
binary_BCC_alloys,0.5,1,6480,0.008018593718756654,8.773219079461475,0.9996289273777978
binary_BCC_alloys,0.5,1,6480,0.00902360883413585,8.768466258605388,0.9990873864483674
binary_BCC_alloys,0.5,1,6480,0.010154588104523677,8.75776446763722,0.9978680142054496
binary_BCC_alloys,0.5,1,6480,0.011427319320674952,8.735544146392838,0.9953362096659379
binary_BCC_alloys,0.5,1,6480,0.01285956904529672,8.693516820166863,0.990547576137547
binary_BCC_alloys,0.5,1,6480,0.01447133062358375,8.621459248501187,0.9823372678776934
binary_BCC_alloys,0.5,1,6480,0.016285103278298914,8.50910235934736,0.9695352170487926
binary_BCC_alloys,0.5,1,6480,0.018326206185398135,8.348558076265125,0.9512426487177642
binary_BCC_alloys,0.5,1,6480,0.020623131914506758,8.13663010294707,0.9270953738428864
binary_BCC_alloys,0.5,1,6480,0.023207944168063883,7.876253023153252,0.897427761689283
binary_BCC_alloys,0.5,1,6480,0.026116725371334214,7.5762318575694625,0.8632430646896078
binary_BCC_alloys,0.5,1,6480,0.029390080361374554,7.249014338924902,0.8259595893518455
binary_BCC_alloys,0.5,1,6480,0.03307370320615074,6.90764178277165,0.7870632755754615
binary_BCC_alloys,0.5,1,6480,0.03721901506625844,6.563442346216127,0.7478448643569924
binary_BCC_alloys,0.5,1,6480,0.04188388200341457,6.225097564295922,0.709293538056871
binary_BCC_alloys,0.5,1,6480,0.047133422755894265,5.898579191711237,0.6720897240862289
binary_BCC_alloys,0.5,1,6480,0.05304091775697241,5.587129888693351,0.6366028942363761
binary_BCC_alloys,0.5,1,6480,0.05968883208572181,5.291070154567662,0.6028695665053211
binary_BCC_alloys,0.5,1,6480,0.067169966629945,5.007925516926129,0.570607797153067
binary_BCC_alloys,0.5,1,6480,0.0755887535307831,4.733537021033967,0.5393437109209555
binary_BCC_alloys,0.5,1,6480,0.08506271399262945,4.464110153414283,0.5086449573339247
binary_BCC_alloys,0.5,1,6480,0.09572409880849786,4.198002591963241,0.47832440864921605
binary_BCC_alloys,0.5,1,6480,0.10772173450159415,3.9359430505524338,0.44846509521854283
binary_BCC_alloys,0.5,1,6480,0.1212231008541164,3.6797539325960242,0.4192746634204633
binary_BCC_alloys,0.5,1,6480,0.1364166688243384,3.4308125239570635,0.3909100425163473
binary_BCC_alloys,0.5,1,6480,0.15351453148789246,3.1892293725401224,0.36338382843959954
binary_BCC_alloys,0.5,1,6480,0.1727553647296109,2.9538021309338203,0.3365590245824425
binary_BCC_alloys,0.5,1,6480,0.19440775901540433,2.722345732777911,0.31018666240526066
binary_BCC_alloys,0.5,1,6480,0.2187739687537092,2.4921580849864897,0.2839588628514986
binary_BCC_alloys,0.5,1,6480,0.24619413158533693,2.2605882519112273,0.2575735757917014
binary_BCC_alloys,0.5,1,6480,0.27705101650047453,2.025808027599808,0.2308224937005941
binary_BCC_alloys,0.5,1,6480,0.3117753670636956,1.7880284454424102,0.20372966192339761
binary_BCC_alloys,0.5,1,6480,0.35085191433519125,1.5508235574203009,0.1767023113426497
binary_BCC_alloys,0.5,1,6480,0.3948261434249862,1.3211197723110635,0.15052964356316667
binary_BCC_alloys,0.5,1,6480,0.4443119081371701,1.1070069427216922,0.12613342408640574
binary_BCC_alloys,0.5,1,6480,0.5,0.9148673844784748,0.10424086004874798
binary_BCC_alloys,0.5,2,6480,0.004999999999999999,8.77642957714342,0.9999947345376423
binary_BCC_alloys,0.5,2,6480,0.005626677913003822,8.776327029258516,0.9999830501340885
binary_BCC_alloys,0.5,2,6480,0.006331900867337016,8.776028572934047,0.999949043736574
binary_BCC_alloys,0.5,2,6480,0.007125513351514988,8.775224727781046,0.9998574528551889
binary_BCC_alloys,0.5,2,6480,0.008018593718756654,8.773219075975918,0.9996289269806502
binary_BCC_alloys,0.5,2,6480,0.00902360883413585,8.768551020992795,0.9990970443554182
binary_BCC_alloys,0.5,2,6480,0.010154588104523677,8.758381103423453,0.9979382742735036
binary_BCC_alloys,0.5,2,6480,0.011427319320674952,8.737727148485142,0.9955849430009007
binary_BCC_alloys,0.5,2,6480,0.01285956904529672,8.698958960407966,0.9911676587734165
binary_BCC_alloys,0.5,2,6480,0.01447133062358375,8.632168694351828,0.9835575123252016
binary_BCC_alloys,0.5,2,6480,0.016285103278298914,8.526707806158397,0.9715411984055018
binary_BCC_alloys,0.5,2,6480,0.018326206185398135,8.37358326421411,0.9540940424377085
binary_BCC_alloys,0.5,2,6480,0.020623131914506758,8.168152337408893,0.9306870472227741
binary_BCC_alloys,0.5,2,6480,0.023207944168063883,7.912198584696718,0.9015234331645122
binary_BCC_alloys,0.5,2,6480,0.026116725371334214,7.6141093861940305,0.8675588663318281
binary_BCC_alloys,0.5,2,6480,0.029390080361374554,7.28669034091542,0.8302524288576814
binary_BCC_alloys,0.5,2,6480,0.03307370320615074,6.94372158083009,0.7911742420868985
binary_BCC_alloys,0.5,2,6480,0.03721901506625844,6.597169132916262,0.7516877265159783
binary_BCC_alloys,0.5,2,6480,0.04188388200341457,6.256105668572597,0.7128266309544
binary_BCC_alloys,0.5,2,6480,0.047133422755894265,5.926711188406554,0.6752951105500606
binary_BCC_alloys,0.5,2,6480,0.05304091775697241,5.612337140198059,0.6394750324510461
binary_BCC_alloys,0.5,2,6480,0.05968883208572181,5.313366455078995,0.605410028194784
binary_BCC_alloys,0.5,2,6480,0.067169966629945,5.027365886459856,0.5728228513502569
binary_BCC_alloys,0.5,2,6480,0.0755887535307831,4.750206189006917,0.5412430117762241
binary_BCC_alloys,0.5,2,6480,0.08506271399262945,4.478117453062613,0.5102409623802023
binary_BCC_alloys,0.5,2,6480,0.09572409880849786,4.209503056334612,0.4796347824994273
binary_BCC_alloys,0.5,2,6480,0.10772173450159415,3.945188641860139,0.4495185466869476
binary_BCC_alloys,0.5,2,6480,0.1212231008541164,3.6871269276022964,0.4201147494849885
binary_BCC_alloys,0.5,2,6480,0.1364166688243384,3.436801658460412,0.39159245019878164
binary_BCC_alloys,0.5,2,6480,0.15351453148789246,3.1943763571287165,0.3639702807596574
binary_BCC_alloys,0.5,2,6480,0.1727553647296109,2.9586696417682745,0.33711363339710626
binary_BCC_alloys,0.5,2,6480,0.19440775901540433,2.7275115783143047,0.3107752637596522
binary_BCC_alloys,0.5,2,6480,0.2187739687537092,2.4981814909918207,0.2846451754614693
binary_BCC_alloys,0.5,2,6480,0.24619413158533693,2.2678942189684186,0.2584060246279484
binary_BCC_alloys,0.5,2,6480,0.27705101650047453,2.0345196236612613,0.2318151012426816
binary_BCC_alloys,0.5,2,6480,0.3117753670636956,1.7978673755129406,0.20485071897484802
binary_BCC_alloys,0.5,2,6480,0.35085191433519125,1.56118476334101,0.17788287700128075
binary_BCC_alloys,0.5,2,6480,0.3948261434249862,1.3312968722542138,0.15168923201158513
binary_BCC_alloys,0.5,2,6480,0.4443119081371701,1.1164234315139283,0.12720634777676296
binary_BCC_alloys,0.5,2,6480,0.5,0.9231863683208174,0.10518873298112032
binary_BCC_alloys,0.75,0,9720,0.004999999999999999,9.18187385760226,0.9999926987275378
binary_BCC_alloys,0.75,0,9720,0.005626677913003822,9.181742058376457,0.9999783445482553
binary_BCC_alloys,0.75,0,9720,0.006331900867337016,9.18136212544376,0.9999369662670248
binary_BCC_alloys,0.75,0,9720,0.007125513351514988,9.180306849111588,0.999822036717384
binary_BCC_alloys,0.75,0,9720,0.008018593718756654,9.17754329299083,0.9995210593802805
binary_BCC_alloys,0.75,0,9720,0.00902360883413585,9.170813316007687,0.9987881013860715
binary_BCC_alloys,0.75,0,9720,0.010154588104523677,9.155733174939122,0.9971457317349289
binary_BCC_alloys,0.75,0,9720,0.011427319320674952,9.124972388734493,0.9937955918736326
binary_BCC_alloys,0.75,0,9720,0.01285956904529672,9.06829579135491,0.9876229756465671
binary_BCC_alloys,0.75,0,9720,0.01447133062358375,8.973963485450032,0.9773492974603974
binary_BCC_alloys,0.75,0,9720,0.016285103278298914,8.83099044185215,0.9617781839894407
binary_BCC_alloys,0.75,0,9720,0.018326206185398135,8.631673933378565,0.9400707355643652
binary_BCC_alloys,0.75,0,9720,0.020623131914506758,8.374403895425026,0.9120516009579921
binary_BCC_alloys,0.75,0,9720,0.023207944168063883,8.06567115141164,0.8784276920849808
binary_BCC_alloys,0.75,0,9720,0.026116725371334214,7.71915006681295,0.8406882763700793
binary_BCC_alloys,0.75,0,9720,0.029390080361374554,7.351621250544776,0.8006609204577727
binary_BCC_alloys,0.75,0,9720,0.03307370320615074,6.978372392795869,0.7600105980567232
binary_BCC_alloys,0.75,0,9720,0.03721901506625844,6.610751522225309,0.7199732165623078
binary_BCC_alloys,0.75,0,9720,0.04188388200341457,6.256103696551887,0.6813487220644461
binary_BCC_alloys,0.75,0,9720,0.047133422755894265,5.918630010798467,0.6445946534505894
binary_BCC_alloys,0.75,0,9720,0.05304091775697241,5.599959858460047,0.6098884670464964
binary_BCC_alloys,0.75,0,9720,0.05968883208572181,5.299200232683639,0.5771329059799045
binary_BCC_alloys,0.75,0,9720,0.067169966629945,5.013034585192412,0.5459667668501524
binary_BCC_alloys,0.75,0,9720,0.0755887535307831,4.7367027045890095,0.5158716177210603
binary_BCC_alloys,0.75,0,9720,0.08506271399262945,4.465955555828583,0.4863846985844445
binary_BCC_alloys,0.75,0,9720,0.09572409880849786,4.198843861639492,0.45729371475300395
binary_BCC_alloys,0.75,0,9720,0.10772173450159415,3.935978199429995,0.42866516386760545
binary_BCC_alloys,0.75,0,9720,0.1212231008541164,3.6792302244836486,0.4007028868486448
binary_BCC_alloys,0.75,0,9720,0.1364166688243384,3.4301021754245555,0.3735704916566698
binary_BCC_alloys,0.75,0,9720,0.15351453148789246,3.1888116922982577,0.347291681346184
binary_BCC_alloys,0.75,0,9720,0.1727553647296109,2.954191273659812,0.3217393039938652
binary_BCC_alloys,0.75,0,9720,0.19440775901540433,2.724004053493006,0.296669743784583
binary_BCC_alloys,0.75,0,9720,0.2187739687537092,2.495420562261465,0.2717748447883467
binary_BCC_alloys,0.75,0,9720,0.24619413158533693,2.2656034824961555,0.24674559636124974
binary_BCC_alloys,0.75,0,9720,0.27705101650047453,2.032489067662867,0.2213572370332219
binary_BCC_alloys,0.75,0,9720,0.3117753670636956,1.7960233051595016,0.1956038843222585
binary_BCC_alloys,0.75,0,9720,0.35085191433519125,1.5595535117263075,0.1698500926050029
binary_BCC_alloys,0.75,0,9720,0.3948261434249862,1.329920559005044,0.1448408973503346
binary_BCC_alloys,0.75,0,9720,0.4443119081371701,1.1153112638470846,0.12146792016013554
binary_BCC_alloys,0.75,0,9720,0.5,0.9223147230460598,0.10044877584670074
binary_BCC_alloys,0.75,1,9720,0.004999999999999999,9.181858786714214,0.999991057365628
binary_BCC_alloys,0.75,1,9720,0.005626677913003822,9.181704475823619,0.9999742514536407
binary_BCC_alloys,0.75,1,9720,0.006331900867337016,9.181283382406562,0.9999283904072934
binary_BCC_alloys,0.75,1,9720,0.007125513351514988,9.18017047383841,0.9998071841633651
binary_BCC_alloys,0.75,1,9720,0.008018593718756654,9.177370098484522,0.9995021968643655
binary_BCC_alloys,0.75,1,9720,0.00902360883413585,9.170738342484375,0.9987799360619697
binary_BCC_alloys,0.75,1,9720,0.010154588104523677,9.156109942016625,0.9971867652246574
binary_BCC_alloys,0.75,1,9720,0.011427319320674952,9.12641788861539,0.9939530204496864
binary_BCC_alloys,0.75,1,9720,0.01285956904529672,9.07151243537121,0.9879732985306092
binary_BCC_alloys,0.75,1,9720,0.01447133062358375,8.979295019177155,0.9779299517890047
binary_BCC_alloys,0.75,1,9720,0.016285103278298914,8.838064531896077,0.9625486191428502
binary_BCC_alloys,0.75,1,9720,0.018326206185398135,8.639579650678424,0.9409317427727705
binary_BCC_alloys,0.75,1,9720,0.020623131914506758,8.382239600117934,0.9129049831328959
binary_BCC_alloys,0.75,1,9720,0.023207944168063883,8.072938491655902,0.8792191740086204
binary_BCC_alloys,0.75,1,9720,0.026116725371334214,7.725743873958042,0.8414064041840931
binary_BCC_alloys,0.75,1,9720,0.029390080361374554,7.357605314401304,0.8013126414744247
binary_BCC_alloys,0.75,1,9720,0.03307370320615074,6.983862323721128,0.7606085033347654
binary_BCC_alloys,0.75,1,9720,0.03721901506625844,6.615896627378466,0.720533567060162
binary_BCC_alloys,0.75,1,9720,0.04188388200341457,6.261006065100784,0.6818826362557536
binary_BCC_alloys,0.75,1,9720,0.047133422755894265,5.92328145725846,0.6451012398588379
binary_BCC_alloys,0.75,1,9720,0.05304091775697241,5.604273700274544,0.6103582851233795
binary_BCC_alloys,0.75,1,9720,0.05968883208572181,5.30306585724399,0.5775539089686541
binary_BCC_alloys,0.75,1,9720,0.067169966629945,5.01634906734286,0.5463277452301556
binary_BCC_alloys,0.75,1,9720,0.0755887535307831,4.739394206461841,0.5161647476706963
binary_BCC_alloys,0.75,1,9720,0.08506271399262945,4.468008192678911,0.4866082501051145
binary_BCC_alloys,0.75,1,9720,0.09572409880849786,4.200301237186207,0.4574524367011183
binary_BCC_alloys,0.75,1,9720,0.10772173450159415,3.9369125733329478,0.42876692600192845
binary_BCC_alloys,0.75,1,9720,0.1212231008541164,3.6797002538394428,0.40075407748045605
binary_BCC_alloys,0.75,1,9720,0.1364166688243384,3.430127909532438,0.3735732943438325
binary_BCC_alloys,0.75,1,9720,0.15351453148789246,3.188375586254896,0.3472441852831803
binary_BCC_alloys,0.75,1,9720,0.1727553647296109,2.95325689486346,0.3216375413266048
binary_BCC_alloys,0.75,1,9720,0.19440775901540433,2.7225405422833697,0.29651035360488337
binary_BCC_alloys,0.75,1,9720,0.2187739687537092,2.4934221590147323,0.2715571998188297
binary_BCC_alloys,0.75,1,9720,0.24619413158533693,2.2630981565392667,0.24647274272552405
binary_BCC_alloys,0.75,1,9720,0.27705101650047453,2.029544955499692,0.22103659543946136
binary_BCC_alloys,0.75,1,9720,0.3117753670636956,1.792762430325055,0.1952487442847801
binary_BCC_alloys,0.75,1,9720,0.35085191433519125,1.556154777840993,0.16947993841611492
binary_BCC_alloys,0.75,1,9720,0.3948261434249862,1.3265870832625088,0.14447785038893896
binary_BCC_alloys,0.75,1,9720,0.4443119081371701,1.1122162495296533,0.12113084389793814
binary_BCC_alloys,0.75,1,9720,0.5,0.9195658409776514,0.10014939665235519
binary_BCC_alloys,0.75,2,9720,0.004999999999999999,9.181853902595863,0.9999905254390555
binary_BCC_alloys,0.75,2,9720,0.005626677913003822,9.181691578477995,0.9999728468110093
binary_BCC_alloys,0.75,2,9720,0.006331900867337016,9.18125691898059,0.9999255082905093
binary_BCC_alloys,0.75,2,9720,0.007125513351514988,9.180125890301134,0.9998023285954876
binary_BCC_alloys,0.75,2,9720,0.008018593718756654,9.177300389027756,0.9994946048467798
binary_BCC_alloys,0.75,2,9720,0.00902360883413585,9.170617148816293,0.9987667369279918
binary_BCC_alloys,0.75,2,9720,0.010154588104523677,9.155839863115801,0.9971573510840263
binary_BCC_alloys,0.75,2,9720,0.011427319320674952,9.125725805164171,0.9938776460316905
binary_BCC_alloys,0.75,2,9720,0.01285956904529672,9.069926194710881,0.9878005419557147
binary_BCC_alloys,0.75,2,9720,0.01447133062358375,8.976413880259376,0.9776161685758522
binary_BCC_alloys,0.75,2,9720,0.016285103278298914,8.833907534294774,0.9620958828806885
binary_BCC_alloys,0.75,2,9720,0.018326206185398135,8.634576569316101,0.9403868600058044
binary_BCC_alloys,0.75,2,9720,0.020623131914506758,8.376966982142674,0.9123307452855666
binary_BCC_alloys,0.75,2,9720,0.023207944168063883,8.067861302783351,0.8786662202345485
binary_BCC_alloys,0.75,2,9720,0.026116725371334214,7.721063394903725,0.8408966558523852
binary_BCC_alloys,0.75,2,9720,0.029390080361374554,7.3533021950718895,0.8008439911773392
binary_BCC_alloys,0.75,2,9720,0.03307370320615074,6.979816832459746,0.7601679111651399
binary_BCC_alloys,0.75,2,9720,0.03721901506625844,6.611963403445668,0.7201052018619186
binary_BCC_alloys,0.75,2,9720,0.04188388200341457,6.257071507501705,0.6814541258086683
binary_BCC_alloys,0.75,2,9720,0.047133422755894265,5.919292441923664,0.6446667984504968
binary_BCC_alloys,0.75,2,9720,0.05304091775697241,5.600239457860613,0.60991891805938
binary_BCC_alloys,0.75,2,9720,0.05968883208572181,5.299055863038455,0.5771171827633431
binary_BCC_alloys,0.75,2,9720,0.067169966629945,5.012483482555789,0.5459067465730914
binary_BCC_alloys,0.75,2,9720,0.0755887535307831,4.735814309008821,0.515774863059915
binary_BCC_alloys,0.75,2,9720,0.08506271399262945,4.464830358026082,0.4862621539269404
binary_BCC_alloys,0.75,2,9720,0.09572409880849786,4.197588086045814,0.457156948941973
binary_BCC_alloys,0.75,2,9720,0.10772173450159415,3.9346856601249645,0.428524394141524
binary_BCC_alloys,0.75,2,9720,0.1212231008541164,3.6779765421194344,0.4005663490100532
binary_BCC_alloys,0.75,2,9720,0.1364166688243384,3.4289454818449623,0.37344451681186175
binary_BCC_alloys,0.75,2,9720,0.15351453148789246,3.187794506877661,0.3471809002562209
binary_BCC_alloys,0.75,2,9720,0.1727553647296109,2.9533463640474236,0.3216472853649256
binary_BCC_alloys,0.75,2,9720,0.19440775901540433,2.7233625474815866,0.29659987772700497
binary_BCC_alloys,0.75,2,9720,0.2187739687537092,2.495011373703376,0.2717302802934693
binary_BCC_alloys,0.75,2,9720,0.24619413158533693,2.2654389339325958,0.24672767547007896
binary_BCC_alloys,0.75,2,9720,0.27705101650047453,2.032548200622295,0.2213636771704531
binary_BCC_alloys,0.75,2,9720,0.3117753670636956,1.7962506674745071,0.19562864622364132
binary_BCC_alloys,0.75,2,9720,0.35085191433519125,1.5598772594343595,0.1698853517851335
binary_BCC_alloys,0.75,2,9720,0.3948261434249862,1.3302757644665917,0.14487958257664071
binary_BCC_alloys,0.75,2,9720,0.4443119081371701,1.1156532706754012,0.12150516793074702
binary_BCC_alloys,0.75,2,9720,0.5,0.9226198584120584,0.10048200796716486
divacancy,1.0,0,2360,0.004999999999999999,7.766010421731794,0.9999476623141407
divacancy,1.0,0,2360,0.005626677913003822,7.764628304887385,0.9997697016325859
divacancy,1.0,0,2360,0.006331900867337016,7.759698714757088,0.9991349700446444
divacancy,1.0,0,2360,0.007125513351514988,7.744670981175963,0.9972000064985904
divacancy,1.0,0,2360,0.008018593718756654,7.705695234887883,0.99218150867651
divacancy,1.0,0,2360,0.00902360883413585,7.620225770537281,0.9811765027036274
divacancy,1.0,0,2360,0.010154588104523677,7.4614921746798215,0.9607380433803926
divacancy,1.0,0,2360,0.011427319320674952,7.208577467942484,0.9281728707842848
divacancy,1.0,0,2360,0.01285956904529672,6.856490136468037,0.8828382800588983
divacancy,1.0,0,2360,0.01447133062358375,6.420922191265489,0.8267547667834761
divacancy,1.0,0,2360,0.016285103278298914,5.934176476843137,0.764081629246079
divacancy,1.0,0,2360,0.018326206185398135,5.433540179333232,0.6996199470979623
divacancy,1.0,0,2360,0.020623131914506758,4.950220949523187,0.6373880020251598
divacancy,1.0,0,2360,0.023207944168063883,4.504810751584093,0.5800372051534816
divacancy,1.0,0,2360,0.026116725371334214,4.107734453984317,0.5289098573927624
divacancy,1.0,0,2360,0.029390080361374554,3.7614735795421614,0.4843254783941991
divacancy,1.0,0,2360,0.03307370320615074,3.4629744062939105,0.44589087242753195
divacancy,1.0,0,2360,0.03721901506625844,3.2058006493820543,0.41277730663666734
divacancy,1.0,0,2360,0.04188388200341457,2.9822465370356195,0.38399258965818034
divacancy,1.0,0,2360,0.047133422755894265,2.7853606461243943,0.35864165968667333
divacancy,1.0,0,2360,0.05304091775697241,2.6102010077210616,0.3360881912464205
divacancy,1.0,0,2360,0.05968883208572181,2.453965517579342,0.3159713867800574
divacancy,1.0,0,2360,0.067169966629945,2.315391421585867,0.29812865469226413
divacancy,1.0,0,2360,0.0755887535307831,2.1939373327828218,0.28249028626601924
divacancy,1.0,0,2360,0.08506271399262945,2.089055109316412,0.2689857030272347
divacancy,1.0,0,2360,0.09572409880849786,1.9997920334737829,0.25749223351423567
divacancy,1.0,0,2360,0.10772173450159415,1.9247726089721933,0.24783276950571473
divacancy,1.0,0,2360,0.1212231008541164,1.8623769923025397,0.23979874075230545
divacancy,1.0,0,2360,0.1364166688243384,1.8109269892508453,0.23317406379673106
divacancy,1.0,0,2360,0.15351453148789246,1.768806273792876,0.22775062129923784
divacancy,1.0,0,2360,0.1727553647296109,1.7344842085522045,0.22333132914799841
divacancy,1.0,0,2360,0.19440775901540433,1.7062759841684583,0.2196992521227567
divacancy,1.0,0,2360,0.2187739687537092,1.6813817273758742,0.2164938799260965
divacancy,1.0,0,2360,0.24619413158533693,1.6539225978406422,0.21295825598319
divacancy,1.0,0,2360,0.27705101650047453,1.6132754973803296,0.20772455542422605
divacancy,1.0,0,2360,0.3117753670636956,1.5459439786876679,0.19905498236669028
divacancy,1.0,0,2360,0.35085191433519125,1.4424047582434274,0.18572332353304696
divacancy,1.0,0,2360,0.3948261434249862,1.3040060670139306,0.1679031764759418
divacancy,1.0,0,2360,0.4443119081371701,1.1429296781234193,0.1471630602800698
divacancy,1.0,0,2360,0.5,0.9755433392537549,0.12561047804458025
divacancy,0.25,0,590,0.004999999999999999,6.380046933586519,0.9999881501784945
divacancy,0.25,0,590,0.005626677913003822,6.3797467676553055,0.9999411031304986
divacancy,0.25,0,590,0.006331900867337016,6.37860503958658,0.9997621523247542
divacancy,0.25,0,590,0.007125513351514988,6.374944322524694,0.999188383241055
divacancy,0.25,0,590,0.008018593718756654,6.364801254491762,0.9975985911995591
divacancy,0.25,0,590,0.00902360883413585,6.340167149027155,0.9937375202997238
divacancy,0.25,0,590,0.010154588104523677,6.287307501411179,0.9854524682007617
divacancy,0.25,0,590,0.011427319320674952,6.1869820237945605,0.9697277737240678
divacancy,0.25,0,590,0.01285956904529672,6.019449628037525,0.9434692818552827
divacancy,0.25,0,590,0.01447133062358375,5.7741088287560025,0.9050153496835129
divacancy,0.25,0,590,0.016285103278298914,5.457136657563939,0.855334145387069
divacancy,0.25,0,590,0.018326206185398135,5.090753789629204,0.7979084665202854
divacancy,0.25,0,590,0.020623131914506758,4.704707989288655,0.7374008825189072
divacancy,0.25,0,590,0.023207944168063883,4.325978462732715,0.678040027869872
divacancy,0.25,0,590,0.026116725371334214,3.973231917098305,0.6227516625454943
divacancy,0.25,0,590,0.029390080361374554,3.6562701373845274,0.5730720869761203
divacancy,0.25,0,590,0.03307370320615074,3.377408501088767,0.5293642060250963
divacancy,0.25,0,590,0.03721901506625844,3.133643374873704,0.49115723981006904
divacancy,0.25,0,590,0.04188388200341457,2.919344646359648,0.45756874252421786
divacancy,0.25,0,590,0.047133422755894265,2.72893841586369,0.4277250789590224
divacancy,0.25,0,590,0.05304091775697241,2.5586291634669753,0.40103135146214086
divacancy,0.25,0,590,0.05968883208572181,2.4066358256206573,0.37720840182955045
divacancy,0.25,0,590,0.067169966629945,2.2723717036812503,0.3561642727923911
divacancy,0.25,0,590,0.0755887535307831,2.155456477321878,0.3378393541590597
divacancy,0.25,0,590,0.08506271399262945,2.055170520985437,0.32212085412141434
divacancy,0.25,0,590,0.09572409880849786,1.9703364783431887,0.3088242376141911
divacancy,0.25,0,590,0.10772173450159415,1.8994197505063182,0.29770897651587835
divacancy,0.25,0,590,0.1212231008541164,1.8407130355476007,0.28850747378310415
divacancy,0.25,0,590,0.1364166688243384,1.7925032337370417,0.2809512236434344
divacancy,0.25,0,590,0.15351453148789246,1.7531748169416987,0.2747870133844801
divacancy,0.25,0,590,0.1727553647296109,1.7212227198023453,0.26977894387569606
divacancy,0.25,0,590,0.19440775901540433,1.695013878873647,0.2656710539759147
divacancy,0.25,0,590,0.2187739687537092,1.6718554821891805,0.26204128095031387
divacancy,0.25,0,590,0.24619413158533693,1.646078280365034,0.2580010447832085
divacancy,0.25,0,590,0.27705101650047453,1.6073547742225291,0.25193164628521014
divacancy,0.25,0,590,0.3117753670636956,1.5424149243551046,0.24175318192314788
divacancy,0.25,0,590,0.35085191433519125,1.4416855348527025,0.22596517958936377
divacancy,0.25,0,590,0.3948261434249862,1.3061228260899451,0.20471751420696344
divacancy,0.25,0,590,0.4443119081371701,1.147363857941478,0.17983414132027095
divacancy,0.25,0,590,0.5,0.9814134506356088,0.15382360526142783
divacancy,0.25,1,590,0.004999999999999999,6.380013389089019,0.9999828925212463
divacancy,0.25,1,590,0.005626677913003822,6.379737387947546,0.9999396329851047
divacancy,0.25,1,590,0.006331900867337016,6.378798597195918,0.9997924899253596
divacancy,0.25,1,590,0.007125513351514988,6.375790999410886,0.9993210886681522
divacancy,0.25,1,590,0.008018593718756654,6.3670320490735675,0.9979482388072505
divacancy,0.25,1,590,0.00902360883413585,6.344303065140427,0.994385770562842
divacancy,0.25,1,590,0.010154588104523677,6.292563839449383,0.9862763298127926
divacancy,0.25,1,590,0.011427319320674952,6.190715017118228,0.9703128711578675
divacancy,0.25,1,590,0.01285956904529672,6.018635135687751,0.9433416209294834
divacancy,0.25,1,590,0.01447133062358375,5.767746848165649,0.9040181931941886
divacancy,0.25,1,590,0.016285103278298914,5.4468589709763595,0.8537232536638869
divacancy,0.25,1,590,0.018326206185398135,5.079617136582459,0.7961629431416456
divacancy,0.25,1,590,0.020623131914506758,4.69569827136951,0.7359887281492948
divacancy,0.25,1,590,0.023207944168063883,4.321046452290175,0.6772670003278436
divacancy,0.25,1,590,0.026116725371334214,3.9730432881009095,0.6227220974397608
divacancy,0.25,1,590,0.029390080361374554,3.6604485391972967,0.5737269963118898
divacancy,0.25,1,590,0.03307370320615074,3.3851000157254254,0.5305697494284046
divacancy,0.25,1,590,0.03721901506625844,3.1439469115168546,0.4927721831882816
divacancy,0.25,1,590,0.04188388200341457,2.9314175938515956,0.45946101769951786
divacancy,0.25,1,590,0.047133422755894265,2.742017359214272,0.42977503070758816
divacancy,0.25,1,590,0.05304091775697241,2.572084950172131,0.40314036843279205
divacancy,0.25,1,590,0.05968883208572181,2.419912388286415,0.3792893277975036
divacancy,0.25,1,590,0.067169966629945,2.284902910409661,0.3581283740547001
divacancy,0.25,1,590,0.0755887535307831,2.1667187960102106,0.33960457396842797
divacancy,0.25,1,590,0.08506271399262945,2.0647893853673263,0.3236284841592793
divacancy,0.25,1,590,0.09572409880849786,1.9781402104554773,0.31004736962570895
divacancy,0.25,1,590,0.10772173450159415,1.9054134673215881,0.2986484125189653
divacancy,0.25,1,590,0.1212231008541164,1.845014225511332,0.28918162854092505
divacancy,0.25,1,590,0.1364166688243384,1.7952849569505867,0.281387222042753
divacancy,0.25,1,590,0.15351453148789246,1.7546293983321948,0.2750149998192364
divacancy,0.25,1,590,0.1727553647296109,1.7215414175120396,0.2698288955353783
divacancy,0.25,1,590,0.19440775901540433,1.694373068820913,0.2655706154578411
divacancy,0.25,1,590,0.2187739687537092,1.6703860589348551,0.2618109682492918
divacancy,0.25,1,590,0.24619413158533693,1.6437848562393969,0.25764158082113364
divacancy,0.25,1,590,0.27705101650047453,1.6040167052846488,0.25140844803649715
divacancy,0.25,1,590,0.3117753670636956,1.5376137650379629,0.241000663567995
divacancy,0.25,1,590,0.35085191433519125,1.4350437607041453,0.22492416915262933
divacancy,0.25,1,590,0.3948261434249862,1.297615991207007,0.2033841801160054
divacancy,0.25,1,590,0.4443119081371701,1.137468846396823,0.178283228859354
divacancy,0.25,1,590,0.5,0.9709469991094662,0.1521831271255285
divacancy,0.25,2,590,0.004999999999999999,6.380038735202682,0.9999868651900339
divacancy,0.25,2,590,0.005626677913003822,6.379720866052085,0.9999370433960545
divacancy,0.25,2,590,0.006331900867337016,6.3785184136114035,0.999748574846473
divacancy,0.25,2,590,0.007125513351514988,6.3746577915537115,0.999143473293115
divacancy,0.25,2,590,0.008018593718756654,6.3639734231930465,0.9974688395695664
divacancy,0.25,2,590,0.00902360883413585,6.338297805826021,0.9934445254253584
divacancy,0.25,2,590,0.010154588104523677,6.284442191759959,0.9850033687305482
divacancy,0.25,2,590,0.011427319320674952,6.1851000890928605,0.969432805298177
divacancy,0.25,2,590,0.01285956904529672,6.022660308006875,0.9439725135645141
divacancy,0.25,2,590,0.01447133062358375,5.78641352153718,0.9069439478742237
divacancy,0.25,2,590,0.016285103278298914,5.480664819124866,0.8590218741767357
divacancy,0.25,2,590,0.018326206185398135,5.126050765025941,0.8034408015487421
divacancy,0.25,2,590,0.020623131914506758,4.751005264638726,0.7446573693782595
divacancy,0.25,2,590,0.023207944168063883,4.381286336739966,0.6867088071428993
divacancy,0.25,2,590,0.026116725371334214,4.034854281714333,0.6324101548800273
divacancy,0.25,2,590,0.029390080361374554,3.7215125310380737,0.5832979710835514
divacancy,0.25,2,590,0.03307370320615074,3.444191170723131,0.5398315080632818
divacancy,0.25,2,590,0.03721901506625844,3.200704771127086,0.5016682285670293
divacancy,0.25,2,590,0.04188388200341457,2.986010797970107,0.4680177819000123
divacancy,0.25,2,590,0.047133422755894265,2.7946609312250406,0.43802621580729467
divacancy,0.25,2,590,0.05304091775697241,2.622587365563035,0.4110559554922601
divacancy,0.25,2,590,0.05968883208572181,2.4676003900443493,0.38676379266587063
divacancy,0.25,2,590,0.067169966629945,2.328921480907875,0.3650277040038712
divacancy,0.25,2,590,0.0755887535307831,2.206427052745235,0.345828319124633
divacancy,0.25,2,590,0.08506271399262945,2.0999543790807316,0.32914013280082605
divacancy,0.25,2,590,0.09572409880849786,2.008875693315327,0.31486475090359034
divacancy,0.25,2,590,0.10772173450159415,1.932043714317395,0.30282235225786364
divacancy,0.25,2,590,0.1212231008541164,1.8679710897495598,0.29277981401549164
divacancy,0.25,2,590,0.1364166688243384,1.8150409825022489,0.28448371829927505
divacancy,0.25,2,590,0.15351453148789246,1.7716535789636405,0.27768331544060343
divacancy,0.25,2,590,0.1727553647296109,1.7362684015343008,0.2721371559076654
divacancy,0.25,2,590,0.19440775901540433,1.7071717522210081,0.267576640158162
divacancy,0.25,2,590,0.2187739687537092,1.6815135385110291,0.263555053807495
divacancy,0.25,2,590,0.24619413158533693,1.6533470145208151,0.2591403229261818
divacancy,0.25,2,590,0.27705101650047453,1.6119944420831933,0.25265885298599533
divacancy,0.25,2,590,0.3117753670636956,1.5439700633303564,0.24199692943211146
divacancy,0.25,2,590,0.35085191433519125,1.4398519299889723,0.22567778622769627
divacancy,0.25,2,590,0.3948261434249862,1.30112250378148,0.2039337796815612
divacancy,0.25,2,590,0.4443119081371701,1.1400184929785555,0.17868285230968534
divacancy,0.25,2,590,0.5,0.9728460541858677,0.15248077894419157
divacancy,0.5,0,1180,0.004999999999999999,7.073080711971622,0.999973278908392
divacancy,0.5,0,1180,0.005626677913003822,7.072402500535738,0.999877395185167
divacancy,0.5,0,1180,0.006331900867337016,7.069955900982482,0.9995315014682603
divacancy,0.5,0,1180,0.007125513351514988,7.062426309630236,0.998466987933076
divacancy,0.5,0,1180,0.008018593718756654,7.0423501055109154,0.9956286677613223
divacancy,0.5,0,1180,0.00902360883413585,6.99572641583779,0.9890371349150575
divacancy,0.5,0,1180,0.010154588104523677,6.901443225362246,0.975707629008784
divacancy,0.5,0,1180,0.011427319320674952,6.735662869621747,0.9522700446436233
divacancy,0.5,0,1180,0.01285956904529672,6.481837244461504,0.9163848550072522
divacancy,0.5,0,1180,0.01447133062358375,6.141089550594183,0.8682108552195419
divacancy,0.5,0,1180,0.016285103278298914,5.734582637388481,0.8107399924582539
divacancy,0.5,0,1180,0.018326206185398135,5.295038649095259,0.7485984361694773
divacancy,0.5,0,1180,0.020623131914506758,4.854771446486981,0.6863546337704934
divacancy,0.5,0,1180,0.023207944168063883,4.43825360903171,0.6274684532496043
divacancy,0.5,0,1180,0.026116725371334214,4.060132718186723,0.5740107305910677
divacancy,0.5,0,1180,0.029390080361374554,3.7262889324761166,0.526812786917784
divacancy,0.5,0,1180,0.03307370320615074,3.435986709598938,0.48577063322179326
divacancy,0.5,0,1180,0.03721901506625844,3.1842495334066383,0.4501807029281824
divacancy,0.5,0,1180,0.04188388200341457,2.964302819133007,0.4190852233184182
divacancy,0.5,0,1180,0.047133422755894265,2.7698193394667716,0.39158966787732263
divacancy,0.5,0,1180,0.05304091775697241,2.596286125771538,0.36705600514042985
divacancy,0.5,0,1180,0.05968883208572181,2.4412228891561916,0.3451335784821353
divacancy,0.5,0,1180,0.067169966629945,2.3036064871817907,0.32567773875433476
divacancy,0.5,0,1180,0.0755887535307831,2.183002084678959,0.3086270101209941
divacancy,0.5,0,1180,0.08506271399262945,2.0788623195170826,0.29390400798453986
divacancy,0.5,0,1180,0.09572409880849786,1.9902198277023275,0.28137196900461103
divacancy,0.5,0,1180,0.10772173450159415,1.9157059789062545,0.2708373998771052
divacancy,0.5,0,1180,0.1212231008541164,1.8537197157570349,0.2620739473826793
divacancy,0.5,0,1180,0.1364166688243384,1.8026016307283201,0.2548470089128321
divacancy,0.5,0,1180,0.15351453148789246,1.7607504315397329,0.24893019803747676
divacancy,0.5,0,1180,0.1727553647296109,1.7266466958900815,0.244108702885741
divacancy,0.5,0,1180,0.19440775901540433,1.6986119935588302,0.24014523147137512
divacancy,0.5,0,1180,0.2187739687537092,1.6738428280908402,0.23664343294574425
divacancy,0.5,0,1180,0.24619413158533693,1.6464428947148653,0.2327697034726067
divacancy,0.5,0,1180,0.27705101650047453,1.6057804596434508,0.2270209568963178
divacancy,0.5,0,1180,0.3117753670636956,1.538421086767012,0.2174978684850038
divacancy,0.5,0,1180,0.35085191433519125,1.434994755609269,0.20287572974449392
divacancy,0.5,0,1180,0.3948261434249862,1.2969860849818933,0.18336443212117354
divacancy,0.5,0,1180,0.4443119081371701,1.1365805341917363,0.16068672333902279
divacancy,0.5,0,1180,0.5,0.9700362717661347,0.13714113988495166
divacancy,0.5,1,1180,0.004999999999999999,7.073011474475015,0.9999634902958588
divacancy,0.5,1,1180,0.005626677913003822,7.072189837392966,0.9998473294374626
divacancy,0.5,1,1180,0.006331900867337016,7.069349571429528,0.9994457802138513
divacancy,0.5,1,1180,0.007125513351514988,7.060837876844239,0.9982424195439934
divacancy,0.5,1,1180,0.008018593718756654,7.038746263090036,0.9951191661355064
divacancy,0.5,1,1180,0.00902360883413585,6.989117987245486,0.9881028529130589
divacancy,0.5,1,1180,0.010154588104523677,6.892397565454791,0.9744287777463861
divacancy,0.5,1,1180,0.011427319320674952,6.727813167816099,0.9511602747466446
divacancy,0.5,1,1180,0.01285956904529672,6.481193558135081,0.9162938523518841
divacancy,0.5,1,1180,0.01447133062358375,6.1529692323114205,0.8698903729237677
divacancy,0.5,1,1180,0.016285103278298914,5.7607308313705055,0.8144367543557226
divacancy,0.5,1,1180,0.018326206185398135,5.333439856047751,0.7540274963476438
divacancy,0.5,1,1180,0.020623131914506758,4.901375309054273,0.6929433635134374
divacancy,0.5,1,1180,0.023207944168063883,4.488746054324231,0.6346069404428588
divacancy,0.5,1,1180,0.026116725371334214,4.111235180645792,0.581235460383702
divacancy,0.5,1,1180,0.029390080361374554,3.776197360650056,0.5338687073290678
divacancy,0.5,1,1180,0.03307370320615074,3.4840063707392193,0.4925595247894015
divacancy,0.5,1,1180,0.03721901506625844,3.230223862881686,0.4566804309622434
divacancy,0.5,1,1180,0.04188388200341457,3.008204030988389,0.4252918595148318
divacancy,0.5,1,1180,0.047133422755894265,2.811566996690502,0.39749184026595363
divacancy,0.5,1,1180,0.05304091775697241,2.635729183842368,0.37263235944987577
divacancy,0.5,1,1180,0.05968883208572181,2.4781545391824498,0.350354876623092
divacancy,0.5,1,1180,0.067169966629945,2.3377944416204,0.3305111405337437
divacancy,0.5,1,1180,0.0755887535307831,2.21429205196217,0.3130507022086823
divacancy,0.5,1,1180,0.08506271399262945,2.107269050507199,0.297920075818062
divacancy,0.5,1,1180,0.09572409880849786,2.0159176368045717,0.28500505668947784
divacancy,0.5,1,1180,0.10772173450159415,1.9389650892354169,0.27412571083628573
divacancy,0.5,1,1180,0.1212231008541164,1.874848931113957,0.26506113947359683
divacancy,0.5,1,1180,0.1364166688243384,1.8219116048669337,0.2575770015343419
divacancy,0.5,1,1180,0.15351453148789246,1.7785327565484075,0.2514442157010165
divacancy,0.5,1,1180,0.1727553647296109,1.7431634154792781,0.2464437926319197
divacancy,0.5,1,1180,0.19440775901540433,1.7140931118573786,0.24233391067023766
divacancy,0.5,1,1180,0.2187739687537092,1.6884937765123358,0.2387147449424197
divacancy,0.5,1,1180,0.24619413158533693,1.6604613578305563,0.234751596384323
divacancy,0.5,1,1180,0.27705101650047453,1.6193503181353786,0.22893942728327785
divacancy,0.5,1,1180,0.3117753670636956,1.5516236843091384,0.21936441649879396
divacancy,0.5,1,1180,0.35085191433519125,1.4476833104175475,0.20466960376812374
divacancy,0.5,1,1180,0.3948261434249862,1.3088081369076527,0.18503580227924593
divacancy,0.5,1,1180,0.4443119081371701,1.1471686319661416,0.16218364035157068
divacancy,0.5,1,1180,0.5,0.9791736457205806,0.13843295743460501
divacancy,0.5,2,1180,0.004999999999999999,7.073089510576087,0.9999745228316151
divacancy,0.5,2,1180,0.005626677913003822,7.0724570816681185,0.9998851117200316
divacancy,0.5,2,1180,0.006331900867337016,7.070148338775629,0.9995587078099997
divacancy,0.5,2,1180,0.007125513351514988,7.06289462991902,0.9985331978059482
divacancy,0.5,2,1180,0.008018593718756654,7.043194748041376,0.9957480810686327
divacancy,0.5,2,1180,0.00902360883413585,6.996905887272822,0.9892038854395173
divacancy,0.5,2,1180,0.010154588104523677,6.902685314104966,0.9758832322011315
divacancy,0.5,2,1180,0.011427319320674952,6.736151335632756,0.9523391026649516
divacancy,0.5,2,1180,0.01285956904529672,6.480057199343524,0.9161331969779273
divacancy,0.5,2,1180,0.01447133062358375,6.1355759851894325,0.8674313620537235
divacancy,0.5,2,1180,0.016285103278298914,5.724624901455644,0.8093321943209572
divacancy,0.5,2,1180,0.018326206185398135,5.281177602166184,0.7466387983382122
divacancy,0.5,2,1180,0.020623131914506758,4.8388375423573065,0.6841019409189338
divacancy,0.5,2,1180,0.023207944168063883,4.422402589128064,0.6252274783487717
divacancy,0.5,2,1180,0.026116725371334214,4.0459985887555,0.5720124850842784
divacancy,0.5,2,1180,0.029390080361374554,3.7148995760070407,0.5252025900888744
divacancy,0.5,2,1180,0.03307370320615074,3.4279498265619006,0.4846344001417512
divacancy,0.5,2,1180,0.03721901506625844,3.179819227640958,0.4495543581198196
divacancy,0.5,2,1180,0.04188388200341457,2.9633682358145332,0.4189530944224753
divacancy,0.5,2,1180,0.047133422755894265,2.7719610720757037,0.3918924603190763
divacancy,0.5,2,1180,0.05304091775697241,2.600945501841549,0.3677147352972214
divacancy,0.5,2,1180,0.05968883208572181,2.447819522991191,0.3460661929728165
divacancy,0.5,2,1180,0.067169966629945,2.3115467159391248,0.32680030711020197
divacancy,0.5,2,1180,0.0755887535307831,2.1917209257653907,0.30985965661048254
divacancy,0.5,2,1180,0.08506271399262945,2.0879061069405367,0.2951825945201459
divacancy,0.5,2,1180,0.09572409880849786,1.9992821274357138,0.2826531727612014
divacancy,0.5,2,1180,0.10772173450159415,1.9246092377002,0.272096118850025
divacancy,0.5,2,1180,0.1212231008541164,1.8623774983210755,0.26329796158118635
divacancy,0.5,2,1180,0.1364166688243384,1.810984552065292,0.2560321639644314
divacancy,0.5,2,1180,0.15351453148789246,1.7688620761413318,0.2500770007080403
divacancy,0.5,2,1180,0.1727553647296109,1.7345084636480916,0.24522017863487072
divacancy,0.5,2,1180,0.19440775901540433,1.7062554589724417,0.24122584421752055
divacancy,0.5,2,1180,0.2187739687537092,1.681309217369757,0.23769901114043498
divacancy,0.5,2,1180,0.24619413158533693,1.65378233072672,0.23380733335313256
divacancy,0.5,2,1180,0.27705101650047453,1.613026592108103,0.22804539577028946
divacancy,0.5,2,1180,0.3117753670636956,1.5455238672610188,0.21850204063985237
divacancy,0.5,2,1180,0.35085191433519125,1.4417680084964615,0.2038333141655253
divacancy,0.5,2,1180,0.3948261434249862,1.3031670362334533,0.184238278517318
divacancy,0.5,2,1180,0.4443119081371701,1.1419630923889423,0.16144769505538753
divacancy,0.5,2,1180,0.5,0.9745449522201496,0.13777856509763453
divacancy,0.75,0,1770,0.004999999999999999,7.478405094103216,0.9999559107960974
divacancy,0.75,0,1770,0.005626677913003822,7.477334037132536,0.9998126971382179
divacancy,0.75,0,1770,0.006331900867337016,7.473594225602915,0.9993126377542649
divacancy,0.75,0,1770,0.007125513351514988,7.462252668346567,0.9977961302806245
divacancy,0.75,0,1770,0.008018593718756654,7.432555501617478,0.9938252491861964
divacancy,0.75,0,1770,0.00902360883413585,7.3659876632898325,0.9849243000443619
divacancy,0.75,0,1770,0.010154588104523677,7.23839723330687,0.9678638703114125
divacancy,0.75,0,1770,0.011427319320674952,7.027354922991165,0.9396448847158536
divacancy,0.75,0,1770,0.01285956904529672,6.721844154946164,0.898794289639192
divacancy,0.75,0,1770,0.01447133062358375,6.32977365200483,0.8463695798338723
divacancy,0.75,0,1770,0.016285103278298914,5.8778537382911145,0.7859422583344232
divacancy,0.75,0,1770,0.018326206185398135,5.401817283052392,0.7222902548416298
divacancy,0.75,0,1770,0.020623131914506758,4.934150292375432,0.6597573530093404
divacancy,0.75,0,1770,0.023207944168063883,4.49774346687925,0.601404324632907
divacancy,0.75,0,1770,0.026116725371334214,4.105366367738489,0.548938619096815
divacancy,0.75,0,1770,0.029390080361374554,3.7613640795160226,0.5029412283287388
divacancy,0.75,0,1770,0.03307370320615074,3.463882327628089,0.4631642127203072
divacancy,0.75,0,1770,0.03721901506625844,3.207139292758422,0.42883447101159894
divacancy,0.75,0,1770,0.04188388200341457,2.9837548480517655,0.3989651883164882
divacancy,0.75,0,1770,0.047133422755894265,2.786955262990796,0.3726506324923985
divacancy,0.75,0,1770,0.05304091775697241,2.6119292411548733,0.349247473279218
divacancy,0.75,0,1770,0.05968883208572181,2.4559346264838418,0.3283890502558844
divacancy,0.75,0,1770,0.067169966629945,2.3176371172169685,0.3098969506571569
divacancy,0.75,0,1770,0.0755887535307831,2.196351018097527,0.2936794884863101
divacancy,0.75,0,1770,0.08506271399262945,2.0914445598524214,0.2796521883223228
divacancy,0.75,0,1770,0.09572409880849786,2.0019831314813556,0.26769008103310327
divacancy,0.75,0,1770,0.10772173450159415,1.9266567721432124,0.25761800853754935
divacancy,0.75,0,1770,0.1212231008541164,1.8639069607314396,0.24922757715104701
divacancy,0.75,0,1770,0.1364166688243384,1.812097024708431,0.2422999433692095
divacancy,0.75,0,1770,0.15351453148789246,1.7696351235333854,0.2366222582840425
divacancy,0.75,0,1770,0.1727553647296109,1.7350041596035977,0.23199166704936025
divacancy,0.75,0,1770,0.19440775901540433,1.7065277276129838,0.228184013394726
divacancy,0.75,0,1770,0.2187739687537092,1.6814141819815884,0.22482601953384748
divacancy,0.75,0,1770,0.24619413158533693,1.6537936140304146,0.22113280556178014
divacancy,0.75,0,1770,0.27705101650047453,1.613049125752104,0.21568475997270328
divacancy,0.75,0,1770,0.3117753670636956,1.5456897401953835,0.20667797110696678
divacancy,0.75,0,1770,0.35085191433519125,1.4421997806653655,0.1928400744648486
divacancy,0.75,0,1770,0.3948261434249862,1.303917103416696,0.17434995809169998
divacancy,0.75,0,1770,0.4443119081371701,1.1429803322274454,0.1528307071832376
divacancy,0.75,0,1770,0.5,0.9757094117049822,0.13046450161186116
divacancy,0.75,1,1770,0.004999999999999999,7.478395087707094,0.9999545728162978
divacancy,0.75,1,1770,0.005626677913003822,7.477262071562775,0.9998030744451502
divacancy,0.75,1,1770,0.006331900867337016,7.473244140483817,0.9992658270132421
divacancy,0.75,1,1770,0.007125513351514988,7.460990826807878,0.9976274063496229
divacancy,0.75,1,1770,0.008018593718756654,7.428997323430385,0.9933494764425328
divacancy,0.75,1,1770,0.00902360883413585,7.357935427219203,0.9838476157844653
divacancy,0.75,1,1770,0.010154588104523677,7.223544727305581,0.965877905258806
divacancy,0.75,1,1770,0.011427319320674952,7.0047172292339095,0.9366179430893283
divacancy,0.75,1,1770,0.01285956904529672,6.692764332347256,0.8949059551445002
divacancy,0.75,1,1770,0.01447133062358375,6.297252466438467,0.8420210922454126
divacancy,0.75,1,1770,0.016285103278298914,5.844938371275789,0.7815410637763817
divacancy,0.75,1,1770,0.018326206185398135,5.370728133771911,0.7181332483417877
divacancy,0.75,1,1770,0.020623131914506758,4.906229813826401,0.6560240372547052
divacancy,0.75,1,1770,0.023207944168063883,4.473618398201077,0.5981785024529715
divacancy,0.75,1,1770,0.026116725371334214,4.0851508051311605,0.5462355465746798
divacancy,0.75,1,1770,0.029390080361374554,3.7448424172625807,0.5007320762944991
divacancy,0.75,1,1770,0.03307370320615074,3.4506506603212244,0.46139497399003043
divacancy,0.75,1,1770,0.03721901506625844,3.196727819634162,0.4274423273713851
divacancy,0.75,1,1770,0.04188388200341457,2.975707628266667,0.39788917479644903
divacancy,0.75,1,1770,0.047133422755894265,2.7808412514752767,0.37183311299770844
divacancy,0.75,1,1770,0.05304091775697241,2.6073104366105175,0.3486298815806107
divacancy,0.75,1,1770,0.05968883208572181,2.4523681038310947,0.32791216175322563
divacancy,0.75,1,1770,0.067169966629945,2.314753343768165,0.30951135422727083
divacancy,0.75,1,1770,0.0755887535307831,2.193928496912937,0.29335556722942746
divacancy,0.75,1,1770,0.08506271399262945,2.0893930635500655,0.27937787771361633
divacancy,0.75,1,1770,0.09572409880849786,2.0002737688052594,0.2674615179517847
divacancy,0.75,1,1770,0.10772173450159415,1.9252720338449554,0.25743285177901276
divacancy,0.75,1,1770,0.1212231008541164,1.8628243304902405,0.2490828160027445
divacancy,0.75,1,1770,0.1364166688243384,1.8112883333808083,0.24219181126578768
divacancy,0.75,1,1770,0.15351453148789246,1.7690691797094336,0.23654658454548222
divacancy,0.75,1,1770,0.1727553647296109,1.7346483278910512,0.2319440879172148
divacancy,0.75,1,1770,0.19440775901540433,1.7063452236963175,0.22815961034783064
divacancy,0.75,1,1770,0.2187739687537092,1.6813522027909806,0.2248177321440612
divacancy,0.75,1,1770,0.24619413158533693,1.6537629460496852,0.22112870487076158
divacancy,0.75,1,1770,0.27705101650047453,1.6129096552961486,0.21566611103552227
divacancy,0.75,1,1770,0.3117753670636956,1.5452604446720244,0.20662056894826322
divacancy,0.75,1,1770,0.35085191433519125,1.441309009988315,0.19272096733004218
divacancy,0.75,1,1770,0.3948261434249862,1.3024946185684547,0.174159754149266
divacancy,0.75,1,1770,0.4443119081371701,1.1411183250865355,0.15258173363566052
divacancy,0.75,1,1770,0.5,0.9736137321667807,0.13018428315418343
divacancy,0.75,2,1770,0.004999999999999999,7.478431889068687,0.9999594936167342
divacancy,0.75,2,1770,0.005626677913003822,7.477379265000704,0.9998187446675424
divacancy,0.75,2,1770,0.006331900867337016,7.473594380528626,0.9993126584697621
divacancy,0.75,2,1770,0.007125513351514988,7.461987068358325,0.9977606162539293
divacancy,0.75,2,1770,0.008018593718756654,7.431581297440698,0.993694985953243
divacancy,0.75,2,1770,0.00902360883413585,7.363679119601467,0.9846156189984084
divacancy,0.75,2,1770,0.010154588104523677,7.234136070564658,0.967294099776476
divacancy,0.75,2,1770,0.011427319320674952,7.021022336673147,0.9387981390475396
divacancy,0.75,2,1770,0.01285956904529672,6.714505304729262,0.897812993953749
divacancy,0.75,2,1770,0.01447133062358375,6.32326886413617,0.845499808673325
divacancy,0.75,2,1770,0.016285103278298914,5.87337873560169,0.7853438947349913
divacancy,0.75,2,1770,0.018326206185398135,5.399511864476505,0.7219819916621405
divacancy,0.75,2,1770,0.020623131914506758,4.933840105055389,0.6597158771010113
divacancy,0.75,2,1770,0.023207944168063883,4.4994095635395235,0.6016271025089962
divacancy,0.75,2,1770,0.026116725371334214,4.108976944758487,0.5494213982171088
divacancy,0.75,2,1770,0.029390080361374554,3.7666803950360346,0.5036520859328668
divacancy,0.75,2,1770,0.03307370320615074,3.47050464279391,0.4640496987443846
divacancy,0.75,2,1770,0.03721901506625844,3.214656168527576,0.42983957093083336
divacancy,0.75,2,1770,0.04188388200341457,2.991822023260196,0.40004387012518805
divacancy,0.75,2,1770,0.047133422755894265,2.795242014701988,0.37375867441452437
divacancy,0.75,2,1770,0.05304091775697241,2.6200022469403685,0.3503269347086961
divacancy,0.75,2,1770,0.05968883208572181,2.463281561607782,0.3293714269941026
divacancy,0.75,2,1770,0.067169966629945,2.3238870586205187,0.31073264567099573
divacancy,0.75,2,1770,0.0755887535307831,2.201447410228414,0.29436093959398457
divacancy,0.75,2,1770,0.08506271399262945,2.095579893880724,0.280205133990909
divacancy,0.75,2,1770,0.09572409880849786,2.00542287372098,0.2681500174153727
divacancy,0.75,2,1770,0.10772173450159415,1.9296308284890769,0.2580156769153205
divacancy,0.75,2,1770,0.1212231008541164,1.866585578761942,0.24958574174612597
divacancy,0.75,2,1770,0.1364166688243384,1.814599838903765,0.24263460080174443
divacancy,0.75,2,1770,0.15351453148789246,1.772043861674145,0.23694433657628586
divacancy,0.75,2,1770,0.1727553647296109,1.7373717661633112,0.2323082455368899
divacancy,0.75,2,1770,0.19440775901540433,1.7088824899378319,0.22849887444806857
divacancy,0.75,2,1770,0.2187739687537092,1.6837598887770433,0.22513966975011607
divacancy,0.75,2,1770,0.24619413158533693,1.6561144065880247,0.22144312443412148
divacancy,0.75,2,1770,0.27705101650047453,1.6153260083979846,0.21598920754291215
divacancy,0.75,2,1770,0.3117753670636956,1.5479086731795422,0.2069746700855925
divacancy,0.75,2,1770,0.35085191433519125,1.4443284781205148,0.1931247078292877
divacancy,0.75,2,1770,0.3948261434249862,1.3058881759069947,0.17461351503498937
divacancy,0.75,2,1770,0.4443119081371701,1.1447208291901556,0.15306343330647973
divacancy,0.75,2,1770,0.5,0.9771796444538156,0.13066109004334386
double_self_interstitial_defect,1.0,0,3090,0.004999999999999999,8.03148383128773,0.9994471653422925
double_self_interstitial_defect,1.0,0,3090,0.005626677913003822,8.021627299745184,0.9982206071225115
double_self_interstitial_defect,1.0,0,3090,0.006331900867337016,7.995656083704761,0.9949887188690638
double_self_interstitial_defect,1.0,0,3090,0.007125513351514988,7.936649672624905,0.9876458926205638
double_self_interstitial_defect,1.0,0,3090,0.008018593718756654,7.821678231385221,0.9733387130935776
double_self_interstitial_defect,1.0,0,3090,0.00902360883413585,7.629649711699465,0.9494424613303423
double_self_interstitial_defect,1.0,0,3090,0.010154588104523677,7.35223640752395,0.9149208279297552
double_self_interstitial_defect,1.0,0,3090,0.011427319320674952,6.998766165859138,0.87093458099385
double_self_interstitial_defect,1.0,0,3090,0.01285956904529672,6.591334759462259,0.8202333441179869
double_self_interstitial_defect,1.0,0,3090,0.01447133062358375,6.15543230324572,0.7659891367731144
double_self_interstitial_defect,1.0,0,3090,0.016285103278298914,5.71342827318647,0.7109856425007792
double_self_interstitial_defect,1.0,0,3090,0.018326206185398135,5.282748505643499,0.6573913525933208
double_self_interstitial_defect,1.0,0,3090,0.020623131914506758,4.875479548753025,0.6067103311224933
double_self_interstitial_defect,1.0,0,3090,0.023207944168063883,4.49810239886096,0.5597490807922284
double_self_interstitial_defect,1.0,0,3090,0.026116725371334214,4.152675708442966,0.5167637827048537
double_self_interstitial_defect,1.0,0,3090,0.029390080361374554,3.8388795228866033,0.47771462133721565
double_self_interstitial_defect,1.0,0,3090,0.03307370320615074,3.5551270312858616,0.44240413209930063
double_self_interstitial_defect,1.0,0,3090,0.03721901506625844,3.2989753308920604,0.41052831733903544
double_self_interstitial_defect,1.0,0,3090,0.04188388200341457,3.067919656134065,0.3817754811229531
double_self_interstitial_defect,1.0,0,3090,0.047133422755894265,2.860041569488831,0.3559068908600942
double_self_interstitial_defect,1.0,0,3090,0.05304091775697241,2.673904420878812,0.33274376814814166
double_self_interstitial_defect,1.0,0,3090,0.05968883208572181,2.508210686258721,0.3121246475896338
double_self_interstitial_defect,1.0,0,3090,0.067169966629945,2.3617086440001995,0.2938937634930074
double_self_interstitial_defect,1.0,0,3090,0.0755887535307831,2.2333723858935834,0.27792345065048885
double_self_interstitial_defect,1.0,0,3090,0.08506271399262945,2.122373468823608,0.26411061663973245
double_self_interstitial_defect,1.0,0,3090,0.09572409880849786,2.027708218746268,0.2523303630983334
double_self_interstitial_defect,1.0,0,3090,0.10772173450159415,1.9479735965978162,0.24240809421752413
double_self_interstitial_defect,1.0,0,3090,0.1212231008541164,1.8814804532075007,0.23413361031490335
double_self_interstitial_defect,1.0,0,3090,0.1364166688243384,1.826470348587175,0.22728808907836837
double_self_interstitial_defect,1.0,0,3090,0.15351453148789246,1.7812611377223397,0.2216622024308475
double_self_interstitial_defect,1.0,0,3090,0.1727553647296109,1.744271037354045,0.21705911142855988
double_self_interstitial_defect,1.0,0,3090,0.19440775901540433,1.7137582561882585,0.2132620655422127
double_self_interstitial_defect,1.0,0,3090,0.2187739687537092,1.6868145143190052,0.20990915504639188
double_self_interstitial_defect,1.0,0,3090,0.24619413158533693,1.657350241767503,0.20624258678838792
double_self_interstitial_defect,1.0,0,3090,0.27705101650047453,1.6144482184352493,0.2009038092340048
double_self_interstitial_defect,1.0,0,3090,0.3117753670636956,1.544373340117193,0.1921836100817819
double_self_interstitial_defect,1.0,0,3090,0.35085191433519125,1.4376378894912694,0.17890132678139856
double_self_interstitial_defect,1.0,0,3090,0.3948261434249862,1.2960718979974575,0.1612846905682773
double_self_interstitial_defect,1.0,0,3090,0.4443119081371701,1.1325999397372268,0.14094205043748775
double_self_interstitial_defect,1.0,0,3090,0.5,0.9640582962027769,0.11996853278979938
double_self_interstitial_defect,0.25,0,772,0.004999999999999999,6.647418621936343,0.9997644861291748
double_self_interstitial_defect,0.25,0,772,0.005626677913003822,6.644012118050513,0.9992521516726574
double_self_interstitial_defect,0.25,0,772,0.006331900867337016,6.635212579527584,0.9979287107085937
double_self_interstitial_defect,0.25,0,772,0.007125513351514988,6.6149043227453,0.9948743711129018
double_self_interstitial_defect,0.25,0,772,0.008018593718756654,6.572657862278562,0.988520549691166
double_self_interstitial_defect,0.25,0,772,0.00902360883413585,6.493776480477006,0.9766568761921409
double_self_interstitial_defect,0.25,0,772,0.010154588104523677,6.362760394260467,0.9569522002027748
double_self_interstitial_defect,0.25,0,772,0.011427319320674952,6.170041778389163,0.927967531277565
double_self_interstitial_defect,0.25,0,772,0.01285956904529672,5.917510192141754,0.8899870570641804
double_self_interstitial_defect,0.25,0,772,0.01447133062358375,5.6183984148555,0.8450009730936379
double_self_interstitial_defect,0.25,0,772,0.016285103278298914,5.291774782781629,0.7958771362706671
double_self_interstitial_defect,0.25,0,772,0.018326206185398135,4.956014880263733,0.7453792143712027
double_self_interstitial_defect,0.25,0,772,0.020623131914506758,4.625540426305796,0.6956762181510198
double_self_interstitial_defect,0.25,0,772,0.023207944168063883,4.310176486067519,0.6482458266580658
double_self_interstitial_defect,0.25,0,772,0.026116725371334214,4.014973381248058,0.603847602749069
double_self_interstitial_defect,0.25,0,772,0.029390080361374554,3.7411447763875727,0.5626640802426939
double_self_interstitial_defect,0.25,0,772,0.03307370320615074,3.4879320866517762,0.5245811688100221
double_self_interstitial_defect,0.25,0,772,0.03721901506625844,3.2540499571403143,0.4894055524806699
double_self_interstitial_defect,0.25,0,772,0.04188388200341457,3.0385420015359066,0.45699339179914084
double_self_interstitial_defect,0.25,0,772,0.047133422755894265,2.841038832467922,0.42728913130913126
double_self_interstitial_defect,0.25,0,772,0.05304091775697241,2.6614149308860116,0.40027389308283085
double_self_interstitial_defect,0.25,0,772,0.05968883208572181,2.499533332652133,0.3759270778637647
double_self_interstitial_defect,0.25,0,772,0.067169966629945,2.355217595046718,0.3542221488600002
double_self_interstitial_defect,0.25,0,772,0.0755887535307831,2.2281961821055716,0.33511826735967803
double_self_interstitial_defect,0.25,0,772,0.08506271399262945,2.117996106594183,0.3185442966003419
double_self_interstitial_defect,0.25,0,772,0.09572409880849786,2.0237965826868667,0.30437679129203654
double_self_interstitial_defect,0.25,0,772,0.10772173450159415,1.9443435534238176,0.29242714264038594
double_self_interstitial_defect,0.25,0,772,0.1212231008541164,1.8780563877696088,0.2824576254674273
double_self_interstitial_defect,0.25,0,772,0.1364166688243384,1.8232339502606074,0.2742123908610697
double_self_interstitial_defect,0.25,0,772,0.15351453148789246,1.7782140137235767,0.26744144167351847
double_self_interstitial_defect,0.25,0,772,0.1727553647296109,1.7414139173538803,0.261906747451743
double_self_interstitial_defect,0.25,0,772,0.19440775901540433,1.711076251616529,0.257343995724904
double_self_interstitial_defect,0.25,0,772,0.2187739687537092,1.684254169752622,0.25330998396534793
double_self_interstitial_defect,0.25,0,772,0.24619413158533693,1.6547878646363126,0.24887828392233913
double_self_interstitial_defect,0.25,0,772,0.27705101650047453,1.6116862990846534,0.24239585563161636
double_self_interstitial_defect,0.25,0,772,0.3117753670636956,1.5412188066694967,0.23179762188855643
double_self_interstitial_defect,0.25,0,772,0.35085191433519125,1.4340380862352142,0.2156777588285824
double_self_interstitial_defect,0.25,0,772,0.3948261434249862,1.2921778845667653,0.19434213974251907
double_self_interstitial_defect,0.25,0,772,0.4443119081371701,1.1286848868441013,0.16975297180377646
double_self_interstitial_defect,0.25,0,772,0.5,0.9603794141705315,0.14444001289895506
double_self_interstitial_defect,0.25,1,772,0.004999999999999999,6.648092294698735,0.999865805775404
double_self_interstitial_defect,0.25,1,772,0.005626677913003822,6.645937167387791,0.999541676986304
double_self_interstitial_defect,0.25,1,772,0.006331900867337016,6.639760683244463,0.9986127405303898
double_self_interstitial_defect,0.25,1,772,0.007125513351514988,6.623892858584502,0.9962262370665035
double_self_interstitial_defect,0.25,1,772,0.008018593718756654,6.587822048816113,0.9908012267514691
double_self_interstitial_defect,0.25,1,772,0.00902360883413585,6.516399273764439,0.9800593195452916
double_self_interstitial_defect,0.25,1,772,0.010154588104523677,6.393832273690911,0.9616253768655674
double_self_interstitial_defect,0.25,1,772,0.011427319320674952,6.2101938037862245,0.9340063519568689
double_self_interstitial_defect,0.25,1,772,0.01285956904529672,5.966341058775837,0.8973311659678326
double_self_interstitial_defect,0.25,1,772,0.01447133062358375,5.673692010980565,0.8533170694402384
double_self_interstitial_defect,0.25,1,772,0.016285103278298914,5.34940620890726,0.8045448396909459
double_self_interstitial_defect,0.25,1,772,0.018326206185398135,5.011434496684756,0.753714264032405
double_self_interstitial_defect,0.25,1,772,0.020623131914506758,4.67555804709909,0.7031988135814915
double_self_interstitial_defect,0.25,1,772,0.023207944168063883,4.3533449834635745,0.6547383214249388
double_self_interstitial_defect,0.25,1,772,0.026116725371334214,4.0509457074517154,0.6092578012437433
double_self_interstitial_defect,0.25,1,772,0.029390080361374554,3.7701740966253063,0.5670300582381798
double_self_interstitial_defect,0.25,1,772,0.03307370320615074,3.5109504794608855,0.528043109898308
double_self_interstitial_defect,0.25,1,772,0.03721901506625844,3.2726117384825244,0.492197224081432
double_self_interstitial_defect,0.25,1,772,0.04188388200341457,3.0544663398723237,0.4593883948581204
double_self_interstitial_defect,0.25,1,772,0.047133422755894265,2.856030517623776,0.4295438643504042
double_self_interstitial_defect,0.25,1,772,0.05304091775697241,2.6766808784379084,0.40256987488832924
double_self_interstitial_defect,0.25,1,772,0.05968883208572181,2.515574918439453,0.3783397148110502
double_self_interstitial_defect,0.25,1,772,0.067169966629945,2.371844974139978,0.3567228884794355
double_self_interstitial_defect,0.25,1,772,0.0755887535307831,2.2447181159377863,0.33760314812724623
double_self_interstitial_defect,0.25,1,772,0.08506271399262945,2.1335812252650475,0.32088828139284775
double_self_interstitial_defect,0.25,1,772,0.09572409880849786,2.0378135552099295,0.3064849286200155
double_self_interstitial_defect,0.25,1,772,0.10772173450159415,1.956467639200464,0.29425059187318664
double_self_interstitial_defect,0.25,1,772,0.1212231008541164,1.8882046103321342,0.28398390703511234
double_self_interstitial_defect,0.25,1,772,0.1364166688243384,1.8314731930314039,0.27545156395717285
double_self_interstitial_defect,0.25,1,772,0.15351453148789246,1.7846942068499423,0.2684160556281172
double_self_interstitial_defect,0.25,1,772,0.1727553647296109,1.7463262547371885,0.2626455576183706
double_self_interstitial_defect,0.25,1,772,0.19440775901540433,1.714629695341596,0.25787842977243897
double_self_interstitial_defect,0.25,1,772,0.2187739687537092,1.6866668706057026,0.2536728515333093
double_self_interstitial_defect,0.25,1,772,0.24619413158533693,1.6562871655859903,0.24910377714440898
double_self_interstitial_defect,0.25,1,772,0.27705101650047453,1.612497052475004,0.2425177920542762
double_self_interstitial_defect,0.25,1,772,0.3117753670636956,1.541521259102995,0.23184311040356542
double_self_interstitial_defect,0.25,1,772,0.35085191433519125,1.4339384439687355,0.21566277274074763
double_self_interstitial_defect,0.25,1,772,0.3948261434249862,1.291753805876715,0.1942783587716265
double_self_interstitial_defect,0.25,1,772,0.4443119081371701,1.1280430559907597,0.1696564411458222
double_self_interstitial_defect,0.25,1,772,0.5,0.959644238554942,0.14432944329091063
double_self_interstitial_defect,0.25,2,772,0.004999999999999999,6.648014713139526,0.9998541375938004
double_self_interstitial_defect,0.25,2,772,0.005626677913003822,6.646018565396736,0.9995539191577714
double_self_interstitial_defect,0.25,2,772,0.006331900867337016,6.640376826719441,0.9987054078347493
double_self_interstitial_defect,0.25,2,772,0.007125513351514988,6.625669644043455,0.9964934636551029
double_self_interstitial_defect,0.25,2,772,0.008018593718756654,6.591369218522942,0.9913347171935271
double_self_interstitial_defect,0.25,2,772,0.00902360883413585,6.521520877371796,0.9808296031230055
double_self_interstitial_defect,0.25,2,772,0.010154588104523677,6.398690728991247,0.962356083225882
double_self_interstitial_defect,0.25,2,772,0.011427319320674952,6.2114966789699935,0.9342023029587048
double_self_interstitial_defect,0.25,2,772,0.01285956904529672,5.9608057868714495,0.8964986671309437
double_self_interstitial_defect,0.25,2,772,0.01447133062358375,5.659839594715652,0.8512336811934028
double_self_interstitial_defect,0.25,2,772,0.016285103278298914,5.328149948799187,0.8013479214325039
double_self_interstitial_defect,0.25,2,772,0.018326206185398135,4.984962856743674,0.7497329583545352
double_self_interstitial_defect,0.25,2,772,0.020623131914506758,4.645941906960552,0.6987445785151116
double_self_interstitial_defect,0.25,2,772,0.023207944168063883,4.321936157195451,0.6500144683264976
double_self_interstitial_defect,0.25,2,772,0.026116725371334214,4.0186758170738335,0.6044044450455007
double_self_interstitial_defect,0.25,2,772,0.029390080361374554,3.7380077886051994,0.562192280713191
double_self_interstitial_defect,0.25,2,772,0.03307370320615074,3.47960555641571,0.5233288677746655
double_self_interstitial_defect,0.25,2,772,0.03721901506625844,3.242386293650039,0.4876513502558758
double_self_interstitial_defect,0.25,2,772,0.04188388200341457,3.0255850332511733,0.45504467794858977
double_self_interstitial_defect,0.25,2,772,0.047133422755894265,2.828904771592515,0.42546418183239326
double_self_interstitial_defect,0.25,2,772,0.05304091775697241,2.651832521195025,0.39883270915182734
double_self_interstitial_defect,0.25,2,772,0.05968883208572181,2.493325238334365,0.3749933872722075
double_self_interstitial_defect,0.25,2,772,0.067169966629945,2.352285792259189,0.3537812089291776
double_self_interstitial_defect,0.25,2,772,0.0755887535307831,2.2279322866167504,0.33507857776695366
double_self_interstitial_defect,0.25,2,772,0.08506271399262945,2.119683472608438,0.3187980746023149
double_self_interstitial_defect,0.25,2,772,0.09572409880849786,2.0268200972832693,0.30483152457854884
double_self_interstitial_defect,0.25,2,772,0.10772173450159415,1.9482359337626687,0.2930125523837183
double_self_interstitial_defect,0.25,2,772,0.1212231008541164,1.8824793215577105,0.2831228298689152
double_self_interstitial_defect,0.25,2,772,0.1364166688243384,1.8279502944084902,0.2749217238595747
double_self_interstitial_defect,0.25,2,772,0.15351453148789246,1.7830643880366237,0.26817093266218817
double_self_interstitial_defect,0.25,2,772,0.1727553647296109,1.74630074852882,0.2626417215125448
double_self_interstitial_defect,0.25,2,772,0.19440775901540433,1.7159675172056217,0.25807963671674156
double_self_interstitial_defect,0.25,2,772,0.2187739687537092,1.689231743895033,0.25405860566915267
double_self_interstitial_defect,0.25,2,772,0.24619413158533693,1.6601373192182864,0.24968283603728636
double_self_interstitial_defect,0.25,2,772,0.27705101650047453,1.6179288514305887,0.24333472867290085
double_self_interstitial_defect,0.25,2,772,0.3117753670636956,1.5489349191008899,0.23295811675410164
double_self_interstitial_defect,0.25,2,772,0.35085191433519125,1.4435002787227276,0.21710086222374342
double_self_interstitial_defect,0.25,2,772,0.3948261434249862,1.303077821937154,0.19598147839466679
double_self_interstitial_defect,0.25,2,772,0.4443119081371701,1.1402299061650119,0.17148933007533654
double_self_interstitial_defect,0.25,2,772,0.5,0.9716761835840025,0.14613903465610875
double_self_interstitial_defect,0.5,0,1545,0.004999999999999999,7.340379751007044,0.9996732247745802
double_self_interstitial_defect,0.5,0,1545,0.005626677913003822,7.335067191027146,0.9989497167072783
double_self_interstitial_defect,0.5,0,1545,0.006331900867337016,7.320691900491712,0.9969919715314028
double_self_interstitial_defect,0.5,0,1545,0.007125513351514988,7.28644404114319,0.9923278166568724
double_self_interstitial_defect,0.5,0,1545,0.008018593718756654,7.215340382481369,0.9826443362159617
double_self_interstitial_defect,0.5,0,1545,0.00902360883413585,7.08750725271739,0.9652349702977131
double_self_interstitial_defect,0.5,0,1545,0.010154588104523677,6.888237461460516,0.9380967728769888
double_self_interstitial_defect,0.5,0,1545,0.011427319320674952,6.615843215554163,0.9009998864144204
double_self_interstitial_defect,0.5,0,1545,0.01285956904529672,6.28285586359949,0.8556509329230145
double_self_interstitial_defect,0.5,0,1545,0.01447133062358375,5.910696724222867,0.8049672435758904
double_self_interstitial_defect,0.5,0,1545,0.016285103278298914,5.521962949875545,0.7520262842573664
double_self_interstitial_defect,0.5,0,1545,0.018326206185398135,5.135106774129848,0.6993410317432024
double_self_interstitial_defect,0.5,0,1545,0.020623131914506758,4.763143599037573,0.6486840304224093
double_self_interstitial_defect,0.5,0,1545,0.023207944168063883,4.413997520414521,0.6011344487694137
double_self_interstitial_defect,0.5,0,1545,0.026116725371334214,4.091225385486496,0.5571766874633167
double_self_interstitial_defect,0.5,0,1545,0.029390080361374554,3.7952255973311035,0.5168650043086002
double_self_interstitial_defect,0.5,0,1545,0.03307370320615074,3.5246425296041894,0.4800147789715727
double_self_interstitial_defect,0.5,0,1545,0.03721901506625844,3.277636534240785,0.44637547306376685
double_self_interstitial_defect,0.5,0,1545,0.04188388200341457,3.0526904091753537,0.41574046154220967
double_self_interstitial_defect,0.5,0,1545,0.047133422755894265,2.8488451788474034,0.3879791432359051
double_self_interstitial_defect,0.5,0,1545,0.05304091775697241,2.6653882298114877,0.362994468590853
double_self_interstitial_defect,0.5,0,1545,0.05968883208572181,2.501480021287046,0.34067210204569254
double_self_interstitial_defect,0.5,0,1545,0.067169966629945,2.3561364475396696,0.3208780199958683
double_self_interstitial_defect,0.5,0,1545,0.0755887535307831,2.228545061631705,0.303501576742156
double_self_interstitial_defect,0.5,0,1545,0.08506271399262945,2.1180546531237616,0.28845408509642156
double_self_interstitial_defect,0.5,0,1545,0.09572409880849786,2.023762922705793,0.2756126625251201
double_self_interstitial_defect,0.5,0,1545,0.10772173450159415,1.9443159978103093,0.2647929275382761
double_self_interstitial_defect,0.5,0,1545,0.1212231008541164,1.8780522326705842,0.2557685835629053
double_self_interstitial_defect,0.5,0,1545,0.1364166688243384,1.8232298204245965,0.2483024170294437
double_self_interstitial_defect,0.5,0,1545,0.15351453148789246,1.7781765755900154,0.24216669597983922
double_self_interstitial_defect,0.5,0,1545,0.1727553647296109,1.7413164606092468,0.23714678267040432
double_self_interstitial_defect,0.5,0,1545,0.19440775901540433,1.710908642684999,0.23300559618771308
double_self_interstitial_defect,0.5,0,1545,0.2187739687537092,1.684033616716035,0.22934553433974
double_self_interstitial_defect,0.5,0,1545,0.24619413158533693,1.6545657382867744,0.22533235654023953
double_self_interstitial_defect,0.5,0,1545,0.27705101650047453,1.6115284787157709,0.21947118892763703
double_self_interstitial_defect,0.5,0,1545,0.3117753670636956,1.5411431007544112,0.20988552985407793
double_self_interstitial_defect,0.5,0,1545,0.35085191433519125,1.4339618056598011,0.19528870046142355
double_self_interstitial_defect,0.5,0,1545,0.3948261434249862,1.2919743813439977,0.17595168641610215
double_self_interstitial_defect,0.5,0,1545,0.4443119081371701,1.1282999671829586,0.1536611599082592
double_self_interstitial_defect,0.5,0,1545,0.5,0.9598567778006265,0.13072118240940436
double_self_interstitial_defect,0.5,1,1545,0.004999999999999999,7.340680529698161,0.9997141872880048
double_self_interstitial_defect,0.5,1,1545,0.005626677913003822,7.3359220102448495,0.9990661330117405
double_self_interstitial_defect,0.5,1,1545,0.006331900867337016,7.3225887241283285,0.9972502965589853
double_self_interstitial_defect,0.5,1,1545,0.007125513351514988,7.2897703101624645,0.992780815301324
double_self_interstitial_defect,0.5,1,1545,0.008018593718756654,7.220069618204203,0.9832884023932077
double_self_interstitial_defect,0.5,1,1545,0.00902360883413585,7.093266224253419,0.9660192743585511
double_self_interstitial_defect,0.5,1,1545,0.010154588104523677,6.8943878923547,0.9389343890895422
double_self_interstitial_defect,0.5,1,1545,0.011427319320674952,6.621403993811599,0.9017571988861771
double_self_interstitial_defect,0.5,1,1545,0.01285956904529672,6.286890400431256,0.8562003892974657
double_self_interstitial_defect,0.5,1,1545,0.01447133062358375,5.912109538639794,0.8051596522512023
double_self_interstitial_defect,0.5,1,1545,0.016285103278298914,5.519191595544872,0.7516488584545179
double_self_interstitial_defect,0.5,1,1545,0.018326206185398135,5.127172953088574,0.6982605388076664
double_self_interstitial_defect,0.5,1,1545,0.020623131914506758,4.750837431972441,0.6470080754811234
double_self_interstitial_defect,0.5,1,1545,0.023207944168063883,4.399460608443723,0.5991546926585506
double_self_interstitial_defect,0.5,1,1545,0.026116725371334214,4.076584224872275,0.555182733915661
double_self_interstitial_defect,0.5,1,1545,0.029390080361374554,3.78211382384086,0.515079335265291
double_self_interstitial_defect,0.5,1,1545,0.03307370320615074,3.514427258341272,0.4786235793999229
double_self_interstitial_defect,0.5,1,1545,0.03721901506625844,3.2711829855574717,0.44549657578020296
double_self_interstitial_defect,0.5,1,1545,0.04188388200341457,3.0500282701020525,0.41537790957044823
double_self_interstitial_defect,0.5,1,1545,0.047133422755894265,2.8493056912558212,0.3880418595993615
double_self_interstitial_defect,0.5,1,1545,0.05304091775697241,2.6679859761866616,0.36334825103591795
double_self_interstitial_defect,0.5,1,1545,0.05968883208572181,2.505316179193014,0.34119454154810075
double_self_interstitial_defect,0.5,1,1545,0.067169966629945,2.3605812082506743,0.3214833440286899
double_self_interstitial_defect,0.5,1,1545,0.0755887535307831,2.2330899088395424,0.3041205313764504
double_self_interstitial_defect,0.5,1,1545,0.08506271399262945,2.122265611635739,0.2890275680248059
double_self_interstitial_defect,0.5,1,1545,0.09572409880849786,2.027365325915039,0.2761032673923453
double_self_interstitial_defect,0.5,1,1545,0.10772173450159415,1.9471941907573052,0.26518490350170665
double_self_interstitial_defect,0.5,1,1545,0.1212231008541164,1.8801953654824413,0.2560604529977061
double_self_interstitial_defect,0.5,1,1545,0.1364166688243384,1.8246837261702407,0.2485004218595163
double_self_interstitial_defect,0.5,1,1545,0.15351453148789246,1.779013319970314,0.24228065070443647
double_self_interstitial_defect,0.5,1,1545,0.1727553647296109,1.7416170213058375,0.23718771549554327
double_self_interstitial_defect,0.5,1,1545,0.19440775901540433,1.7107550621257528,0.23298468032530098
double_self_interstitial_defect,0.5,1,1545,0.2187739687537092,1.6835136704123144,0.2292747237800985
double_self_interstitial_defect,0.5,1,1545,0.24619413158533693,1.6537982269090212,0.22522783053476353
double_self_interstitial_defect,0.5,1,1545,0.27705101650047453,1.610708889240788,0.2193595704989944
double_self_interstitial_defect,0.5,1,1545,0.3117753670636956,1.5405840410991092,0.2098093925168536
double_self_interstitial_defect,0.5,1,1545,0.35085191433519125,1.434048663082225,0.19530052941885018
double_self_interstitial_defect,0.5,1,1545,0.3948261434249862,1.2929666495077154,0.17608682164734532
double_self_interstitial_defect,0.5,1,1545,0.4443119081371701,1.1301456873345594,0.15391252524337407
double_self_interstitial_defect,0.5,1,1545,0.5,0.9622517818871391,0.1310473537438212
double_self_interstitial_defect,0.5,2,1545,0.004999999999999999,7.340207652383976,0.9996497869700881
double_self_interstitial_defect,0.5,2,1545,0.005626677913003822,7.334671834432862,0.9988958737979261
double_self_interstitial_defect,0.5,2,1545,0.006331900867337016,7.319877152813592,0.9968810124984383
double_self_interstitial_defect,0.5,2,1545,0.007125513351514988,7.285033151955042,0.9921356701750338
double_self_interstitial_defect,0.5,2,1545,0.008018593718756654,7.213402264084837,0.9823803873286865
double_self_interstitial_defect,0.5,2,1545,0.00902360883413585,7.08556323887335,0.9649702185199579
double_self_interstitial_defect,0.5,2,1545,0.010154588104523677,6.887343200176101,0.9379749850278166
double_self_interstitial_defect,0.5,2,1545,0.011427319320674952,6.617615677687226,0.9012412748706657
double_self_interstitial_defect,0.5,2,1545,0.01285956904529672,6.289017423079175,0.8564900647177764
double_self_interstitial_defect,0.5,2,1545,0.01447133062358375,5.921994826225742,0.806505911934499
double_self_interstitial_defect,0.5,2,1545,0.016285103278298914,5.537816955500146,0.7541854130035549
double_self_interstitial_defect,0.5,2,1545,0.018326206185398135,5.154296291367452,0.7019544178661957
double_self_interstitial_defect,0.5,2,1545,0.020623131914506758,4.784670790975346,0.6516157802929555
double_self_interstitial_defect,0.5,2,1545,0.023207944168063883,4.437296161009661,0.6043074490727579
double_self_interstitial_defect,0.5,2,1545,0.026116725371334214,4.115692931731675,0.5605088789420865
double_self_interstitial_defect,0.5,2,1545,0.029390080361374554,3.8200655297848165,0.5202479104008604
double_self_interstitial_defect,0.5,2,1545,0.03307370320615074,3.5492257930152986,0.48336272976475814
double_self_interstitial_defect,0.5,2,1545,0.03721901506625844,3.3016235922046193,0.44964222770057855
double_self_interstitial_defect,0.5,2,1545,0.04188388200341457,3.0759283325636044,0.418905192877453
double_self_interstitial_defect,0.5,2,1545,0.047133422755894265,2.8712757786824623,0.391033926616515
double_self_interstitial_defect,0.5,2,1545,0.05304091775697241,2.6869383884887843,0.3659293462606877
double_self_interstitial_defect,0.5,2,1545,0.05968883208572181,2.5219511061012176,0.3434600225709228
double_self_interstitial_defect,0.5,2,1545,0.067169966629945,2.375178314811255,0.32347129793336243
double_self_interstitial_defect,0.5,2,1545,0.0755887535307831,2.245775140849514,0.3058481104964111
double_self_interstitial_defect,0.5,2,1545,0.08506271399262945,2.133269904964273,0.2905262231041418
double_self_interstitial_defect,0.5,2,1545,0.09572409880849786,2.03699150645318,0.2774142397489874
double_self_interstitial_defect,0.5,2,1545,0.10772173450159415,1.9557272729554225,0.26634700874525186
double_self_interstitial_defect,0.5,2,1545,0.1212231008541164,1.8878707069852716,0.2571057440659683
double_self_interstitial_defect,0.5,2,1545,0.1364166688243384,1.831687495827934,0.2494542527561159
double_self_interstitial_defect,0.5,2,1545,0.15351453148789246,1.7854910648642761,0.24316284322676826
double_self_interstitial_defect,0.5,2,1545,0.1727553647296109,1.7476827421203043,0.23801379519344287
double_self_interstitial_defect,0.5,2,1545,0.19440775901540433,1.7164998582340827,0.2337670538599262
double_self_interstitial_defect,0.5,2,1545,0.2187739687537092,1.689013186280045,0.23002369303627887
double_self_interstitial_defect,0.5,2,1545,0.24619413158533693,1.6591122260349949,0.22595153459680237
double_self_interstitial_defect,0.5,2,1545,0.27705101650047453,1.6158564721985624,0.2200606106399336
double_self_interstitial_defect,0.5,2,1545,0.3117753670636956,1.5454848940268793,0.21047683093511496
double_self_interstitial_defect,0.5,2,1545,0.35085191433519125,1.4384888873661847,0.19590523564376444
double_self_interstitial_defect,0.5,2,1545,0.3948261434249862,1.2966935864513855,0.17659438654172274
double_self_interstitial_defect,0.5,2,1545,0.4443119081371701,1.1330318928307006,0.15430559242158018
double_self_interstitial_defect,0.5,2,1545,0.5,0.9643465671349831,0.13133263881011975
double_self_interstitial_defect,0.75,0,2318,0.004999999999999999,7.744894966455577,0.9995399011631829
double_self_interstitial_defect,0.75,0,2318,0.005626677913003822,7.737103370328911,0.9985343341082283
double_self_interstitial_defect,0.75,0,2318,0.006331900867337016,7.716612646642674,0.9958898442840524
double_self_interstitial_defect,0.75,0,2318,0.007125513351514988,7.669632171745347,0.9898266427249789
double_self_interstitial_defect,0.75,0,2318,0.008018593718756654,7.575978173003184,0.9777398540659045
double_self_interstitial_defect,0.75,0,2318,0.00902360883413585,7.41417945208232,0.9568584504809592
double_self_interstitial_defect,0.75,0,2318,0.010154588104523677,7.1717575012418,0.925571981932011
double_self_interstitial_defect,0.75,0,2318,0.011427319320674952,6.852943870324627,0.8844265633670562
double_self_interstitial_defect,0.75,0,2318,0.01285956904529672,6.476446895929403,0.8358366534709039
double_self_interstitial_defect,0.75,0,2318,0.01447133062358375,6.066541939452616,0.782935179473173
double_self_interstitial_defect,0.75,0,2318,0.016285103278298914,5.645760967283688,0.7286300697002566
double_self_interstitial_defect,0.75,0,2318,0.018326206185398135,5.232154863040633,0.6752509333341516
double_self_interstitial_defect,0.75,0,2318,0.020623131914506758,4.838564913340748,0.6244550398939224
double_self_interstitial_defect,0.75,0,2318,0.023207944168063883,4.472249954732925,0.5771791996007616
double_self_interstitial_defect,0.75,0,2318,0.026116725371334214,4.135786433516055,0.5337559232104766
double_self_interstitial_defect,0.75,0,2318,0.029390080361374554,3.829047649835574,0.49416885910556263
double_self_interstitial_defect,0.75,0,2318,0.03307370320615074,3.5505934495701004,0.4582321440155193
double_self_interstitial_defect,0.75,0,2318,0.03721901506625844,3.2982632092739297,0.42566693240987485
double_self_interstitial_defect,0.75,0,2318,0.04188388200341457,3.069890961471069,0.39619368906881625
double_self_interstitial_defect,0.75,0,2318,0.047133422755894265,2.8638305936000226,0.36959997015751456
double_self_interstitial_defect,0.75,0,2318,0.05304091775697241,2.6788302931187555,0.3457242193746953
double_self_interstitial_defect,0.75,0,2318,0.05968883208572181,2.513723333239511,0.3244158614080824
double_self_interstitial_defect,0.75,0,2318,0.067169966629945,2.367372797628857,0.30552816822011425
double_self_interstitial_defect,0.75,0,2318,0.0755887535307831,2.238876682950441,0.288944729151954
double_self_interstitial_defect,0.75,0,2318,0.08506271399262945,2.1275251394480352,0.27457393248281614
double_self_interstitial_defect,0.75,0,2318,0.09572409880849786,2.0324153132513825,0.2622992577857419
double_self_interstitial_defect,0.75,0,2318,0.10772173450159415,1.9522171260041326,0.25194904793760653
double_self_interstitial_defect,0.75,0,2318,0.1212231008541164,1.8852818818905615,0.2433105257142082
double_self_interstitial_defect,0.75,0,2318,0.1364166688243384,1.8298695897578956,0.2361591315066173
double_self_interstitial_defect,0.75,0,2318,0.15351453148789246,1.7843050471589508,0.2302786672003676
double_self_interstitial_defect,0.75,0,2318,0.1727553647296109,1.7470077234925805,0.2254651528308892
double_self_interstitial_defect,0.75,0,2318,0.19440775901540433,1.716234621788945,0.2214936408648059
double_self_interstitial_defect,0.75,0,2318,0.2187739687537092,1.6890762507116912,0.2179886384522639
double_self_interstitial_defect,0.75,0,2318,0.24619413158533693,1.6594431526750058,0.21416425296853117
double_self_interstitial_defect,0.75,0,2318,0.27705101650047453,1.6164155908506777,0.20861120608029635
double_self_interstitial_defect,0.75,0,2318,0.3117753670636956,1.5462412765352052,0.19955465624987537
double_self_interstitial_defect,0.75,0,2318,0.35085191433519125,1.4393967340139875,0.18576552367492996
double_self_interstitial_defect,0.75,0,2318,0.3948261434249862,1.2976807410696127,0.16747595484354158
double_self_interstitial_defect,0.75,0,2318,0.4443119081371701,1.1340154870520087,0.14635366041177222
double_self_interstitial_defect,0.75,0,2318,0.5,0.9652591361057222,0.1245743196878391
double_self_interstitial_defect,0.75,1,2318,0.004999999999999999,7.745119266456913,0.9995688488509357
double_self_interstitial_defect,0.75,1,2318,0.005626677913003822,7.737606047815675,0.9985992086104151
double_self_interstitial_defect,0.75,1,2318,0.006331900867337016,7.717377086286656,0.9959885012612613
double_self_interstitial_defect,0.75,1,2318,0.007125513351514988,7.670238064573916,0.9899048379827076
double_self_interstitial_defect,0.75,1,2318,0.008018593718756654,7.575838429684328,0.9777218190862537
double_self_interstitial_defect,0.75,1,2318,0.00902360883413585,7.413382337462677,0.9567555765399199
double_self_interstitial_defect,0.75,1,2318,0.010154588104523677,7.171000145244286,0.9254742391553589
double_self_interstitial_defect,0.75,1,2318,0.011427319320674952,6.852404188063959,0.8843569131063588
double_self_interstitial_defect,0.75,1,2318,0.01285956904529672,6.475530195504235,0.8357183460366086
double_self_interstitial_defect,0.75,1,2318,0.01447133062358375,6.064346138266515,0.7826517939773031
double_self_interstitial_defect,0.75,1,2318,0.016285103278298914,5.641279629250376,0.7280517176122947
double_self_interstitial_defect,0.75,1,2318,0.018326206185398135,5.224774205521313,0.6742984011540081
double_self_interstitial_defect,0.75,1,2318,0.020623131914506758,4.828478596570677,0.6231533210054
double_self_interstitial_defect,0.75,1,2318,0.023207944168063883,4.460250555847568,0.5756305823467078
double_self_interstitial_defect,0.75,1,2318,0.026116725371334214,4.122742640761011,0.5320725186739867
double_self_interstitial_defect,0.75,1,2318,0.029390080361374554,3.8156205946913797,0.4924359915289372
double_self_interstitial_defect,0.75,1,2318,0.03307370320615074,3.537180028687636,0.45650103604811787
double_self_interstitial_defect,0.75,1,2318,0.03721901506625844,3.2849335889244538,0.4239466395635078
double_self_interstitial_defect,0.75,1,2318,0.04188388200341457,3.0564633409040387,0.3944607485199054
double_self_interstitial_defect,0.75,1,2318,0.047133422755894265,2.850152087800136,0.3678346508866277
double_self_interstitial_defect,0.75,1,2318,0.05304091775697241,2.6649872055515247,0.3439376595260889
double_self_interstitial_defect,0.75,1,2318,0.05968883208572181,2.499995350442144,0.3226441567396678
double_self_interstitial_defect,0.75,1,2318,0.067169966629945,2.3540576099292863,0.30380973802127464
double_self_interstitial_defect,0.75,1,2318,0.0755887535307831,2.226200356055957,0.28730874898874936
double_self_interstitial_defect,0.75,1,2318,0.08506271399262945,2.1156704554430026,0.2730439918277095
double_self_interstitial_defect,0.75,1,2318,0.09572409880849786,2.0215157303439626,0.26089258047517944
double_self_interstitial_defect,0.75,1,2318,0.10772173450159415,1.9423277970860093,0.25067275188811794
double_self_interstitial_defect,0.75,1,2318,0.1212231008541164,1.8763848391260445,0.24216229203460288
double_self_interstitial_defect,0.75,1,2318,0.1364166688243384,1.821897105972167,0.23513021946975604
double_self_interstitial_defect,0.75,1,2318,0.15351453148789246,1.777161925600884,0.22935679091320418
double_self_interstitial_defect,0.75,1,2318,0.1727553647296109,1.740586543354423,0.2246364487892665
double_self_interstitial_defect,0.75,1,2318,0.19440775901540433,1.7104204288218354,0.2207432733144571
double_self_interstitial_defect,0.75,1,2318,0.2187739687537092,1.6837351142778791,0.2172993225859708
double_self_interstitial_defect,0.75,1,2318,0.24619413158533693,1.6543981454492114,0.21351315491675915
double_self_interstitial_defect,0.75,1,2318,0.27705101650047453,1.6114415588507853,0.2079692679423244
double_self_interstitial_defect,0.75,1,2318,0.3117753670636956,1.5411195870154697,0.19889366174207151
double_self_interstitial_defect,0.75,1,2318,0.35085191433519125,1.434019002300037,0.18507148489853267
double_self_interstitial_defect,0.75,1,2318,0.3948261434249862,1.2921268622228281,0.16675918288761046
double_self_interstitial_defect,0.75,1,2318,0.4443119081371701,1.1285285117039454,0.14564552288107077
double_self_interstitial_defect,0.75,1,2318,0.5,0.9601200304617343,0.1239110774915657
double_self_interstitial_defect,0.75,2,2318,0.004999999999999999,7.745146003731,0.9995722995074536
double_self_interstitial_defect,0.75,2,2318,0.005626677913003822,7.737612078985118,0.9985999869804943
double_self_interstitial_defect,0.75,2,2318,0.006331900867337016,7.717303876850631,0.9959790530049885
double_self_interstitial_defect,0.75,2,2318,0.007125513351514988,7.669950523189331,0.9898677284946676
double_self_interstitial_defect,0.75,2,2318,0.008018593718756654,7.575121015005698,0.9776292310524486
double_self_interstitial_defect,0.75,2,2318,0.00902360883413585,7.411998806246477,0.9565770209028086
double_self_interstitial_defect,0.75,2,2318,0.010154588104523677,7.16895891409136,0.925210802143794
double_self_interstitial_defect,0.75,2,2318,0.011427319320674952,6.850153960879152,0.8840665035052424
double_self_interstitial_defect,0.75,2,2318,0.01285956904529672,6.473786754677177,0.8354933412199508
double_self_interstitial_defect,0.75,2,2318,0.01447133062358375,6.064180675074122,0.7826304396447155
double_self_interstitial_defect,0.75,2,2318,0.016285103278298914,5.644039179929529,0.7284078594353978
double_self_interstitial_defect,0.75,2,2318,0.018326206185398135,5.231425974210485,0.6751568644704161
double_self_interstitial_defect,0.75,2,2318,0.020623131914506758,4.839034833672574,0.6245156868263937
double_self_interstitial_defect,0.75,2,2318,0.023207944168063883,4.473789119812836,0.5773778410179159
double_self_interstitial_defect,0.75,2,2318,0.026116725371334214,4.138026124980533,0.5340449730936238
double_self_interstitial_defect,0.75,2,2318,0.029390080361374554,3.8316114983288805,0.4944997440150025
double_self_interstitial_defect,0.75,2,2318,0.03307370320615074,3.553151887614849,0.4585623306638155
double_self_interstitial_defect,0.75,2,2318,0.03721901506625844,3.3004550857759964,0.4259498113942545
double_self_interstitial_defect,0.75,2,2318,0.04188388200341457,3.0713765574992324,0.39638541697650126
double_self_interstitial_defect,0.75,2,2318,0.047133422755894265,2.864464307363873,0.36968175592680236
double_self_interstitial_defect,0.75,2,2318,0.05304091775697241,2.6787291394284436,0.34571116469157115
double_self_interstitial_defect,0.75,2,2318,0.05968883208572181,2.5131294217735913,0.324339212439889
double_self_interstitial_defect,0.75,2,2318,0.067169966629945,2.36648859295139,0.3054140546188645
double_self_interstitial_defect,0.75,2,2318,0.0755887535307831,2.2378399194246295,0.2888109266256954
double_self_interstitial_defect,0.75,2,2318,0.08506271399262945,2.126441622284595,0.27443409603014063
double_self_interstitial_defect,0.75,2,2318,0.09572409880849786,2.0313524639692253,0.26216208868647844
double_self_interstitial_defect,0.75,2,2318,0.10772173450159415,1.9512069942236483,0.25181868244854566
double_self_interstitial_defect,0.75,2,2318,0.1212231008541164,1.8843386626426477,0.24318879581626662
double_self_interstitial_defect,0.75,2,2318,0.1364166688243384,1.8289998132557104,0.2360468799754095
double_self_interstitial_defect,0.75,2,2318,0.15351453148789246,1.7835108784123712,0.2301761734475277
double_self_interstitial_defect,0.75,2,2318,0.1727553647296109,1.7462884517922816,0.22537232513376224
double_self_interstitial_defect,0.75,2,2318,0.19440775901540433,1.7155904747095936,0.22141050859370115
double_self_interstitial_defect,0.75,2,2318,0.2187739687537092,1.688519579785039,0.21791679566996455
double_self_interstitial_defect,0.75,2,2318,0.24619413158533693,1.659017589375945,0.21410933066167945
double_self_interstitial_defect,0.75,2,2318,0.27705101650047453,1.6162104080257265,0.20858472561523383
double_self_interstitial_defect,0.75,2,2318,0.3117753670636956,1.5463814579886355,0.19957274777425543
double_self_interstitial_defect,0.75,2,2318,0.35085191433519125,1.4399931345540418,0.18584249387781088
double_self_interstitial_defect,0.75,2,2318,0.3948261434249862,1.2987496561495047,0.167613906781939
double_self_interstitial_defect,0.75,2,2318,0.4443119081371701,1.1354416795809532,0.14653772182843378
double_self_interstitial_defect,0.75,2,2318,0.5,0.9668540752308797,0.12478015918629919
gamma_surface,1.0,0,480,0.004999999999999999,6.147707119451602,0.9957758522871643
gamma_surface,1.0,0,480,0.005626677913003822,6.1175358082755285,0.990888849292842
gamma_surface,1.0,0,480,0.006331900867337016,6.060828245760737,0.9817036327076819
gamma_surface,1.0,0,480,0.007125513351514988,5.9650322336104775,0.9661870581879208
gamma_surface,1.0,0,480,0.008018593718756654,5.820709616078896,0.9428103789342669
gamma_surface,1.0,0,480,0.00902360883413585,5.6261492316164095,0.911296429278719
gamma_surface,1.0,0,480,0.010154588104523677,5.389194051800405,0.8729155758075816
gamma_surface,1.0,0,480,0.011427319320674952,5.124911153450395,0.8301083107189873
gamma_surface,1.0,0,480,0.01285956904529672,4.85039632202597,0.7856437266202725
gamma_surface,1.0,0,480,0.01447133062358375,4.580353977787357,0.7419035743548836
gamma_surface,1.0,0,480,0.016285103278298914,4.32505562124335,0.7005515818745068
gamma_surface,1.0,0,480,0.018326206185398135,4.090015392214661,0.6624809028660229
gamma_surface,1.0,0,480,0.020623131914506758,3.8764670707255147,0.6278913790478621
gamma_surface,1.0,0,480,0.023207944168063883,3.6821136805482024,0.5964109573250431
gamma_surface,1.0,0,480,0.026116725371334214,3.502602676496004,0.5673346334888895
gamma_surface,1.0,0,480,0.029390080361374554,3.333839709277457,0.5399992246525053
gamma_surface,1.0,0,480,0.03307370320615074,3.1735108956904736,0.5140299392110073
gamma_surface,1.0,0,480,0.03721901506625844,3.020978140166177,0.4893234215317029
gamma_surface,1.0,0,480,0.04188388200341457,2.8765945450867916,0.4659368654299078
gamma_surface,1.0,0,480,0.047133422755894265,2.740692612134953,0.44392412791929886
gamma_surface,1.0,0,480,0.05304091775697241,2.612862320687474,0.4232187958432997
gamma_surface,1.0,0,480,0.05968883208572181,2.4923012740173025,0.40369090086262077
gamma_surface,1.0,0,480,0.067169966629945,2.3785643415152573,0.3852683428750414
gamma_surface,1.0,0,480,0.0755887535307831,2.2718707139978376,0.367986625348419
gamma_surface,1.0,0,480,0.08506271399262945,2.173061823364143,0.35198203935033184
gamma_surface,1.0,0,480,0.09572409880849786,2.083269960015807,0.3374379878012206
gamma_surface,1.0,0,480,0.10772173450159415,2.003379453229984,0.3244977100783933
gamma_surface,1.0,0,480,0.1212231008541164,1.9336843216263786,0.3132088298952012
gamma_surface,1.0,0,480,0.1364166688243384,1.8738944660108945,0.30352435838788805
gamma_surface,1.0,0,480,0.15351453148789246,1.82331172941336,0.29533121146859886
gamma_surface,1.0,0,480,0.1727553647296109,1.780980889666236,0.2884746668726709
gamma_surface,1.0,0,480,0.19440775901540433,1.74560611171754,0.28274483150854346
gamma_surface,1.0,0,480,0.2187739687537092,1.71479625856938,0.2777544005752969
gamma_surface,1.0,0,480,0.24619413158533693,1.6832659172590452,0.27264726845576864
gamma_surface,1.0,0,480,0.27705101650047453,1.6409999845372572,0.26580123718573884
gamma_surface,1.0,0,480,0.3117753670636956,1.5744897762404342,0.25502823546888514
gamma_surface,1.0,0,480,0.35085191433519125,1.473102937126191,0.23860608584984264
gamma_surface,1.0,0,480,0.3948261434249862,1.3364846948784723,0.2164773240254941
gamma_surface,1.0,0,480,0.4443119081371701,1.1755893302313294,0.19041627138464307
gamma_surface,1.0,0,480,0.5,1.0065526489235082,0.16303652766449908
gamma_surface,0.25,0,120,0.004999999999999999,4.779949571881628,0.998424609105219
gamma_surface,0.25,0,120,0.005626677913003822,4.771979930399598,0.9967599291621058
gamma_surface,0.25,0,120,0.006331900867337016,4.755452455031511,0.9933077090318037
gamma_surface,0.25,0,120,0.007125513351514988,4.723671563014885,0.986669391155947
gamma_surface,0.25,0,120,0.008018593718756654,4.668788298397848,0.9752055041007301
gamma_surface,0.25,0,120,0.00902360883413585,4.584173421314373,0.9575313478557516
gamma_surface,0.25,0,120,0.010154588104523677,4.4669481835734315,0.9330456162787355
gamma_surface,0.25,0,120,0.011427319320674952,4.319735931618971,0.9022962677965355
gamma_surface,0.25,0,120,0.01285956904529672,4.150599943949631,0.8669675410317653
gamma_surface,0.25,0,120,0.01447133062358375,3.9704249858957272,0.8293330201314321
gamma_surface,0.25,0,120,0.016285103278298914,3.789337812502293,0.7915079578393762
gamma_surface,0.25,0,120,0.018326206185398135,3.6148376213979376,0.7550587688945714
gamma_surface,0.25,0,120,0.020623131914506758,3.451710836474006,0.7209852302467246
gamma_surface,0.25,0,120,0.023207944168063883,3.301989232898437,0.6897117343077916
gamma_surface,0.25,0,120,0.026116725371334214,3.164553804786807,0.6610045457640543
gamma_surface,0.25,0,120,0.029390080361374554,3.035844289971843,0.6341200054389424
gamma_surface,0.25,0,120,0.03307370320615074,2.9119224638064622,0.6082355062432595
gamma_surface,0.25,0,120,0.03721901506625844,2.7901982866551207,0.5828100467978492
gamma_surface,0.25,0,120,0.04188388200341457,2.669966124497556,0.5576962359304288
gamma_surface,0.25,0,120,0.047133422755894265,2.5520142122283502,0.5330587182893722
gamma_surface,0.25,0,120,0.05304091775697241,2.4378670645682887,0.5092159309191052
gamma_surface,0.25,0,120,0.05968883208572181,2.3292339950886065,0.4865249112127078
gamma_surface,0.25,0,120,0.067169966629945,2.2276570645708804,0.46530776119446066
gamma_surface,0.25,0,120,0.0755887535307831,2.134257114376724,0.4457985995682348
gamma_surface,0.25,0,120,0.08506271399262945,2.049732043916129,0.42814320191913585
gamma_surface,0.25,0,120,0.09572409880849786,1.9744948222379837,0.41242782824949387
gamma_surface,0.25,0,120,0.10772173450159415,1.908678633865019,0.39868029782874825
gamma_surface,0.25,0,120,0.1212231008541164,1.8520571184879637,0.3868533290486095
gamma_surface,0.25,0,120,0.1364166688243384,1.8040564655954827,0.3768270657208763
gamma_surface,0.25,0,120,0.15351453148789246,1.7638623361661305,0.3684314106286348
gamma_surface,0.25,0,120,0.1727553647296109,1.7305122084460112,0.3614653144948085
gamma_surface,0.25,0,120,0.19440775901540433,1.7027664898833315,0.3556698541465978
gamma_surface,0.25,0,120,0.2187739687537092,1.6783036510221752,0.3505601139787869
gamma_surface,0.25,0,120,0.24619413158533693,1.6518675468302997,0.3450382027960194
gamma_surface,0.25,0,120,0.27705101650047453,1.613428174973818,0.3370090773328923
gamma_surface,0.25,0,120,0.3117753670636956,1.54953145570147,0.3236624810972575
gamma_surface,0.25,0,120,0.35085191433519125,1.4498475200683307,0.30284073539222733
gamma_surface,0.25,0,120,0.3948261434249862,1.31458548006549,0.27458751903801193
gamma_surface,0.25,0,120,0.4443119081371701,1.1552451377160475,0.24130488359750701
gamma_surface,0.25,0,120,0.5,0.988189944927248,0.20641078836681268
gamma_surface,0.25,1,120,0.004999999999999999,4.7836838399572805,0.9992046142261224
gamma_surface,0.25,1,120,0.005626677913003822,4.7781814066596215,0.99805527891793
gamma_surface,0.25,1,120,0.006331900867337016,4.766255718079372,0.9955642691740011
gamma_surface,0.25,1,120,0.007125513351514988,4.7426687010216435,0.9906374686018037
gamma_surface,0.25,1,120,0.008018593718756654,4.700342662511586,0.9817965053617373
gamma_surface,0.25,1,120,0.00902360883413585,4.631479827063334,0.9674125984751981
gamma_surface,0.25,1,120,0.010154588104523677,4.530022922309679,0.9462205191558722
gamma_surface,0.25,1,120,0.011427319320674952,4.395003177526018,0.918017912856399
gamma_surface,0.25,1,120,0.01285956904529672,4.232465742795014,0.8840674762888464
gamma_surface,0.25,1,120,0.01447133062358375,4.053874460091844,0.846763749765991
gamma_surface,0.25,1,120,0.016285103278298914,3.8719315609629934,0.8087599454976785
gamma_surface,0.25,1,120,0.018326206185398135,3.696689928377666,0.7721558860025298
gamma_surface,0.25,1,120,0.020623131914506758,3.533741843629241,0.7381196738264781
gamma_surface,0.25,1,120,0.023207944168063883,3.383960001928126,0.7068335954897507
gamma_surface,0.25,1,120,0.026116725371334214,3.2444465702203455,0.677692358448847
gamma_surface,0.25,1,120,0.029390080361374554,3.1110056332857696,0.6498195298145709
gamma_surface,0.25,1,120,0.03307370320615074,2.980695960692093,0.6226007523012435
gamma_surface,0.25,1,120,0.03721901506625844,2.8529188285302878,0.5959109658688281
gamma_surface,0.25,1,120,0.04188388200341457,2.729143617621979,0.5700570913227422
gamma_surface,0.25,1,120,0.047133422755894265,2.611507248409828,0.5454854835722938
gamma_surface,0.25,1,120,0.05304091775697241,2.501104358252855,0.5224247878910064
gamma_surface,0.25,1,120,0.05968883208572181,2.3974725529780994,0.5007784204730369
gamma_surface,0.25,1,120,0.067169966629945,2.2994086520983936,0.48029506381188886
gamma_surface,0.25,1,120,0.0755887535307831,2.2060310876150533,0.4607905780602167
gamma_surface,0.25,1,120,0.08506271399262945,2.117376066732221,0.4422725260935486
gamma_surface,0.25,1,120,0.09572409880849786,2.034407586766364,0.4249422654009958
gamma_surface,0.25,1,120,0.10772173450159415,1.9584834809687193,0.40908341699418377
gamma_surface,0.25,1,120,0.1212231008541164,1.8906792159055692,0.39492062179659904
gamma_surface,0.25,1,120,0.1364166688243384,1.8314516622882195,0.3825493098864229
gamma_surface,0.25,1,120,0.15351453148789246,1.7806674363930384,0.37194162038560086
gamma_surface,0.25,1,120,0.1727553647296109,1.7377515427472499,0.3629774495939767
gamma_surface,0.25,1,120,0.19440775901540433,1.701668133878461,0.35544043213108695
gamma_surface,0.25,1,120,0.2187739687537092,1.6702850211961675,0.34888520146575813
gamma_surface,0.25,1,120,0.24619413158533693,1.6387289501636244,0.34229384366757093
gamma_surface,0.25,1,120,0.27705101650047453,1.5976022995470223,0.33370340574595836
gamma_surface,0.25,1,120,0.3117753670636956,1.5340557692058079,0.3204299561495133
gamma_surface,0.25,1,120,0.35085191433519125,1.4378494571807485,0.3003346082734346
gamma_surface,0.25,1,120,0.3948261434249862,1.3083465708994673,0.2732843503849424
gamma_surface,0.25,1,120,0.4443119081371701,1.1553634449872685,0.241329595341689
gamma_surface,0.25,1,120,0.5,0.9935956201723648,0.2075399130808692
gamma_surface,0.25,2,120,0.004999999999999999,4.785364790443178,0.9995557272047363
gamma_surface,0.25,2,120,0.005626677913003822,4.781394802900556,0.9987264855567257
gamma_surface,0.25,2,120,0.006331900867337016,4.77157184529202,0.9966746893059341
gamma_surface,0.25,2,120,0.007125513351514988,4.749692423756792,0.9921045672648433
gamma_surface,0.25,2,120,0.008018593718756654,4.706460731348599,0.9830744331714797
gamma_surface,0.25,2,120,0.00902360883413585,4.631584295022544,0.9674344194964809
gamma_surface,0.25,2,120,0.010154588104523677,4.5182156702884315,0.9437542481614525
gamma_surface,0.25,2,120,0.011427319320674952,4.367007853047293,0.9121703154123026
gamma_surface,0.25,2,120,0.01285956904529672,4.186630647531095,0.8744935495383671
gamma_surface,0.25,2,120,0.01447133062358375,3.9903203446990143,0.8334887158218284
gamma_surface,0.25,2,120,0.016285103278298914,3.791211588753783,0.7918993478097746
gamma_surface,0.25,2,120,0.018326206185398135,3.599320795167531,0.7518176507759238
gamma_surface,0.25,2,120,0.020623131914506758,3.420744709346485,0.7145170985420156
gamma_surface,0.25,2,120,0.023207944168063883,3.257966819382135,0.6805164362516284
gamma_surface,0.25,2,120,0.026116725371334214,3.110471191192267,0.6497078968087682
gamma_surface,0.25,2,120,0.029390080361374554,2.975953206548584,0.6216100969856162
gamma_surface,0.25,2,120,0.03307370320615074,2.8519237601283067,0.5957031183245516
gamma_surface,0.25,2,120,0.03721901506625844,2.736582169866737,0.5716108385967658
gamma_surface,0.25,2,120,0.04188388200341457,2.6288623378598053,0.5491105737828708
gamma_surface,0.25,2,120,0.047133422755894265,2.528095075923368,0.5280625454309972
gamma_surface,0.25,2,120,0.05304091775697241,2.4333343377355634,0.5082691456135098
gamma_surface,0.25,2,120,0.05968883208572181,2.3430967061666954,0.48942052165401856
gamma_surface,0.25,2,120,0.067169966629945,2.2559962640699363,0.4712271864429286
gamma_surface,0.25,2,120,0.0755887535307831,2.1716436036773197,0.4536078014027784
gamma_surface,0.25,2,120,0.08506271399262945,2.090955649728175,0.4367538916136293
gamma_surface,0.25,2,120,0.09572409880849786,2.015626332605598,0.4210192812644525
gamma_surface,0.25,2,120,0.10772173450159415,1.9472455855728914,0.4067360718707648
gamma_surface,0.25,2,120,0.1212231008541164,1.8867450229219638,0.3940988568317744
gamma_surface,0.25,2,120,0.1364166688243384,1.8343395368474236,0.3831525223229891
gamma_surface,0.25,2,120,0.15351453148789246,1.7897130159947865,0.37383103974917176
gamma_surface,0.25,2,120,0.1727553647296109,1.7521968069066858,0.36599474235092294
gamma_surface,0.25,2,120,0.19440775901540433,1.7207082474055857,0.3594174862024242
gamma_surface,0.25,2,120,0.2187739687537092,1.693008413384306,0.3536316101091564
gamma_surface,0.25,2,120,0.24619413158533693,1.6639208716917944,0.347555872905773
gamma_surface,0.25,2,120,0.27705101650047453,1.6235513780063635,0.33912358814072985
gamma_surface,0.25,2,120,0.3117753670636956,1.5586146782861405,0.32555976323844654
gamma_surface,0.25,2,120,0.35085191433519125,1.458800076190939,0.30471072423055917
gamma_surface,0.25,2,120,0.3948261434249862,1.3239671515354532,0.2765471404794709
gamma_surface,0.25,2,120,0.4443119081371701,1.1650212519129566,0.24334689530680095
gamma_surface,0.25,2,120,0.5,0.9978993416789703,0.2084388642932852
gamma_surface,0.5,0,240,0.004999999999999999,5.468272488324837,0.9977436143504208
gamma_surface,0.5,0,240,0.005626677913003822,5.4534934557353,0.9950470249935498
gamma_surface,0.5,0,240,0.006331900867337016,5.424149130776466,0.9896928454226503
gamma_surface,0.5,0,240,0.007125513351514988,5.370890401475742,0.9799752321944014
gamma_surface,0.5,0,240,0.008018593718756654,5.283518758229976,0.9640333603674414
gamma_surface,0.5,0,240,0.00902360883413585,5.154603631829038,0.9405114447287575
gamma_surface,0.5,0,240,0.010154588104523677,4.9833983328619835,0.9092732439711975
gamma_surface,0.5,0,240,0.011427319320674952,4.777442768377844,0.8716944931421697
gamma_surface,0.5,0,240,0.01285956904529672,4.550458864730687,0.8302789014890808
gamma_surface,0.5,0,240,0.01447133062358375,4.317884664920683,0.7878433017236096
gamma_surface,0.5,0,240,0.016285103278298914,4.092733731478929,0.7467621546911279
gamma_surface,0.5,0,240,0.018326206185398135,3.883344006253828,0.7085568052503334
gamma_surface,0.5,0,240,0.020623131914506758,3.6930066997202133,0.6738277692390446
gamma_surface,0.5,0,240,0.023207944168063883,3.5205338004067315,0.6423582815158302
gamma_surface,0.5,0,240,0.026116725371334214,3.3617547642922507,0.6133873826233229
gamma_surface,0.5,0,240,0.029390080361374554,3.212233870319195,0.58610572877522
gamma_surface,0.5,0,240,0.03307370320615074,3.069377448683338,0.5600400777381789
gamma_surface,0.5,0,240,0.03721901506625844,2.932575347299795,0.5350791008708826
gamma_surface,0.5,0,240,0.04188388200341457,2.802483008561072,0.5113423905058445
gamma_surface,0.5,0,240,0.047133422755894265,2.6797133538478337,0.4889417805714146
gamma_surface,0.5,0,240,0.05304091775697241,2.5637976079440836,0.46779173811741054
gamma_surface,0.5,0,240,0.05968883208572181,2.453587248948822,0.4476827032883003
gamma_surface,0.5,0,240,0.067169966629945,2.348320555280173,0.4284756919998319
gamma_surface,0.5,0,240,0.0755887535307831,2.2480894035127665,0.41018746809576784
gamma_surface,0.5,0,240,0.08506271399262945,2.1537829347227797,0.39298026468225045
gamma_surface,0.5,0,240,0.09572409880849786,2.066782536875244,0.3771061304682628
gamma_surface,0.5,0,240,0.10772173450159415,1.9883853136789291,0.36280173561706724
gamma_surface,0.5,0,240,0.1212231008541164,1.9193187985704645,0.35019982622757784
gamma_surface,0.5,0,240,0.1364166688243384,1.8596397787012189,0.3393107637106013
gamma_surface,0.5,0,240,0.15351453148789246,1.808888223153543,0.33005061060481555
gamma_surface,0.5,0,240,0.1727553647296109,1.7662604208349175,0.3222727213997679
gamma_surface,0.5,0,240,0.19440775901540433,1.7305644248181544,0.31575961288887255
gamma_surface,0.5,0,240,0.2187739687537092,1.6995283431215888,0.3100967545742364
gamma_surface,0.5,0,240,0.24619413158533693,1.6680796304508017,0.30435860741463294
gamma_surface,0.5,0,240,0.27705101650047453,1.6265107223695012,0.29677392455872376
gamma_surface,0.5,0,240,0.3117753670636956,1.5615645241642766,0.28492381016264134
gamma_surface,0.5,0,240,0.35085191433519125,1.4626420112382894,0.26687436112766166
gamma_surface,0.5,0,240,0.3948261434249862,1.3291555835583486,0.2425183636706091
gamma_surface,0.5,0,240,0.4443119081371701,1.1715588369750134,0.21376318589158555
gamma_surface,0.5,0,240,0.5,1.0053894343635987,0.1834438371923489
gamma_surface,0.5,1,240,0.004999999999999999,5.471538710180584,0.9983395707528462
gamma_surface,0.5,1,240,0.005626677913003822,5.459884524415395,0.9962131424425348
gamma_surface,0.5,1,240,0.006331900867337016,5.435654644197415,0.9917921469059039
gamma_surface,0.5,1,240,0.007125513351514988,5.389533908687573,0.9833769354396981
gamma_surface,0.5,1,240,0.008018593718756654,5.310542016195455,0.9689640369442885
gamma_surface,0.5,1,240,0.00902360883413585,5.190074124597008,0.9469834078089928
gamma_surface,0.5,1,240,0.010154588104523677,5.026795705605854,0.9171915493642131
gamma_surface,0.5,1,240,0.011427319320674952,4.828543145120402,0.8810182923300567
gamma_surface,0.5,1,240,0.01285956904529672,4.60931759417299,0.841018293422314
gamma_surface,0.5,1,240,0.01447133062358375,4.383976715444612,0.7999024888819614
gamma_surface,0.5,1,240,0.016285103278298914,4.164506312342557,0.7598578141329404
gamma_surface,0.5,1,240,0.018326206185398135,3.958741996886069,0.7223139586929953
gamma_surface,0.5,1,240,0.020623131914506758,3.7701168914169987,0.6878973317070944
gamma_surface,0.5,1,240,0.023207944168063883,3.5978512828636515,0.6564656663551462
gamma_surface,0.5,1,240,0.026116725371334214,3.438065648212083,0.6273111030119851
gamma_surface,0.5,1,240,0.029390080361374554,3.2862709691224135,0.5996145732436806
gamma_surface,0.5,1,240,0.03307370320615074,3.1399463575635544,0.5729161146140374
gamma_surface,0.5,1,240,0.03721901506625844,2.998816472712218,0.5471654883047095
gamma_surface,0.5,1,240,0.04188388200341457,2.86369984724867,0.5225120441801409
gamma_surface,0.5,1,240,0.047133422755894265,2.7355029863553075,0.49912118360960167
gamma_surface,0.5,1,240,0.05304091775697241,2.6144323527788966,0.4770305778846428
gamma_surface,0.5,1,240,0.05968883208572181,2.4999199405899577,0.4561365883716261
gamma_surface,0.5,1,240,0.067169966629945,2.391217951427876,0.43630277142391205
gamma_surface,0.5,1,240,0.0755887535307831,2.2880731188447703,0.4174829159242525
gamma_surface,0.5,1,240,0.08506271399262945,2.1911369731909605,0.399795900412072
gamma_surface,0.5,1,240,0.09572409880849786,2.101768198704215,0.38348963106341555
gamma_surface,0.5,1,240,0.10772173450159415,2.0213065045044893,0.3688085518452536
gamma_surface,0.5,1,240,0.1212231008541164,1.9504883620533617,0.3558870396928084
gamma_surface,0.5,1,240,0.1364166688243384,1.8893433273755873,0.34473048741249696
gamma_surface,0.5,1,240,0.15351453148789246,1.8373707228690253,0.3352475411294986
gamma_surface,0.5,1,240,0.1727553647296109,1.7937245171433274,0.3272838335515721
gamma_surface,0.5,1,240,0.19440775901540433,1.7571547610303389,0.3206112983554951
gamma_surface,0.5,1,240,0.2187739687537092,1.725253098117565,0.31479050567803835
gamma_surface,0.5,1,240,0.24619413158533693,1.6926359200687782,0.30883915976654785
gamma_surface,0.5,1,240,0.27705101650047453,1.6491113532825674,0.3008976464877146
gamma_surface,0.5,1,240,0.3117753670636956,1.5809745545858103,0.28846537359950025
gamma_surface,0.5,1,240,0.35085191433519125,1.4775133972767884,0.269587801339014
gamma_surface,0.5,1,240,0.3948261434249862,1.3385764748692617,0.2442373040063407
gamma_surface,0.5,1,240,0.4443119081371701,1.1755615266649835,0.2144935185673841
gamma_surface,0.5,1,240,0.5,1.0049787319178243,0.18336890022760466
gamma_surface,0.5,2,240,0.004999999999999999,5.4683257566640995,0.9977533337170872
gamma_surface,0.5,2,240,0.005626677913003822,5.453125022401669,0.9949798004712296
gamma_surface,0.5,2,240,0.006331900867337016,5.422600541305733,0.9894102890469443
gamma_surface,0.5,2,240,0.007125513351514988,5.3665928006454395,0.9791910898908465
gamma_surface,0.5,2,240,0.008018593718756654,5.2741765714940785,0.962328780506121
gamma_surface,0.5,2,240,0.00902360883413585,5.138477142945656,0.9375689978518615
gamma_surface,0.5,2,240,0.010154588104523677,4.961225009778767,0.9052274888332735
gamma_surface,0.5,2,240,0.011427319320674952,4.75295886831665,0.867227149023418
gamma_surface,0.5,2,240,0.01285956904529672,4.528662864239335,0.8263019928117872
gamma_surface,0.5,2,240,0.01447133062358375,4.302714330124671,0.7850753151789382
gamma_surface,0.5,2,240,0.016285103278298914,4.085998774527684,0.745533291223666
gamma_surface,0.5,2,240,0.018326206185398135,3.885138924782947,0.7088843069438813
gamma_surface,0.5,2,240,0.020623131914506758,3.702785991617494,0.6756121035172308
gamma_surface,0.5,2,240,0.023207944168063883,3.537870043271902,0.6455214606830137
gamma_surface,0.5,2,240,0.026116725371334214,3.3861246730138945,0.6178339278277247
gamma_surface,0.5,2,240,0.029390080361374554,3.242178246887117,0.5915693940497904
gamma_surface,0.5,2,240,0.03307370320615074,3.1023599589449016,0.5660580823399949
gamma_surface,0.5,2,240,0.03721901506625844,2.965812198314632,0.5411435126082226
gamma_surface,0.5,2,240,0.04188388200341457,2.833729745669745,0.5170436851077556
gamma_surface,0.5,2,240,0.047133422755894265,2.707631262553942,0.49403569555041565
gamma_surface,0.5,2,240,0.05304091775697241,2.5878832628251147,0.47218641823006136
gamma_surface,0.5,2,240,0.05968883208572181,2.473831240143018,0.4513764316067226
gamma_surface,0.5,2,240,0.067169966629945,2.3649521163304703,0.43151029458593976
gamma_surface,0.5,2,240,0.0755887535307831,2.261592568893478,0.4126512621113162
gamma_surface,0.5,2,240,0.08506271399262945,2.164935526897892,0.395015171986144
gamma_surface,0.5,2,240,0.09572409880849786,2.0764774523392875,0.3788750693820731
gamma_surface,0.5,2,240,0.10772173450159415,1.997395905439618,0.3644458125005694
gamma_surface,0.5,2,240,0.1212231008541164,1.9282018437008899,0.3518206308919013
gamma_surface,0.5,2,240,0.1364166688243384,1.8687535221340572,0.3409736616975537
gamma_surface,0.5,2,240,0.15351453148789246,1.818441282975581,0.331793666470319
gamma_surface,0.5,2,240,0.1727553647296109,1.7763526223862758,0.32411414932313937
gamma_surface,0.5,2,240,0.19440775901540433,1.74120208793785,0.3177005659909625
gamma_surface,0.5,2,240,0.2187739687537092,1.7105774943566991,0.3121127879947291
gamma_surface,0.5,2,240,0.24619413158533693,1.6791272153100771,0.3063743550334414
gamma_surface,0.5,2,240,0.27705101650047453,1.6367296638386692,0.29863847750813366
gamma_surface,0.5,2,240,0.3117753670636956,1.5698049370925018,0.2864273598479033
gamma_surface,0.5,2,240,0.35085191433519125,1.4678027095895467,0.26781598461781314
gamma_surface,0.5,2,240,0.3948261434249862,1.3306160972299497,0.24278484969386832
gamma_surface,0.5,2,240,0.4443119081371701,1.1694534807451749,0.21337904158664478
gamma_surface,0.5,2,240,0.5,1.000547408644996,0.18256035886321093
gamma_surface,0.75,0,360,0.004999999999999999,5.864248841275987,0.9962869854053896
gamma_surface,0.75,0,360,0.005626677913003822,5.840733999665484,0.9922920098689635
gamma_surface,0.75,0,360,0.006331900867337016,5.797194372217755,0.984894990173917
gamma_surface,0.75,0,360,0.007125513351514988,5.722991633639175,0.9722885635490892
gamma_surface,0.75,0,360,0.008018593718756654,5.608234868076939,0.9527923458558447
gamma_surface,0.75,0,360,0.00902360883413585,5.448176902674408,0.9255998320050324
gamma_surface,0.75,0,360,0.010154588104523677,5.24633000194693,0.8913077264545722
gamma_surface,0.75,0,360,0.011427319320674952,5.013945079160353,0.8518274655647006
gamma_surface,0.75,0,360,0.01285956904529672,4.76606744909913,0.8097151228781319
gamma_surface,0.75,0,360,0.01447133062358375,4.517111923325642,0.7674196546969224
gamma_surface,0.75,0,360,0.016285103278298914,4.278101673766246,0.7268138060265056
gamma_surface,0.75,0,360,0.018326206185398135,4.055624417637257,0.6890167750973432
gamma_surface,0.75,0,360,0.020623131914506758,3.851947767585521,0.654413810392087
gamma_surface,0.75,0,360,0.023207944168063883,3.6657343510635787,0.6227777034651653
gamma_surface,0.75,0,360,0.026116725371334214,3.493375204570954,0.5934953215073049
gamma_surface,0.75,0,360,0.029390080361374554,3.330985515338329,0.5659066672183292
gamma_surface,0.75,0,360,0.03307370320615074,3.176062156617549,0.5395864802333548
gamma_surface,0.75,0,360,0.03721901506625844,3.02780528968519,0.5143988746218662
gamma_surface,0.75,0,360,0.04188388200341457,2.8865480909942,0.4904004542853863
gamma_surface,0.75,0,360,0.047133422755894265,2.7526553588411358,0.4676531954130219
gamma_surface,0.75,0,360,0.05304091775697241,2.6258613289058537,0.44611194686257044
gamma_surface,0.75,0,360,0.05968883208572181,2.505656397681344,0.42569013124697136
gamma_surface,0.75,0,360,0.067169966629945,2.391898427462514,0.4063636005551916
gamma_surface,0.75,0,360,0.0755887535307831,2.2849575326047966,0.38819523413041906
gamma_surface,0.75,0,360,0.08506271399262945,2.1856546781470705,0.3713245070880258
gamma_surface,0.75,0,360,0.09572409880849786,2.095085292118216,0.3559375235170709
gamma_surface,0.75,0,360,0.10772173450159415,2.0141899520163435,0.3421940796924904
gamma_surface,0.75,0,360,0.1212231008541164,1.9433775308621244,0.3301636397315485
gamma_surface,0.75,0,360,0.1364166688243384,1.8824650201490678,0.31981511201481194
gamma_surface,0.75,0,360,0.15351453148789246,1.8308261390567928,0.3110420966524666
gamma_surface,0.75,0,360,0.1727553647296109,1.7875429595489771,0.30368864532429635
gamma_surface,0.75,0,360,0.19440775901540433,1.751327703329971,0.2975359752346235
gamma_surface,0.75,0,360,0.2187739687537092,1.7197690953946512,0.29217443086389905
gamma_surface,0.75,0,360,0.24619413158533693,1.687537230853427,0.28669850580905715
gamma_surface,0.75,0,360,0.27705101650047453,1.6445619991517608,0.2793973722456603
gamma_surface,0.75,0,360,0.3117753670636956,1.5772857141696837,0.2679676923380997
gamma_surface,0.75,0,360,0.35085191433519125,1.4750637523175518,0.25060103328723216
gamma_surface,0.75,0,360,0.3948261434249862,1.3376155327621428,0.2272497267488144
gamma_surface,0.75,0,360,0.4443119081371701,1.1760279240930305,0.19979733926029392
gamma_surface,0.75,0,360,0.5,1.0065177566563621,0.17099897509089504
gamma_surface,0.75,1,360,0.004999999999999999,5.867656528197268,0.9968659230019856
gamma_surface,0.75,1,360,0.005626677913003822,5.845569010605267,0.9931134379160977
gamma_surface,0.75,1,360,0.006331900867337016,5.802680341810352,0.9858270106688464
gamma_surface,0.75,1,360,0.007125513351514988,5.727572626895751,0.9730668361096996
gamma_surface,0.75,1,360,0.008018593718756654,5.6102384897506905,0.9531327444731723
gamma_surface,0.75,1,360,0.00902360883413585,5.4463880128302815,0.925295914535248
gamma_surface,0.75,1,360,0.010154588104523677,5.2399473408673085,0.8902233655520944
gamma_surface,0.75,1,360,0.011427319320674952,5.002331981283486,0.8498544970587387
gamma_surface,0.75,1,360,0.01285956904529672,4.748598773999069,0.8067473406223776
gamma_surface,0.75,1,360,0.01447133062358375,4.493140133637711,0.7633470474919111
gamma_surface,0.75,1,360,0.016285103278298914,4.247151695333283,0.7215556627338295
gamma_surface,0.75,1,360,0.018326206185398135,4.017699995664451,0.6825737319961388
gamma_surface,0.75,1,360,0.020623131914506758,3.8076695063449733,0.6468913029739436
gamma_surface,0.75,1,360,0.023207944168063883,3.6161465989155546,0.614353157809317
gamma_surface,0.75,1,360,0.026116725371334214,3.439711274136637,0.584378267145441
gamma_surface,0.75,1,360,0.029390080361374554,3.2746831342598695,0.5563413620899065
gamma_surface,0.75,1,360,0.03307370320615074,3.1188088661749602,0.5298596235321008
gamma_surface,0.75,1,360,0.03721901506625844,2.971382322310331,0.5048130828870644
gamma_surface,0.75,1,360,0.04188388200341457,2.8324759933294095,0.4812140557141281
gamma_surface,0.75,1,360,0.047133422755894265,2.7019788741081197,0.4590436831682084
gamma_surface,0.75,1,360,0.05304091775697241,2.579090465142984,0.43816596705776795
gamma_surface,0.75,1,360,0.05968883208572181,2.4627834166564493,0.4184063692210508
gamma_surface,0.75,1,360,0.067169966629945,2.3526237739424896,0.3996911643715674
gamma_surface,0.75,1,360,0.0755887535307831,2.2490123799285935,0.3820884523807007
gamma_surface,0.75,1,360,0.08506271399262945,2.15296664393161,0.3657710826088109
gamma_surface,0.75,1,360,0.09572409880849786,2.065705327444141,0.35094611247216007
gamma_surface,0.75,1,360,0.10772173450159415,1.988132508774297,0.3377671373376121
gamma_surface,0.75,1,360,0.1212231008541164,1.92053593716672,0.32628304340274444
gamma_surface,0.75,1,360,0.1364166688243384,1.8626169203189016,0.31644308533568505
gamma_surface,0.75,1,360,0.15351453148789246,1.813675103938049,0.3081282787812391
gamma_surface,0.75,1,360,0.1727553647296109,1.7727604951889813,0.3011772278772021
gamma_surface,0.75,1,360,0.19440775901540433,1.7385854701663674,0.2953711760575243
gamma_surface,0.75,1,360,0.2187739687537092,1.708757667470933,0.29030368106659976
gamma_surface,0.75,1,360,0.24619413158533693,1.677966397798742,0.28507250106915666
gamma_surface,0.75,1,360,0.27705101650047453,1.6361577967894896,0.2779695683337065
gamma_surface,0.75,1,360,0.3117753670636956,1.5698252574883613,0.26670022294893153
gamma_surface,0.75,1,360,0.35085191433519125,1.4684307050320486,0.24947413385595094
gamma_surface,0.75,1,360,0.3948261434249862,1.3317811326946012,0.22625851082120463
gamma_surface,0.75,1,360,0.4443119081371701,1.1709743800757424,0.19893878426529443
gamma_surface,0.75,1,360,0.5,1.0022058471210702,0.17026641761106578
gamma_surface,0.75,2,360,0.004999999999999999,5.867628668287628,0.9968611898356176
gamma_surface,0.75,2,360,0.005626677913003822,5.846102702691735,0.9932041077519717
gamma_surface,0.75,2,360,0.006331900867337016,5.804322541271138,0.9861060066655212
gamma_surface,0.75,2,360,0.007125513351514988,5.730972552222538,0.9736444550761028
gamma_surface,0.75,2,360,0.008018593718756654,5.615985125414995,0.9541090499604011
gamma_surface,0.75,2,360,0.00902360883413585,5.455022817955958,0.9267628959340712
gamma_surface,0.75,2,360,0.010154588104523677,5.252066832868911,0.8922823661978265
gamma_surface,0.75,2,360,0.011427319320674952,5.018543626325721,0.8526087203880605
gamma_surface,0.75,2,360,0.01285956904529672,4.769560338366764,0.810308535643005
gamma_surface,0.75,2,360,0.01447133062358375,4.51970388865709,0.7678600079964223
gamma_surface,0.75,2,360,0.016285103278298914,4.280334779096996,0.7271931920038546
gamma_surface,0.75,2,360,0.018326206185398135,4.058320593523697,0.6894748329012885
gamma_surface,0.75,2,360,0.020623131914506758,3.8558555182237053,0.6550777046449416
gamma_surface,0.75,2,360,0.023207944168063883,3.6711145394329794,0.6236917526122162
gamma_surface,0.75,2,360,0.026116725371334214,3.499753686068772,0.5945789723336813
gamma_surface,0.75,2,360,0.029390080361374554,3.337299789795745,0.5669794098038625
gamma_surface,0.75,2,360,0.03307370320615074,3.181106509609145,0.5404434737497186
gamma_surface,0.75,2,360,0.03721901506625844,3.030697108057284,0.5148901704529699
gamma_surface,0.75,2,360,0.04188388200341457,2.886968937247692,0.490471952555081
gamma_surface,0.75,2,360,0.047133422755894265,2.7508797482914984,0.467351533984656
gamma_surface,0.75,2,360,0.05304091775697241,2.6224545646196007,0.44553316601397347
gamma_surface,0.75,2,360,0.05968883208572181,2.5010127010887278,0.424901205912352
gamma_surface,0.75,2,360,0.067169966629945,2.3860878065114663,0.4053764245012175
gamma_surface,0.75,2,360,0.0755887535307831,2.277936914027421,0.38700248956799477
gamma_surface,0.75,2,360,0.08506271399262945,2.1775106387887524,0.3699409027013545
gamma_surface,0.75,2,360,0.09572409880849786,2.086061579764211,0.3544044700226389
gamma_surface,0.75,2,360,0.10772173450159415,2.004575605992288,0.3405606824618799
gamma_surface,0.75,2,360,0.1212231008541164,1.9334186052701439,0.3284717013052535
gamma_surface,0.75,2,360,0.1364166688243384,1.8723399888755592,0.3180949536181188
gamma_surface,0.75,2,360,0.15351453148789246,1.8206538273697763,0.3093139057077153
gamma_surface,0.75,2,360,0.1727553647296109,1.777399213901868,0.3019653075115581
gamma_surface,0.75,2,360,0.19440775901540433,1.741268697057174,0.2958270339350728
gamma_surface,0.75,2,360,0.2187739687537092,1.7098704045282944,0.2904927258152851
gamma_surface,0.75,2,360,0.24619413158533693,1.6779471142194138,0.2850692249498042
gamma_surface,0.75,2,360,0.27705101650047453,1.6355454255301447,0.2778655315623425
gamma_surface,0.75,2,360,0.3117753670636956,1.5692397052749507,0.26660074250987
gamma_surface,0.75,2,360,0.35085191433519125,1.468467710026933,0.24948042069605547
gamma_surface,0.75,2,360,0.3948261434249862,1.3328389133871763,0.2264382189417073
gamma_surface,0.75,2,360,0.4443119081371701,1.1731014147343386,0.1993001497198007
gamma_surface,0.75,2,360,0.5,1.0051259301068771,0.17076251536438525
