scope,subsample,rep,n,h,H,f_uniq
HD liquid_2.0gcc_6000|real,1.0,0,5576,0.004999999999999999,8.610315338187833,0.9981554375580131
HD liquid_2.0gcc_6000|real,1.0,0,5576,0.005626677913003822,8.610314933908516,0.9981553906917157
HD liquid_2.0gcc_6000|real,1.0,0,5576,0.006331900867337016,8.610312955638364,0.9981551613596841
HD liquid_2.0gcc_6000|real,1.0,0,5576,0.007125513351514988,8.610306063633084,0.9981543624002644
HD liquid_2.0gcc_6000|real,1.0,0,5576,0.008018593718756654,8.610287438270635,0.9981522032451029
HD liquid_2.0gcc_6000|real,1.0,0,5576,0.00902360883413585,8.610245053571436,0.9981472897760472
HD liquid_2.0gcc_6000|real,1.0,0,5576,0.010154588104523677,8.610157619839296,0.9981371539736131
HD liquid_2.0gcc_6000|real,1.0,0,5576,0.011427319320674952,8.609984547416854,0.9981170904599361
HD liquid_2.0gcc_6000|real,1.0,0,5576,0.01285956904529672,8.609639213900504,0.9980770574862787
HD liquid_2.0gcc_6000|real,1.0,0,5576,0.01447133062358375,8.608899116026361,0.9979912612420779
HD liquid_2.0gcc_6000|real,1.0,0,5576,0.016285103278298914,8.607092927919062,0.9977818779140879
HD liquid_2.0gcc_6000|real,1.0,0,5576,0.018326206185398135,8.602124621843057,0.9972059243594924
HD liquid_2.0gcc_6000|real,1.0,0,5576,0.020623131914506758,8.587866356297635,0.995553027255807
HD liquid_2.0gcc_6000|real,1.0,0,5576,0.023207944168063883,8.548733101642258,0.9910164836578779
HD liquid_2.0gcc_6000|real,1.0,0,5576,0.026116725371334214,8.453417305193272,0.9799669486787382
HD liquid_2.0gcc_6000|real,1.0,0,5576,0.029390080361374554,8.258352788192862,0.9573539896091621
HD liquid_2.0gcc_6000|real,1.0,0,5576,0.03307370320615074,7.9295267628575905,0.9192346557279398
HD liquid_2.0gcc_6000|real,1.0,0,5576,0.03721901506625844,7.465969842743174,0.8654965703900303
HD liquid_2.0gcc_6000|real,1.0,0,5576,0.04188388200341457,6.900120823303377,0.7999002184090847
HD liquid_2.0gcc_6000|real,1.0,0,5576,0.047133422755894265,6.278640366159555,0.727854762084984
HD liquid_2.0gcc_6000|real,1.0,0,5576,0.05304091775697241,5.643774581595384,0.6542576044789501
HD liquid_2.0gcc_6000|real,1.0,0,5576,0.05968883208572181,5.024928943793469,0.5825175910044792
HD liquid_2.0gcc_6000|real,1.0,0,5576,0.067169966629945,4.438970289178772,0.5145900187477663
HD liquid_2.0gcc_6000|real,1.0,0,5576,0.0755887535307831,3.894067341950196,0.45142185145599073
HD liquid_2.0gcc_6000|real,1.0,0,5576,0.08506271399262945,3.393404691733005,0.3933822643946332
HD liquid_2.0gcc_6000|real,1.0,0,5576,0.09572409880849786,2.937651142256899,0.3405487889958468
HD liquid_2.0gcc_6000|real,1.0,0,5576,0.10772173450159415,2.526305367791488,0.29286330880464445
HD liquid_2.0gcc_6000|real,1.0,0,5576,0.1212231008541164,2.158291868901615,0.2502011459704331
HD liquid_2.0gcc_6000|real,1.0,0,5576,0.1364166688243384,1.8320708806243016,0.21238380241155244
HD liquid_2.0gcc_6000|real,1.0,0,5576,0.15351453148789246,1.5455048115490586,0.17916347669380936
HD liquid_2.0gcc_6000|real,1.0,0,5576,0.1727553647296109,1.2957601748400054,0.15021169533146062
HD liquid_2.0gcc_6000|real,1.0,0,5576,0.19440775901540433,1.0795352405786687,0.12514570350751877
HD liquid_2.0gcc_6000|real,1.0,0,5576,0.2187739687537092,0.8935510015307829,0.10358538054438705
HD liquid_2.0gcc_6000|real,1.0,0,5576,0.24619413158533693,0.7348692304421421,0.08519011086698196
HD liquid_2.0gcc_6000|real,1.0,0,5576,0.27705101650047453,0.6008006048044727,0.06964813331679225
HD liquid_2.0gcc_6000|real,1.0,0,5576,0.3117753670636956,0.4886577610326251,0.05664791382452369
HD liquid_2.0gcc_6000|real,1.0,0,5576,0.35085191433519125,0.3956869520468349,0.04587022277855732
HD liquid_2.0gcc_6000|real,1.0,0,5576,0.3948261434249862,0.3191797646738917,0.037001085924779166
HD liquid_2.0gcc_6000|real,1.0,0,5576,0.4443119081371701,0.2566077181781303,0.029747387773693564
HD liquid_2.0gcc_6000|real,1.0,0,5576,0.5,0.20570129817877894,0.023846033649808626
HD liquid_2.0gcc_6000|gauss,1.0,0,5576,0.004999999999999999,8.626226952447071,1.000000000000778
HD liquid_2.0gcc_6000|gauss,1.0,0,5576,0.005626677913003822,8.626226952445327,1.0000000000005758
HD liquid_2.0gcc_6000|gauss,1.0,0,5576,0.006331900867337016,8.626226952443819,1.000000000000401
HD liquid_2.0gcc_6000|gauss,1.0,0,5576,0.007125513351514988,8.626226952407327,0.9999999999961706
HD liquid_2.0gcc_6000|gauss,1.0,0,5576,0.008018593718756654,8.626226951289485,0.9999999998665842
HD liquid_2.0gcc_6000|gauss,1.0,0,5576,0.00902360883413585,8.626226933820002,0.9999999978414249
HD liquid_2.0gcc_6000|gauss,1.0,0,5576,0.010154588104523677,8.62622677088364,0.9999999789529396
HD liquid_2.0gcc_6000|gauss,1.0,0,5576,0.011427319320674952,8.626225701013194,0.9999998549276325
HD liquid_2.0gcc_6000|gauss,1.0,0,5576,0.01285956904529672,8.626219969875192,0.9999991905423766
HD liquid_2.0gcc_6000|gauss,1.0,0,5576,0.01447133062358375,8.626192240116136,0.9999959759551406
HD liquid_2.0gcc_6000|gauss,1.0,0,5576,0.016285103278298914,8.626065500447565,0.999981283590881
HD liquid_2.0gcc_6000|gauss,1.0,0,5576,0.018326206185398135,8.625516982733618,0.9999176963798129
HD liquid_2.0gcc_6000|gauss,1.0,0,5576,0.020623131914506758,8.623311005764196,0.9996619673129119
HD liquid_2.0gcc_6000|gauss,1.0,0,5576,0.023207944168063883,8.61525071156623,0.9987275733719219
HD liquid_2.0gcc_6000|gauss,1.0,0,5576,0.026116725371334214,8.589102311133598,0.9956963059850564
HD liquid_2.0gcc_6000|gauss,1.0,0,5576,0.029390080361374554,8.51619339287298,0.9872443004138383
HD liquid_2.0gcc_6000|gauss,1.0,0,5576,0.03307370320615074,8.348497358086501,0.9678040473679759
HD liquid_2.0gcc_6000|gauss,1.0,0,5576,0.03721901506625844,8.038452155729543,0.9318618904937881
HD liquid_2.0gcc_6000|gauss,1.0,0,5576,0.04188388200341457,7.572938335230926,0.877896950426112
HD liquid_2.0gcc_6000|gauss,1.0,0,5576,0.047133422755894265,6.983269142330493,0.8095392320225154
HD liquid_2.0gcc_6000|gauss,1.0,0,5576,0.05304091775697241,6.323716135651898,0.7330801949122053
HD liquid_2.0gcc_6000|gauss,1.0,0,5576,0.05968883208572181,5.645355018704385,0.654440817501018
HD liquid_2.0gcc_6000|gauss,1.0,0,5576,0.067169966629945,4.983915247082804,0.577763056149694
HD liquid_2.0gcc_6000|gauss,1.0,0,5576,0.0755887535307831,4.36014579475869,0.5054522468279373
HD liquid_2.0gcc_6000|gauss,1.0,0,5576,0.08506271399262945,3.784385874953836,0.4387069683905352
HD liquid_2.0gcc_6000|gauss,1.0,0,5576,0.09572409880849786,3.2606980483052013,0.37799817536480995
HD liquid_2.0gcc_6000|gauss,1.0,0,5576,0.10772173450159415,2.789659168039872,0.32339273977143357
HD liquid_2.0gcc_6000|gauss,1.0,0,5576,0.1212231008541164,2.3700197347854326,0.27474581272348203
HD liquid_2.0gcc_6000|gauss,1.0,0,5576,0.1364166688243384,1.9995421081761358,0.23179799455780203
HD liquid_2.0gcc_6000|gauss,1.0,0,5576,0.15351453148789246,1.6753956941753068,0.19422114713795435
HD liquid_2.0gcc_6000|gauss,1.0,0,5576,0.1727553647296109,1.3943571643528168,0.16164160438166458
HD liquid_2.0gcc_6000|gauss,1.0,0,5576,0.19440775901540433,1.1529294783476505,0.13365397000382498
HD liquid_2.0gcc_6000|gauss,1.0,0,5576,0.2187739687537092,0.9474348463926585,0.10983189424718638
HD liquid_2.0gcc_6000|gauss,1.0,0,5576,0.24619413158533693,0.7741054899404872,0.08973859535674432
HD liquid_2.0gcc_6000|gauss,1.0,0,5576,0.27705101650047453,0.6291784344962286,0.07293784848985847
HD liquid_2.0gcc_6000|gauss,1.0,0,5576,0.3117753670636956,0.508991010986989,0.05900505676389552
HD liquid_2.0gcc_6000|gauss,1.0,0,5576,0.35085191433519125,0.41006908672690245,0.04753747947831281
HD liquid_2.0gcc_6000|gauss,1.0,0,5576,0.3948261434249862,0.3291993819561032,0.03816261544834183
HD liquid_2.0gcc_6000|gauss,1.0,0,5576,0.4443119081371701,0.2634797452335488,0.030544031206947358
HD liquid_2.0gcc_6000|gauss,1.0,0,5576,0.5,0.21034537933240882,0.024384401255858692
HD liquid_2.0gcc_6000|shuffle,1.0,0,5576,0.004999999999999999,8.626226952447343,1.0000000000008096
HD liquid_2.0gcc_6000|shuffle,1.0,0,5576,0.005626677913003822,8.626226952445514,1.0000000000005973
HD liquid_2.0gcc_6000|shuffle,1.0,0,5576,0.006331900867337016,8.626226952444442,1.0000000000004732
HD liquid_2.0gcc_6000|shuffle,1.0,0,5576,0.007125513351514988,8.626226952443666,1.0000000000003832
HD liquid_2.0gcc_6000|shuffle,1.0,0,5576,0.008018593718756654,8.626226952442902,1.0000000000002947
HD liquid_2.0gcc_6000|shuffle,1.0,0,5576,0.00902360883413585,8.626226952442064,1.0000000000001974
HD liquid_2.0gcc_6000|shuffle,1.0,0,5576,0.010154588104523677,8.62622695244189,1.0000000000001772
HD liquid_2.0gcc_6000|shuffle,1.0,0,5576,0.011427319320674952,8.62622695244155,1.000000000000138
HD liquid_2.0gcc_6000|shuffle,1.0,0,5576,0.01285956904529672,8.626226952441247,1.0000000000001028
HD liquid_2.0gcc_6000|shuffle,1.0,0,5576,0.01447133062358375,8.626226952441156,1.0000000000000921
HD liquid_2.0gcc_6000|shuffle,1.0,0,5576,0.016285103278298914,8.626226952439536,0.9999999999999044
HD liquid_2.0gcc_6000|shuffle,1.0,0,5576,0.018326206185398135,8.626226952369223,0.9999999999917533
HD liquid_2.0gcc_6000|shuffle,1.0,0,5576,0.020623131914506758,8.626226950408629,0.9999999997644705
HD liquid_2.0gcc_6000|shuffle,1.0,0,5576,0.023207944168063883,8.626226920004983,0.9999999962399114
HD liquid_2.0gcc_6000|shuffle,1.0,0,5576,0.026116725371334214,8.62622656194232,0.9999999547313045
HD liquid_2.0gcc_6000|shuffle,1.0,0,5576,0.029390080361374554,8.626222337810642,0.9999994650465674
HD liquid_2.0gcc_6000|shuffle,1.0,0,5576,0.03307370320615074,8.626172978382213,0.9999937430282736
HD liquid_2.0gcc_6000|shuffle,1.0,0,5576,0.03721901506625844,8.62567538977049,0.9999360598007784
HD liquid_2.0gcc_6000|shuffle,1.0,0,5576,0.04188388200341457,8.621639611599894,0.9994682100452773
HD liquid_2.0gcc_6000|shuffle,1.0,0,5576,0.047133422755894265,8.596399740261052,0.9965422643823589
HD liquid_2.0gcc_6000|shuffle,1.0,0,5576,0.05304091775697241,8.482896120392551,0.983384296189047
HD liquid_2.0gcc_6000|shuffle,1.0,0,5576,0.05968883208572181,8.142233303997527,0.9438927759365394
HD liquid_2.0gcc_6000|shuffle,1.0,0,5576,0.067169966629945,7.471083485152266,0.8660893721372235
HD liquid_2.0gcc_6000|shuffle,1.0,0,5576,0.0755887535307831,6.549387445700976,0.7592412629310841
HD liquid_2.0gcc_6000|shuffle,1.0,0,5576,0.08506271399262945,5.561548186450224,0.6447254653874904
HD liquid_2.0gcc_6000|shuffle,1.0,0,5576,0.09572409880849786,4.637380043790088,0.5375907762869806
HD liquid_2.0gcc_6000|shuffle,1.0,0,5576,0.10772173450159415,3.8257088939985096,0.4434973616032924
HD liquid_2.0gcc_6000|shuffle,1.0,0,5576,0.1212231008541164,3.133289431354362,0.36322826290443866
HD liquid_2.0gcc_6000|shuffle,1.0,0,5576,0.1364166688243384,2.5517419456584287,0.29581205777765224
HD liquid_2.0gcc_6000|shuffle,1.0,0,5576,0.15351453148789246,2.0682561296153725,0.23976370445832784
HD liquid_2.0gcc_6000|shuffle,1.0,0,5576,0.1727553647296109,1.669431543625712,0.1935297497770366
HD liquid_2.0gcc_6000|shuffle,1.0,0,5576,0.19440775901540433,1.342625840255682,0.15564462280648125
HD liquid_2.0gcc_6000|shuffle,1.0,0,5576,0.2187739687537092,1.0763972075163395,0.12478192533664172
HD liquid_2.0gcc_6000|shuffle,1.0,0,5576,0.24619413158533693,0.8606310770668797,0.0997691205914084
HD liquid_2.0gcc_6000|shuffle,1.0,0,5576,0.27705101650047453,0.686543994570131,0.07958798190162475
HD liquid_2.0gcc_6000|shuffle,1.0,0,5576,0.3117753670636956,0.5466235850711727,0.0633676331593076
HD liquid_2.0gcc_6000|shuffle,1.0,0,5576,0.35085191433519125,0.43452950266782897,0.05037306635491436
HD liquid_2.0gcc_6000|shuffle,1.0,0,5576,0.3948261434249862,0.34497200632627334,0.03999106541344599
HD liquid_2.0gcc_6000|shuffle,1.0,0,5576,0.4443119081371701,0.27358128936963544,0.03171505814511862
HD liquid_2.0gcc_6000|shuffle,1.0,0,5576,0.5,0.21677752081968635,0.025130050717986265
HD liquid_2.0gcc_7000|real,1.0,0,1600,0.004999999999999999,7.377758908235007,1.000000000000967
HD liquid_2.0gcc_7000|real,1.0,0,1600,0.005626677913003822,7.377758908231057,1.0000000000004317
HD liquid_2.0gcc_7000|real,1.0,0,1600,0.006331900867337016,7.377758908062038,0.9999999999775224
HD liquid_2.0gcc_7000|real,1.0,0,1600,0.007125513351514988,7.377758903256836,0.9999999993262132
HD liquid_2.0gcc_7000|real,1.0,0,1600,0.008018593718756654,7.377758832857904,0.9999999897841648
HD liquid_2.0gcc_7000|real,1.0,0,1600,0.00902360883413585,7.377758209921054,0.9999999053497374
HD liquid_2.0gcc_7000|real,1.0,0,1600,0.010154588104523677,7.377754398600093,0.9999993887537075
HD liquid_2.0gcc_7000|real,1.0,0,1600,0.011427319320674952,7.377736387190915,0.9999969474420027
HD liquid_2.0gcc_7000|real,1.0,0,1600,0.01285956904529672,7.377664837401069,0.9999872494035148
HD liquid_2.0gcc_7000|real,1.0,0,1600,0.01447133062358375,7.377414384198123,0.9999533023464123
HD liquid_2.0gcc_7000|real,1.0,0,1600,0.016285103278298914,7.376633722900539,0.9998474895505086
HD liquid_2.0gcc_7000|real,1.0,0,1600,0.018326206185398135,7.374468696489025,0.9995540364249124
HD liquid_2.0gcc_7000|real,1.0,0,1600,0.020623131914506758,7.369054450432187,0.9988201758956939
HD liquid_2.0gcc_7000|real,1.0,0,1600,0.023207944168063883,7.356399358850017,0.9971048729507771
HD liquid_2.0gcc_7000|real,1.0,0,1600,0.026116725371334214,7.327611211299212,0.9932028550197358
HD liquid_2.0gcc_7000|real,1.0,0,1600,0.029390080361374554,7.263688596110355,0.9845386229698692
HD liquid_2.0gcc_7000|real,1.0,0,1600,0.03307370320615074,7.131880067283972,0.9666729634293566
HD liquid_2.0gcc_7000|real,1.0,0,1600,0.03721901506625844,6.89442307803141,0.9344874458207854
HD liquid_2.0gcc_7000|real,1.0,0,1600,0.04188388200341457,6.5311747968633584,0.885251860098006
HD liquid_2.0gcc_7000|real,1.0,0,1600,0.047133422755894265,6.055270572011166,0.8207466044001746
HD liquid_2.0gcc_7000|real,1.0,0,1600,0.05304091775697241,5.5055582997193095,0.7462372202999701
HD liquid_2.0gcc_7000|real,1.0,0,1600,0.05968883208572181,4.926259799547065,0.6677176444534084
HD liquid_2.0gcc_7000|real,1.0,0,1600,0.067169966629945,4.3519800389905035,0.5898783211981974
HD liquid_2.0gcc_7000|real,1.0,0,1600,0.0755887535307831,3.8042023319009393,0.5156311529316026
HD liquid_2.0gcc_7000|real,1.0,0,1600,0.08506271399262945,3.2942837409114714,0.4465155044897982
HD liquid_2.0gcc_7000|real,1.0,0,1600,0.09572409880849786,2.8274292761511632,0.38323687603805257
HD liquid_2.0gcc_7000|real,1.0,0,1600,0.10772173450159415,2.405584484119866,0.3260589718426682
HD liquid_2.0gcc_7000|real,1.0,0,1600,0.1212231008541164,2.0290546995621996,0.2750231777429517
HD liquid_2.0gcc_7000|real,1.0,0,1600,0.1364166688243384,1.6971510826641865,0.23003612665784978
HD liquid_2.0gcc_7000|real,1.0,0,1600,0.15351453148789246,1.4083039438496971,0.19088505891390936
HD liquid_2.0gcc_7000|real,1.0,0,1600,0.1727553647296109,1.1600781917202896,0.1572399160979006
HD liquid_2.0gcc_7000|real,1.0,0,1600,0.19440775901540433,0.949296317734285,0.12867001070956718
HD liquid_2.0gcc_7000|real,1.0,0,1600,0.2187739687537092,0.7722660657615829,0.10467488506575232
HD liquid_2.0gcc_7000|real,1.0,0,1600,0.24619413158533693,0.6250424180519165,0.08471982153752038
HD liquid_2.0gcc_7000|real,1.0,0,1600,0.27705101650047453,0.5036662415441274,0.06826818927119256
HD liquid_2.0gcc_7000|real,1.0,0,1600,0.3117753670636956,0.4043505709448765,0.05480669346540099
HD liquid_2.0gcc_7000|real,1.0,0,1600,0.35085191433519125,0.32360715911428,0.043862528328675085
HD liquid_2.0gcc_7000|real,1.0,0,1600,0.3948261434249862,0.25831823754137434,0.03501310367478815
HD liquid_2.0gcc_7000|real,1.0,0,1600,0.4443119081371701,0.20576406109444356,0.027889778407501228
HD liquid_2.0gcc_7000|real,1.0,0,1600,0.5,0.1636183306524984,0.022177240092520086
HD liquid_2.0gcc_7000|gauss,1.0,0,1600,0.004999999999999999,7.377758908234309,1.0000000000008724
HD liquid_2.0gcc_7000|gauss,1.0,0,1600,0.005626677913003822,7.377758908232956,1.000000000000689
HD liquid_2.0gcc_7000|gauss,1.0,0,1600,0.006331900867337016,7.3777589082318595,1.0000000000005405
HD liquid_2.0gcc_7000|gauss,1.0,0,1600,0.007125513351514988,7.3777589082310415,1.0000000000004294
HD liquid_2.0gcc_7000|gauss,1.0,0,1600,0.008018593718756654,7.377758908230207,1.0000000000003164
HD liquid_2.0gcc_7000|gauss,1.0,0,1600,0.00902360883413585,7.377758908207455,0.9999999999972325
HD liquid_2.0gcc_7000|gauss,1.0,0,1600,0.010154588104523677,7.377758906926865,0.9999999998236582
HD liquid_2.0gcc_7000|gauss,1.0,0,1600,0.011427319320674952,7.377758872893761,0.9999999952107256
HD liquid_2.0gcc_7000|gauss,1.0,0,1600,0.01285956904529672,7.3777583730597724,0.9999999274619696
HD liquid_2.0gcc_7000|gauss,1.0,0,1600,0.01447133062358375,7.377753679928012,0.999999291343086
HD liquid_2.0gcc_7000|gauss,1.0,0,1600,0.016285103278298914,7.377721950867451,0.9999949907064081
HD liquid_2.0gcc_7000|gauss,1.0,0,1600,0.018326206185398135,7.377552653024394,0.9999720436509184
HD liquid_2.0gcc_7000|gauss,1.0,0,1600,0.020623131914506758,7.37679240742718,0.9998689980503951
HD liquid_2.0gcc_7000|gauss,1.0,0,1600,0.023207944168063883,7.373812526195287,0.9994650974528072
HD liquid_2.0gcc_7000|gauss,1.0,0,1600,0.026116725371334214,7.36350123088418,0.9980674785499167
HD liquid_2.0gcc_7000|gauss,1.0,0,1600,0.029390080361374554,7.332288618508515,0.9938368425581584
HD liquid_2.0gcc_7000|gauss,1.0,0,1600,0.03307370320615074,7.251691529820675,0.9829125104282543
HD liquid_2.0gcc_7000|gauss,1.0,0,1600,0.03721901506625844,7.0792856026058315,0.9595441773938729
HD liquid_2.0gcc_7000|gauss,1.0,0,1600,0.04188388200341457,6.777862379854033,0.9186885155999313
HD liquid_2.0gcc_7000|gauss,1.0,0,1600,0.047133422755894265,6.341442931903849,0.8595351258810726
HD liquid_2.0gcc_7000|gauss,1.0,0,1600,0.05304091775697241,5.800313537231745,0.7861890866023125
HD liquid_2.0gcc_7000|gauss,1.0,0,1600,0.05968883208572181,5.202459411636114,0.7051544346121412
HD liquid_2.0gcc_7000|gauss,1.0,0,1600,0.067169966629945,4.592760527819483,0.6225143142990909
HD liquid_2.0gcc_7000|gauss,1.0,0,1600,0.0755887535307831,4.003106507037102,0.5425911251413666
HD liquid_2.0gcc_7000|gauss,1.0,0,1600,0.08506271399262945,3.4522826836773772,0.4679310786134933
HD liquid_2.0gcc_7000|gauss,1.0,0,1600,0.09572409880849786,2.949742627699854,0.3998155353667389
HD liquid_2.0gcc_7000|gauss,1.0,0,1600,0.10772173450159415,2.499138352244233,0.3387394984481165
HD liquid_2.0gcc_7000|gauss,1.0,0,1600,0.1212231008541164,2.100673048745102,0.28473050893576585
HD liquid_2.0gcc_7000|gauss,1.0,0,1600,0.1364166688243384,1.7525484701656902,0.2375448279031186
HD liquid_2.0gcc_7000|gauss,1.0,0,1600,0.15351453148789246,1.4517906671138803,0.19677935876907077
HD liquid_2.0gcc_7000|gauss,1.0,0,1600,0.1727553647296109,1.1947080903078933,0.161933739658465
HD liquid_2.0gcc_7000|gauss,1.0,0,1600,0.19440775901540433,0.9771781024559235,0.13244917794293176
HD liquid_2.0gcc_7000|gauss,1.0,0,1600,0.2187739687537092,0.7948662071295923,0.10773816507383244
HD liquid_2.0gcc_7000|gauss,1.0,0,1600,0.24619413158533693,0.6434143044162103,0.08720999322689409
HD liquid_2.0gcc_7000|gauss,1.0,0,1600,0.27705101650047453,0.5186013454155607,0.07029253081680437
HD liquid_2.0gcc_7000|gauss,1.0,0,1600,0.3117753670636956,0.4164699963108328,0.05644939086398912
HD liquid_2.0gcc_7000|gauss,1.0,0,1600,0.35085191433519125,0.33341440904867264,0.04519182765335962
HD liquid_2.0gcc_7000|gauss,1.0,0,1600,0.3948261434249862,0.26622930871995026,0.0360853901613733
HD liquid_2.0gcc_7000|gauss,1.0,0,1600,0.4443119081371701,0.2121253282002023,0.02875200055177115
HD liquid_2.0gcc_7000|gauss,1.0,0,1600,0.5,0.1687182724239847,0.02286849902831951
HD liquid_2.0gcc_7000|shuffle,1.0,0,1600,0.004999999999999999,7.37775890823527,1.0000000000010028
HD liquid_2.0gcc_7000|shuffle,1.0,0,1600,0.005626677913003822,7.377758908233716,1.000000000000792
HD liquid_2.0gcc_7000|shuffle,1.0,0,1600,0.006331900867337016,7.377758908232458,1.0000000000006215
HD liquid_2.0gcc_7000|shuffle,1.0,0,1600,0.007125513351514988,7.37775890823151,1.000000000000493
HD liquid_2.0gcc_7000|shuffle,1.0,0,1600,0.008018593718756654,7.3777589082307165,1.0000000000003855
HD liquid_2.0gcc_7000|shuffle,1.0,0,1600,0.00902360883413585,7.37775890823022,1.0000000000003182
HD liquid_2.0gcc_7000|shuffle,1.0,0,1600,0.010154588104523677,7.377758908229662,1.0000000000002425
HD liquid_2.0gcc_7000|shuffle,1.0,0,1600,0.011427319320674952,7.377758908229229,1.0000000000001839
HD liquid_2.0gcc_7000|shuffle,1.0,0,1600,0.01285956904529672,7.377758908228967,1.0000000000001483
HD liquid_2.0gcc_7000|shuffle,1.0,0,1600,0.01447133062358375,7.377758908228765,1.000000000000121
HD liquid_2.0gcc_7000|shuffle,1.0,0,1600,0.016285103278298914,7.377758908228425,1.0000000000000748
HD liquid_2.0gcc_7000|shuffle,1.0,0,1600,0.018326206185398135,7.377758908206078,0.9999999999970459
HD liquid_2.0gcc_7000|shuffle,1.0,0,1600,0.020623131914506758,7.377758906533297,0.9999999997703131
HD liquid_2.0gcc_7000|shuffle,1.0,0,1600,0.023207944168063883,7.377758842974205,0.9999999911553538
HD liquid_2.0gcc_7000|shuffle,1.0,0,1600,0.026116725371334214,7.377757387889861,0.9999997939295617
HD liquid_2.0gcc_7000|shuffle,1.0,0,1600,0.029390080361374554,7.3777349473356875,0.9999967522804034
HD liquid_2.0gcc_7000|shuffle,1.0,0,1600,0.03307370320615074,7.377485251407053,0.9999629078661658
HD liquid_2.0gcc_7000|shuffle,1.0,0,1600,0.03721901506625844,7.3753966807830045,0.9996798177503152
HD liquid_2.0gcc_7000|shuffle,1.0,0,1600,0.04188388200341457,7.362054759199745,0.9978714201394392
HD liquid_2.0gcc_7000|shuffle,1.0,0,1600,0.047133422755894265,7.298278148929846,0.9892269779635402
HD liquid_2.0gcc_7000|shuffle,1.0,0,1600,0.05304091775697241,7.084618187470933,0.9602669693597575
HD liquid_2.0gcc_7000|shuffle,1.0,0,1600,0.05968883208572181,6.612024303953923,0.8962104056531338
HD liquid_2.0gcc_7000|shuffle,1.0,0,1600,0.067169966629945,5.900966510854517,0.7998318438236851
HD liquid_2.0gcc_7000|shuffle,1.0,0,1600,0.0755887535307831,5.087198157976096,0.689531634369716
HD liquid_2.0gcc_7000|shuffle,1.0,0,1600,0.08506271399262945,4.291111984805515,0.5816281120300575
HD liquid_2.0gcc_7000|shuffle,1.0,0,1600,0.09572409880849786,3.5716973773812044,0.4841168465667742
HD liquid_2.0gcc_7000|shuffle,1.0,0,1600,0.10772173450159415,2.946278598153549,0.3993460120888175
HD liquid_2.0gcc_7000|shuffle,1.0,0,1600,0.1212231008541164,2.4136289101816786,0.3271493335855602
HD liquid_2.0gcc_7000|shuffle,1.0,0,1600,0.1364166688243384,1.96584624798906,0.26645574522592436
HD liquid_2.0gcc_7000|shuffle,1.0,0,1600,0.15351453148789246,1.5930977989096282,0.21593248284827568
HD liquid_2.0gcc_7000|shuffle,1.0,0,1600,0.1727553647296109,1.2853740549941137,0.1742228325678453
HD liquid_2.0gcc_7000|shuffle,1.0,0,1600,0.19440775901540433,1.0331664742634188,0.14003798268756168
HD liquid_2.0gcc_7000|shuffle,1.0,0,1600,0.2187739687537092,0.8277655064034686,0.11219741885036695
HD liquid_2.0gcc_7000|shuffle,1.0,0,1600,0.24619413158533693,0.6613981726287185,0.08964757195997686
HD liquid_2.0gcc_7000|shuffle,1.0,0,1600,0.27705101650047453,0.5272736646406266,0.07146799877840912
HD liquid_2.0gcc_7000|shuffle,1.0,0,1600,0.3117753670636956,0.4195657835457448,0.05686900165276937
HD liquid_2.0gcc_7000|shuffle,1.0,0,1600,0.35085191433519125,0.33335216970673925,0.045183391576400805
HD liquid_2.0gcc_7000|shuffle,1.0,0,1600,0.3948261434249862,0.26452732249290434,0.035854698667083906
HD liquid_2.0gcc_7000|shuffle,1.0,0,1600,0.4443119081371701,0.20970336727491432,0.028423721875900223
HD liquid_2.0gcc_7000|shuffle,1.0,0,1600,0.5,0.16610893257793927,0.02251482254220725
HD liquid_2.5gcc_6000|real,1.0,0,5000,0.004999999999999999,8.51719319142355,1.0000000000008584
HD liquid_2.5gcc_6000|real,1.0,0,5000,0.005626677913003822,8.5171931914218,1.000000000000653
HD liquid_2.5gcc_6000|real,1.0,0,5000,0.006331900867337016,8.517193191419052,1.0000000000003304
HD liquid_2.5gcc_6000|real,1.0,0,5000,0.007125513351514988,8.517193191279157,0.9999999999839053
HD liquid_2.5gcc_6000|real,1.0,0,5000,0.008018593718756654,8.517193186098773,0.9999999993756786
HD liquid_2.5gcc_6000|real,1.0,0,5000,0.00902360883413585,8.517193086373847,0.9999999876670179
HD liquid_2.5gcc_6000|real,1.0,0,5000,0.010154588104523677,8.517191927440736,0.9999998515971784
HD liquid_2.5gcc_6000|real,1.0,0,5000,0.011427319320674952,8.517182635714704,0.9999987606596097
HD liquid_2.5gcc_6000|real,1.0,0,5000,0.01285956904529672,8.517125344589777,0.9999920341332014
HD liquid_2.5gcc_6000|real,1.0,0,5000,0.01447133062358375,8.51683153780587,0.9999575384047021
HD liquid_2.5gcc_6000|real,1.0,0,5000,0.016285103278298914,8.515518611851427,0.9998033883314401
HD liquid_2.5gcc_6000|real,1.0,0,5000,0.018326206185398135,8.510307615419137,0.9991915674750643
HD liquid_2.5gcc_6000|real,1.0,0,5000,0.020623131914506758,8.492009998659912,0.9970432521383092
HD liquid_2.5gcc_6000|real,1.0,0,5000,0.023207944168063883,8.436629506399624,0.9905410522919913
HD liquid_2.5gcc_6000|real,1.0,0,5000,0.026116725371334214,8.297972299383515,0.9742613690794689
HD liquid_2.5gcc_6000|real,1.0,0,5000,0.029390080361374554,8.020081693172077,0.9416343521777623
HD liquid_2.5gcc_6000|real,1.0,0,5000,0.03307370320615074,7.574973912575129,0.8893744385426536
HD liquid_2.5gcc_6000|real,1.0,0,5000,0.03721901506625844,6.98697199904161,0.8203373860397097
HD liquid_2.5gcc_6000|real,1.0,0,5000,0.04188388200341457,6.3147720271228325,0.7414146756101482
HD liquid_2.5gcc_6000|real,1.0,0,5000,0.047133422755894265,5.617781701819948,0.6595813404211187
HD liquid_2.5gcc_6000|real,1.0,0,5000,0.05304091775697241,4.937828249661365,0.5797482972016869
HD liquid_2.5gcc_6000|real,1.0,0,5000,0.05968883208572181,4.29826460951284,0.5046574044891572
HD liquid_2.5gcc_6000|real,1.0,0,5000,0.067169966629945,3.709841437845196,0.43557089224934253
HD liquid_2.5gcc_6000|real,1.0,0,5000,0.0755887535307831,3.1762576651806973,0.37292305032857304
HD liquid_2.5gcc_6000|real,1.0,0,5000,0.08506271399262945,2.697751058782165,0.3167417948792099
HD liquid_2.5gcc_6000|real,1.0,0,5000,0.09572409880849786,2.2730081358871352,0.26687291045340017
HD liquid_2.5gcc_6000|real,1.0,0,5000,0.10772173450159415,1.899955353142167,0.22307294321525686
HD liquid_2.5gcc_6000|real,1.0,0,5000,0.1212231008541164,1.575954074305114,0.1850320920151706
HD liquid_2.5gcc_6000|real,1.0,0,5000,0.1364166688243384,1.2977911177806702,0.1523730985800116
HD liquid_2.5gcc_6000|real,1.0,0,5000,0.15351453148789246,1.0616956194451108,0.12465322737015105
HD liquid_2.5gcc_6000|real,1.0,0,5000,0.1727553647296109,0.8634613155345296,0.10137862276092781
HD liquid_2.5gcc_6000|real,1.0,0,5000,0.19440775901540433,0.6986507686629753,0.08202828713185542
HD liquid_2.5gcc_6000|real,1.0,0,5000,0.2187739687537092,0.5628212112615917,0.06608059704795845
HD liquid_2.5gcc_6000|real,1.0,0,5000,0.24619413158533693,0.45172118062723876,0.05303639009650392
HD liquid_2.5gcc_6000|real,1.0,0,5000,0.27705101650047453,0.36143229798105014,0.04243561110546457
HD liquid_2.5gcc_6000|real,1.0,0,5000,0.3117753670636956,0.28845216942576163,0.033867045509366665
HD liquid_2.5gcc_6000|real,1.0,0,5000,0.35085191433519125,0.22972686674647166,0.026972132906177827
HD liquid_2.5gcc_6000|real,1.0,0,5000,0.3948261434249862,0.18264614059624462,0.021444405039481584
HD liquid_2.5gcc_6000|real,1.0,0,5000,0.4443119081371701,0.14501446497120288,0.017026086142715505
HD liquid_2.5gcc_6000|real,1.0,0,5000,0.5,0.11500874633676926,0.01350312758581981
HD liquid_2.5gcc_6000|gauss,1.0,0,5000,0.004999999999999999,8.517193191423551,1.0000000000008586
HD liquid_2.5gcc_6000|gauss,1.0,0,5000,0.005626677913003822,8.517193191421802,1.0000000000006533
HD liquid_2.5gcc_6000|gauss,1.0,0,5000,0.006331900867337016,8.517193191420365,1.0000000000004845
HD liquid_2.5gcc_6000|gauss,1.0,0,5000,0.007125513351514988,8.517193191394382,0.9999999999974338
HD liquid_2.5gcc_6000|gauss,1.0,0,5000,0.008018593718756654,8.5171931904709,0.9999999998890082
HD liquid_2.5gcc_6000|gauss,1.0,0,5000,0.00902360883413585,8.517193172881061,0.9999999978237928
HD liquid_2.5gcc_6000|gauss,1.0,0,5000,0.010154588104523677,8.517192964965616,0.9999999734125296
HD liquid_2.5gcc_6000|gauss,1.0,0,5000,0.011427319320674952,8.517191175049774,0.9999997632592782
HD liquid_2.5gcc_6000|gauss,1.0,0,5000,0.01285956904529672,8.517178500922318,0.9999982751954088
HD liquid_2.5gcc_6000|gauss,1.0,0,5000,0.01447133062358375,8.51710042582544,0.9999891084317669
HD liquid_2.5gcc_6000|gauss,1.0,0,5000,0.016285103278298914,8.516678581355757,0.9999395798534898
HD liquid_2.5gcc_6000|gauss,1.0,0,5000,0.018326206185398135,8.514683795646683,0.9997053729188525
HD liquid_2.5gcc_6000|gauss,1.0,0,5000,0.020623131914506758,8.506449958525874,0.9987386416335852
HD liquid_2.5gcc_6000|gauss,1.0,0,5000,0.023207944168063883,8.47718412049432,0.9953025521409752
HD liquid_2.5gcc_6000|gauss,1.0,0,5000,0.026116725371334214,8.390676550427479,0.9851457354382586
HD liquid_2.5gcc_6000|gauss,1.0,0,5000,0.029390080361374554,8.187311349054745,0.961268714358393
HD liquid_2.5gcc_6000|gauss,1.0,0,5000,0.03307370320615074,7.814739140279648,0.9175251711039577
HD liquid_2.5gcc_6000|gauss,1.0,0,5000,0.03721901506625844,7.270428577839391,0.8536179013958077
HD liquid_2.5gcc_6000|gauss,1.0,0,5000,0.04188388200341457,6.603594101763711,0.7753251515321876
HD liquid_2.5gcc_6000|gauss,1.0,0,5000,0.047133422755894265,5.881607420751093,0.6905570049389828
HD liquid_2.5gcc_6000|gauss,1.0,0,5000,0.05304091775697241,5.16013524104691,0.605849265723757
HD liquid_2.5gcc_6000|gauss,1.0,0,5000,0.05968883208572181,4.473990633067496,0.5252893215544828
HD liquid_2.5gcc_6000|gauss,1.0,0,5000,0.067169966629945,3.841274042674597,0.4510023380173992
HD liquid_2.5gcc_6000|gauss,1.0,0,5000,0.0755887535307831,3.269651238626809,0.38388834973498254
HD liquid_2.5gcc_6000|gauss,1.0,0,5000,0.08506271399262945,2.7609190329240523,0.32415831963357955
HD liquid_2.5gcc_6000|gauss,1.0,0,5000,0.09572409880849786,2.313704379991561,0.2716510390210884
HD liquid_2.5gcc_6000|gauss,1.0,0,5000,0.10772173450159415,1.924924996001504,0.22600461827512305
HD liquid_2.5gcc_6000|gauss,1.0,0,5000,0.1212231008541164,1.5905180308019302,0.186742039901699
HD liquid_2.5gcc_6000|gauss,1.0,0,5000,0.1364166688243384,1.3058182549639348,0.1533155613142554
HD liquid_2.5gcc_6000|gauss,1.0,0,5000,0.15351453148789246,1.0658096814008116,0.12513625762005157
HD liquid_2.5gcc_6000|gauss,1.0,0,5000,0.1727553647296109,0.8653395976207592,0.10159915105516945
HD liquid_2.5gcc_6000|gauss,1.0,0,5000,0.19440775901540433,0.699313430610048,0.08210608998687821
HD liquid_2.5gcc_6000|gauss,1.0,0,5000,0.2187739687537092,0.5628626849167822,0.06608546645202835
HD liquid_2.5gcc_6000|gauss,1.0,0,5000,0.24619413158533693,0.45147442769595464,0.053007418940662014
HD liquid_2.5gcc_6000|gauss,1.0,0,5000,0.27705101650047453,0.36107628430104016,0.04239381169197131
HD liquid_2.5gcc_6000|gauss,1.0,0,5000,0.3117753670636956,0.28807823611954503,0.03382314216024533
HD liquid_2.5gcc_6000|gauss,1.0,0,5000,0.35085191433519125,0.22937802660046255,0.026931175734235233
HD liquid_2.5gcc_6000|gauss,1.0,0,5000,0.3948261434249862,0.18233961609473992,0.02140841612921316
HD liquid_2.5gcc_6000|gauss,1.0,0,5000,0.4443119081371701,0.14475428778379246,0.016995538850718816
HD liquid_2.5gcc_6000|gauss,1.0,0,5000,0.5,0.1147926383068054,0.01347775443469983
HD liquid_2.5gcc_6000|shuffle,1.0,0,5000,0.004999999999999999,8.517193191423413,1.0000000000008424
HD liquid_2.5gcc_6000|shuffle,1.0,0,5000,0.005626677913003822,8.517193191421704,1.0000000000006417
HD liquid_2.5gcc_6000|shuffle,1.0,0,5000,0.006331900867337016,8.517193191420592,1.0000000000005111
HD liquid_2.5gcc_6000|shuffle,1.0,0,5000,0.007125513351514988,8.517193191419564,1.0000000000003904
HD liquid_2.5gcc_6000|shuffle,1.0,0,5000,0.008018593718756654,8.517193191418837,1.000000000000305
HD liquid_2.5gcc_6000|shuffle,1.0,0,5000,0.00902360883413585,8.51719319141816,1.0000000000002256
HD liquid_2.5gcc_6000|shuffle,1.0,0,5000,0.010154588104523677,8.517193191417686,1.00000000000017
HD liquid_2.5gcc_6000|shuffle,1.0,0,5000,0.011427319320674952,8.517193191417393,1.0000000000001357
HD liquid_2.5gcc_6000|shuffle,1.0,0,5000,0.01285956904529672,8.517193191416485,1.000000000000029
HD liquid_2.5gcc_6000|shuffle,1.0,0,5000,0.01447133062358375,8.517193191353313,0.9999999999926119
HD liquid_2.5gcc_6000|shuffle,1.0,0,5000,0.016285103278298914,8.517193187672786,0.9999999995604829
HD liquid_2.5gcc_6000|shuffle,1.0,0,5000,0.018326206185398135,8.517193062219455,0.9999999848310611
HD liquid_2.5gcc_6000|shuffle,1.0,0,5000,0.020623131914506758,8.517190205328136,0.9999996494046766
HD liquid_2.5gcc_6000|shuffle,1.0,0,5000,0.023207944168063883,8.517143826154634,0.9999942040458053
HD liquid_2.5gcc_6000|shuffle,1.0,0,5000,0.026116725371334214,8.516590219120877,0.9999292052813867
HD liquid_2.5gcc_6000|shuffle,1.0,0,5000,0.029390080361374554,8.511664280127375,0.999350852896652
HD liquid_2.5gcc_6000|shuffle,1.0,0,5000,0.03307370320615074,8.479381994561548,0.9955606035926486
HD liquid_2.5gcc_6000|shuffle,1.0,0,5000,0.03721901506625844,8.333514269629132,0.9784343365638083
HD liquid_2.5gcc_6000|shuffle,1.0,0,5000,0.04188388200341457,7.919649566680857,0.9298426592768149
HD liquid_2.5gcc_6000|shuffle,1.0,0,5000,0.047133422755894265,7.186424335318381,0.8437549993066933
HD liquid_2.5gcc_6000|shuffle,1.0,0,5000,0.05304091775697241,6.274799934449911,0.7367215693514799
HD liquid_2.5gcc_6000|shuffle,1.0,0,5000,0.05968883208572181,5.351116734871288,0.6282723210111316
HD liquid_2.5gcc_6000|shuffle,1.0,0,5000,0.067169966629945,4.502785749259434,0.5286701437977728
HD liquid_2.5gcc_6000|shuffle,1.0,0,5000,0.0755887535307831,3.7568716423183206,0.4410926883875964
HD liquid_2.5gcc_6000|shuffle,1.0,0,5000,0.08506271399262945,3.1140661702227437,0.36562117357642526
HD liquid_2.5gcc_6000|shuffle,1.0,0,5000,0.09572409880849786,2.5662914442578506,0.30130717791445655
HD liquid_2.5gcc_6000|shuffle,1.0,0,5000,0.10772173450159415,2.103344508004913,0.24695277666411242
HD liquid_2.5gcc_6000|shuffle,1.0,0,5000,0.1212231008541164,1.7150117965651985,0.20135879955072694
HD liquid_2.5gcc_6000|shuffle,1.0,0,5000,0.1364166688243384,1.3916492093721775,0.1633929368626631
HD liquid_2.5gcc_6000|shuffle,1.0,0,5000,0.15351453148789246,1.1243143328063716,0.13200526365181822
HD liquid_2.5gcc_6000|shuffle,1.0,0,5000,0.1727553647296109,0.9048056729638292,0.10623284603614565
HD liquid_2.5gcc_6000|shuffle,1.0,0,5000,0.19440775901540433,0.7256976491339093,0.08520384976887443
HD liquid_2.5gcc_6000|shuffle,1.0,0,5000,0.2187739687537092,0.5803722331751016,0.06814125500405578
HD liquid_2.5gcc_6000|shuffle,1.0,0,5000,0.24619413158533693,0.46303079815839554,0.054364247440699745
HD liquid_2.5gcc_6000|shuffle,1.0,0,5000,0.27705101650047453,0.3686766734746502,0.04328617012541272
HD liquid_2.5gcc_6000|shuffle,1.0,0,5000,0.3117753670636956,0.29306928847681657,0.03440913947709633
HD liquid_2.5gcc_6000|shuffle,1.0,0,5000,0.35085191433519125,0.23265724712477723,0.027316187609699037
HD liquid_2.5gcc_6000|shuffle,1.0,0,5000,0.3948261434249862,0.18449958251302284,0.02166201686008067
HD liquid_2.5gcc_6000|shuffle,1.0,0,5000,0.4443119081371701,0.14618345110412692,0.017163336303261608
HD liquid_2.5gcc_6000|shuffle,1.0,0,5000,0.5,0.11574435259708325,0.013589494801378022
HD liquid_3.0gcc_8000|real,1.0,0,15000,0.004999999999999999,9.570413920724077,0.9952794844431616
HD liquid_3.0gcc_8000|real,1.0,0,15000,0.005626677913003822,9.567222545136245,0.9949475959087646
HD liquid_3.0gcc_8000|real,1.0,0,15000,0.006331900867337016,9.564045096185625,0.9946171556812453
HD liquid_3.0gcc_8000|real,1.0,0,15000,0.007125513351514988,9.560978901192577,0.9942982853588996
HD liquid_3.0gcc_8000|real,1.0,0,15000,0.008018593718756654,9.558074831971632,0.9939962753788767
HD liquid_3.0gcc_8000|real,1.0,0,15000,0.00902360883413585,9.555330836629837,0.9937109123536493
HD liquid_3.0gcc_8000|real,1.0,0,15000,0.010154588104523677,9.552692068561722,0.9934364924859034
HD liquid_3.0gcc_8000|real,1.0,0,15000,0.011427319320674952,9.550051974005017,0.9931619346693821
HD liquid_3.0gcc_8000|real,1.0,0,15000,0.01285956904529672,9.547231387195538,0.9928686064801502
HD liquid_3.0gcc_8000|real,1.0,0,15000,0.01447133062358375,9.54384809335031,0.9925167593205716
HD liquid_3.0gcc_8000|real,1.0,0,15000,0.016285103278298914,9.538770192852429,0.9919886807827519
HD liquid_3.0gcc_8000|real,1.0,0,15000,0.018326206185398135,9.528219284125344,0.9908914343015355
HD liquid_3.0gcc_8000|real,1.0,0,15000,0.020623131914506758,9.500402317619093,0.9879985964041941
HD liquid_3.0gcc_8000|real,1.0,0,15000,0.023207944168063883,9.42502712644371,0.9801599196202788
HD liquid_3.0gcc_8000|real,1.0,0,15000,0.026116725371334214,9.246472672692564,0.9615910691874204
HD liquid_3.0gcc_8000|real,1.0,0,15000,0.029390080361374554,8.904895988651784,0.9260686488609868
HD liquid_3.0gcc_8000|real,1.0,0,15000,0.03307370320615074,8.381967966015914,0.8716865148089903
HD liquid_3.0gcc_8000|real,1.0,0,15000,0.03721901506625844,7.7172828746214055,0.8025622908663198
HD liquid_3.0gcc_8000|real,1.0,0,15000,0.04188388200341457,6.9778449997463445,0.7256641177068753
HD liquid_3.0gcc_8000|real,1.0,0,15000,0.047133422755894265,6.222674476583974,0.6471298207385732
HD liquid_3.0gcc_8000|real,1.0,0,15000,0.05304091775697241,5.489962797472653,0.5709311413217665
HD liquid_3.0gcc_8000|real,1.0,0,15000,0.05968883208572181,4.800194197482143,0.4991983466620663
HD liquid_3.0gcc_8000|real,1.0,0,15000,0.067169966629945,4.1628842826050265,0.43292101646886794
HD liquid_3.0gcc_8000|real,1.0,0,15000,0.0755887535307831,3.58193698873899,0.372505142305309
HD liquid_3.0gcc_8000|real,1.0,0,15000,0.08506271399262945,3.058604020575242,0.31808089576167387
HD liquid_3.0gcc_8000|real,1.0,0,15000,0.09572409880849786,2.5925576600448825,0.2696141956505282
HD liquid_3.0gcc_8000|real,1.0,0,15000,0.10772173450159415,2.182232609193147,0.22694225810961444
HD liquid_3.0gcc_8000|real,1.0,0,15000,0.1212231008541164,1.8250699651006996,0.18979896888312373
HD liquid_3.0gcc_8000|real,1.0,0,15000,0.1364166688243384,1.51770728438339,0.15783464916452086
HD liquid_3.0gcc_8000|real,1.0,0,15000,0.15351453148789246,1.2560795245739154,0.13062655304076484
HD liquid_3.0gcc_8000|real,1.0,0,15000,0.1727553647296109,1.0355958024108634,0.10769724954978804
HD liquid_3.0gcc_8000|real,1.0,0,15000,0.19440775901540433,0.8513854385056941,0.08854021020589802
HD liquid_3.0gcc_8000|real,1.0,0,15000,0.2187739687537092,0.6985094770387966,0.07264180608535661
HD liquid_3.0gcc_8000|real,1.0,0,15000,0.24619413158533693,0.5721066968668973,0.059496492316926414
HD liquid_3.0gcc_8000|real,1.0,0,15000,0.27705101650047453,0.46757682288149544,0.04862586122919304
HD liquid_3.0gcc_8000|real,1.0,0,15000,0.3117753670636956,0.3809797013853162,0.039620154772720545
HD liquid_3.0gcc_8000|real,1.0,0,15000,0.35085191433519125,0.30935700611838485,0.03217172048239803
HD liquid_3.0gcc_8000|real,1.0,0,15000,0.3948261434249862,0.25041515537521375,0.026042036300948257
HD liquid_3.0gcc_8000|real,1.0,0,15000,0.4443119081371701,0.2020799134239989,0.02101539115392196
HD liquid_3.0gcc_8000|real,1.0,0,15000,0.5,0.1625627905447906,0.01690579025142308
HD liquid_3.0gcc_8000|gauss,1.0,0,15000,0.004999999999999999,9.615805480095787,1.0000000000011897
HD liquid_3.0gcc_8000|gauss,1.0,0,15000,0.005626677913003822,9.615805480093758,1.0000000000009788
HD liquid_3.0gcc_8000|gauss,1.0,0,15000,0.006331900867337016,9.615805480091538,1.0000000000007478
HD liquid_3.0gcc_8000|gauss,1.0,0,15000,0.007125513351514988,9.61580548008872,1.0000000000004547
HD liquid_3.0gcc_8000|gauss,1.0,0,15000,0.008018593718756654,9.615805479995029,0.9999999999907112
HD liquid_3.0gcc_8000|gauss,1.0,0,15000,0.00902360883413585,9.61580547761351,0.9999999997430441
HD liquid_3.0gcc_8000|gauss,1.0,0,15000,0.010154588104523677,9.615805440002822,0.9999999958317037
HD liquid_3.0gcc_8000|gauss,1.0,0,15000,0.011427319320674952,9.615805008548149,0.9999999509623817
HD liquid_3.0gcc_8000|gauss,1.0,0,15000,0.01285956904529672,9.615801079771424,0.9999995423874857
HD liquid_3.0gcc_8000|gauss,1.0,0,15000,0.01447133062358375,9.615771536326982,0.9999964700037417
HD liquid_3.0gcc_8000|gauss,1.0,0,15000,0.016285103278298914,9.615583963387053,0.9999769632717973
HD liquid_3.0gcc_8000|gauss,1.0,0,15000,0.018326206185398135,9.614560747654377,0.9998705534931475
HD liquid_3.0gcc_8000|gauss,1.0,0,15000,0.020623131914506758,9.609716065114144,0.9993667285613446
HD liquid_3.0gcc_8000|gauss,1.0,0,15000,0.023207944168063883,9.589931320639495,0.9973092051936324
HD liquid_3.0gcc_8000|gauss,1.0,0,15000,0.026116725371334214,9.522604449380003,0.9903075170460367
HD liquid_3.0gcc_8000|gauss,1.0,0,15000,0.029390080361374554,9.342437379444057,0.9715709618703838
HD liquid_3.0gcc_8000|gauss,1.0,0,15000,0.03307370320615074,8.977853867982827,0.9336559362163881
HD liquid_3.0gcc_8000|gauss,1.0,0,15000,0.03721901506625844,8.410768408375972,0.8746816297184701
HD liquid_3.0gcc_8000|gauss,1.0,0,15000,0.04188388200341457,7.692386353154789,0.7999731659596044
HD liquid_3.0gcc_8000|gauss,1.0,0,15000,0.047133422755894265,6.901796028993159,0.7177553709138278
HD liquid_3.0gcc_8000|gauss,1.0,0,15000,0.05304091775697241,6.105748468942166,0.6349700481762042
HD liquid_3.0gcc_8000|gauss,1.0,0,15000,0.05968883208572181,5.345703263201768,0.555928806408725
HD liquid_3.0gcc_8000|gauss,1.0,0,15000,0.067169966629945,4.642301653590718,0.482778240804222
HD liquid_3.0gcc_8000|gauss,1.0,0,15000,0.0755887535307831,4.003526877308715,0.41634857169277906
HD liquid_3.0gcc_8000|gauss,1.0,0,15000,0.08506271399262945,3.4306803186121693,0.3567751371133265
HD liquid_3.0gcc_8000|gauss,1.0,0,15000,0.09572409880849786,2.9218096221528604,0.3038549009965238
HD liquid_3.0gcc_8000|gauss,1.0,0,15000,0.10772173450159415,2.4734347310374947,0.25722595326624664
HD liquid_3.0gcc_8000|gauss,1.0,0,15000,0.1212231008541164,2.081346397153094,0.2164505512787096
HD liquid_3.0gcc_8000|gauss,1.0,0,15000,0.1364166688243384,1.7409984239930434,0.18105591129093554
HD liquid_3.0gcc_8000|gauss,1.0,0,15000,0.15351453148789246,1.447730421103136,0.15055737390919402
HD liquid_3.0gcc_8000|gauss,1.0,0,15000,0.1727553647296109,1.1969062819708964,0.12447280515915735
HD liquid_3.0gcc_8000|gauss,1.0,0,15000,0.19440775901540433,0.9840011713879211,0.10233164277562837
HD liquid_3.0gcc_8000|gauss,1.0,0,15000,0.2187739687537092,0.8046574207341285,0.0836807090576743
HD liquid_3.0gcc_8000|gauss,1.0,0,15000,0.24619413158533693,0.6547259030869657,0.06808851369164995
HD liquid_3.0gcc_8000|gauss,1.0,0,15000,0.27705101650047453,0.530303436981654,0.05514914357200603
HD liquid_3.0gcc_8000|gauss,1.0,0,15000,0.3117753670636956,0.4277691619807385,0.04448604569494538
HD liquid_3.0gcc_8000|gauss,1.0,0,15000,0.35085191433519125,0.34381705334507495,0.035755408536202946
HD liquid_3.0gcc_8000|gauss,1.0,0,15000,0.3948261434249862,0.275479591561722,0.028648623574205827
HD liquid_3.0gcc_8000|gauss,1.0,0,15000,0.4443119081371701,0.2201386460504914,0.022893417146013274
HD liquid_3.0gcc_8000|gauss,1.0,0,15000,0.5,0.17552227028152165,0.018253517154132575
HD liquid_3.0gcc_8000|shuffle,1.0,0,15000,0.004999999999999999,9.615805480095931,1.0000000000012046
HD liquid_3.0gcc_8000|shuffle,1.0,0,15000,0.005626677913003822,9.615805480093801,1.0000000000009832
HD liquid_3.0gcc_8000|shuffle,1.0,0,15000,0.006331900867337016,9.61580548009161,1.0000000000007554
HD liquid_3.0gcc_8000|shuffle,1.0,0,15000,0.007125513351514988,9.615805480090641,1.0000000000006546
HD liquid_3.0gcc_8000|shuffle,1.0,0,15000,0.008018593718756654,9.61580548009007,1.0000000000005953
HD liquid_3.0gcc_8000|shuffle,1.0,0,15000,0.00902360883413585,9.615805480088495,1.0000000000004314
HD liquid_3.0gcc_8000|shuffle,1.0,0,15000,0.010154588104523677,9.615805480087907,1.0000000000003701
HD liquid_3.0gcc_8000|shuffle,1.0,0,15000,0.011427319320674952,9.615805480087722,1.000000000000351
HD liquid_3.0gcc_8000|shuffle,1.0,0,15000,0.01285956904529672,9.61580548008699,1.000000000000275
HD liquid_3.0gcc_8000|shuffle,1.0,0,15000,0.01447133062358375,9.615805480086781,1.0000000000002531
HD liquid_3.0gcc_8000|shuffle,1.0,0,15000,0.016285103278298914,9.615805480083543,0.9999999999999163
HD liquid_3.0gcc_8000|shuffle,1.0,0,15000,0.018326206185398135,9.615805479821857,0.9999999999727022
HD liquid_3.0gcc_8000|shuffle,1.0,0,15000,0.020623131914506758,9.615805468047567,0.9999999987482296
HD liquid_3.0gcc_8000|shuffle,1.0,0,15000,0.023207944168063883,9.615805115674917,0.999999962103078
HD liquid_3.0gcc_8000|shuffle,1.0,0,15000,0.026116725371334214,9.615797473916999,0.9999991673950388
HD liquid_3.0gcc_8000|shuffle,1.0,0,15000,0.029390080361374554,9.615674973278637,0.9999864278862566
HD liquid_3.0gcc_8000|shuffle,1.0,0,15000,0.03307370320615074,9.614217427621522,0.9998348497724798
HD liquid_3.0gcc_8000|shuffle,1.0,0,15000,0.03721901506625844,9.601468097124245,0.9985089774341009
HD liquid_3.0gcc_8000|shuffle,1.0,0,15000,0.04188388200341457,9.524559068989536,0.9905107885882471
HD liquid_3.0gcc_8000|shuffle,1.0,0,15000,0.047133422755894265,9.240258424421436,0.9609448156536942
HD liquid_3.0gcc_8000|shuffle,1.0,0,15000,0.05304091775697241,8.618038046824852,0.8962367286520085
HD liquid_3.0gcc_8000|shuffle,1.0,0,15000,0.05968883208572181,7.714924367907356,0.8023170169036825
HD liquid_3.0gcc_8000|shuffle,1.0,0,15000,0.067169966629945,6.69411250374956,0.6961572296375987
HD liquid_3.0gcc_8000|shuffle,1.0,0,15000,0.0755887535307831,5.6845514477592225,0.5911674752086769
HD liquid_3.0gcc_8000|shuffle,1.0,0,15000,0.08506271399262945,4.75587448786343,0.4945892985994256
HD liquid_3.0gcc_8000|shuffle,1.0,0,15000,0.09572409880849786,3.9368415746548,0.4094136037598243
HD liquid_3.0gcc_8000|shuffle,1.0,0,15000,0.10772173450159415,3.2324348180918436,0.3361585074476246
HD liquid_3.0gcc_8000|shuffle,1.0,0,15000,0.1212231008541164,2.636866469309998,0.27422211012601183
HD liquid_3.0gcc_8000|shuffle,1.0,0,15000,0.1364166688243384,2.13986759775475,0.222536489760188
HD liquid_3.0gcc_8000|shuffle,1.0,0,15000,0.15351453148789246,1.7292434259850942,0.17983344500537107
HD liquid_3.0gcc_8000|shuffle,1.0,0,15000,0.1727553647296109,1.3924819957570043,0.1448117891570317
HD liquid_3.0gcc_8000|shuffle,1.0,0,15000,0.19440775901540433,1.1178861046411457,0.11625506640670313
HD liquid_3.0gcc_8000|shuffle,1.0,0,15000,0.2187739687537092,0.8950576457600256,0.09308192096999184
HD liquid_3.0gcc_8000|shuffle,1.0,0,15000,0.24619413158533693,0.7149910155283129,0.07435581106639037
HD liquid_3.0gcc_8000|shuffle,1.0,0,15000,0.27705101650047453,0.570011480518749,0.05927859935387846
HD liquid_3.0gcc_8000|shuffle,1.0,0,15000,0.3117753670636956,0.45365526214625457,0.04717808228190939
HD liquid_3.0gcc_8000|shuffle,1.0,0,15000,0.35085191433519125,0.3605304931376492,0.03749353019716937
HD liquid_3.0gcc_8000|shuffle,1.0,0,15000,0.3948261434249862,0.28617652119553433,0.029761055565053304
HD liquid_3.0gcc_8000|shuffle,1.0,0,15000,0.4443119081371701,0.22692989968797642,0.02359967661138522
HD liquid_3.0gcc_8000|shuffle,1.0,0,15000,0.5,0.17980121540681365,0.01869850796994663
HD liquid_3.6gcc_6000|real,1.0,0,14312,0.004999999999999999,9.469508200251227,0.9896178341911493
HD liquid_3.6gcc_6000|real,1.0,0,14312,0.005626677913003822,9.46772629974834,0.9894316153845208
HD liquid_3.6gcc_6000|real,1.0,0,14312,0.006331900867337016,9.465611207259395,0.9892105761073205
HD liquid_3.6gcc_6000|real,1.0,0,14312,0.007125513351514988,9.463168374204953,0.9889552860642153
HD liquid_3.6gcc_6000|real,1.0,0,14312,0.008018593718756654,9.460414972335002,0.9886675398014131
HD liquid_3.6gcc_6000|real,1.0,0,14312,0.00902360883413585,9.457361400337785,0.9883484240413831
HD liquid_3.6gcc_6000|real,1.0,0,14312,0.010154588104523677,9.453971600121653,0.9879941705070612
HD liquid_3.6gcc_6000|real,1.0,0,14312,0.011427319320674952,9.450091353189423,0.9875886624823574
HD liquid_3.6gcc_6000|real,1.0,0,14312,0.01285956904529672,9.445318358309075,0.9870898571847423
HD liquid_3.6gcc_6000|real,1.0,0,14312,0.01447133062358375,9.438678733567592,0.9863959783773577
HD liquid_3.6gcc_6000|real,1.0,0,14312,0.016285103278298914,9.427525019197208,0.9852303513537587
HD liquid_3.6gcc_6000|real,1.0,0,14312,0.018326206185398135,9.403922377406204,0.982763740125756
HD liquid_3.6gcc_6000|real,1.0,0,14312,0.020623131914506758,9.346042282780306,0.9767149387862165
HD liquid_3.6gcc_6000|real,1.0,0,14312,0.023207944168063883,9.208505156832695,0.9623415215165066
HD liquid_3.6gcc_6000|real,1.0,0,14312,0.026116725371334214,8.931523938785496,0.9333953980939382
HD liquid_3.6gcc_6000|real,1.0,0,14312,0.029390080361374554,8.479044857286553,0.8861087429498089
HD liquid_3.6gcc_6000|real,1.0,0,14312,0.03307370320615074,7.8678909345424595,0.8222396582419685
HD liquid_3.6gcc_6000|real,1.0,0,14312,0.03721901506625844,7.153835010991518,0.7476167251801337
HD liquid_3.6gcc_6000|real,1.0,0,14312,0.04188388200341457,6.3984471842062876,0.6686743715426209
HD liquid_3.6gcc_6000|real,1.0,0,14312,0.047133422755894265,5.649088614590948,0.5903621098059834
HD liquid_3.6gcc_6000|real,1.0,0,14312,0.05304091775697241,4.935157944298829,0.5157522664269598
HD liquid_3.6gcc_6000|real,1.0,0,14312,0.05968883208572181,4.272058508835919,0.44645457817333234
HD liquid_3.6gcc_6000|real,1.0,0,14312,0.067169966629945,3.6666277408500347,0.38318359591144685
HD liquid_3.6gcc_6000|real,1.0,0,14312,0.0755887535307831,3.1210297923836023,0.32616548592278233
HD liquid_3.6gcc_6000|real,1.0,0,14312,0.08506271399262945,2.635034565603038,0.27537620166607096
HD liquid_3.6gcc_6000|real,1.0,0,14312,0.09572409880849786,2.2071819147998686,0.23066314955323353
HD liquid_3.6gcc_6000|real,1.0,0,14312,0.10772173450159415,1.8350781293380234,0.19177617311518472
HD liquid_3.6gcc_6000|real,1.0,0,14312,0.1212231008541164,1.5153745966843768,0.15836532316633864
HD liquid_3.6gcc_6000|real,1.0,0,14312,0.1364166688243384,1.2438400498871025,0.12998840807982287
HD liquid_3.6gcc_6000|real,1.0,0,14312,0.15351453148789246,1.0155968596245575,0.1061356876597164
HD liquid_3.6gcc_6000|real,1.0,0,14312,0.1727553647296109,0.825456100034636,0.08626488943897606
HD liquid_3.6gcc_6000|real,1.0,0,14312,0.19440775901540433,0.6682407260694934,0.06983498256368464
HD liquid_3.6gcc_6000|real,1.0,0,14312,0.2187739687537092,0.5390483708720565,0.056333641623808876
HD liquid_3.6gcc_6000|real,1.0,0,14312,0.24619413158533693,0.43344667152015726,0.045297659311996856
HD liquid_3.6gcc_6000|real,1.0,0,14312,0.27705101650047453,0.347551853954867,0.03632115899860663
HD liquid_3.6gcc_6000|real,1.0,0,14312,0.3117753670636956,0.27799719506886916,0.029052298839338884
HD liquid_3.6gcc_6000|real,1.0,0,14312,0.35085191433519125,0.2218916807190581,0.023188951300808062
HD liquid_3.6gcc_6000|real,1.0,0,14312,0.3948261434249862,0.17678094729271307,0.01847462133053891
HD liquid_3.6gcc_6000|real,1.0,0,14312,0.4443119081371701,0.1406333532333847,0.014696990751660022
HD liquid_3.6gcc_6000|real,1.0,0,14312,0.5,0.1117530717447129,0.011678835952777028
HD liquid_3.6gcc_6000|gauss,1.0,0,14312,0.004999999999999999,9.56885362519972,1.0000000000011668
HD liquid_3.6gcc_6000|gauss,1.0,0,14312,0.005626677913003822,9.568853625196,1.000000000000778
HD liquid_3.6gcc_6000|gauss,1.0,0,14312,0.006331900867337016,9.568853625194597,1.0000000000006313
HD liquid_3.6gcc_6000|gauss,1.0,0,14312,0.007125513351514988,9.568853625186783,0.9999999999998147
HD liquid_3.6gcc_6000|gauss,1.0,0,14312,0.008018593718756654,9.568853624859946,0.9999999999656584
HD liquid_3.6gcc_6000|gauss,1.0,0,14312,0.00902360883413585,9.568853616649312,0.9999999991076001
HD liquid_3.6gcc_6000|gauss,1.0,0,14312,0.010154588104523677,9.568853492155167,0.999999986097249
HD liquid_3.6gcc_6000|gauss,1.0,0,14312,0.011427319320674952,9.568852178174632,0.9999998487787586
HD liquid_3.6gcc_6000|gauss,1.0,0,14312,0.01285956904529672,9.568841296159501,0.9999987115458614
HD liquid_3.6gcc_6000|gauss,1.0,0,14312,0.01447133062358375,9.568764867291758,0.9999907242915114
HD liquid_3.6gcc_6000|gauss,1.0,0,14312,0.016285103278298914,9.568295594591381,0.9999416826070257
HD liquid_3.6gcc_6000|gauss,1.0,0,14312,0.018326206185398135,9.565774082613457,0.9996781701658606
HD liquid_3.6gcc_6000|gauss,1.0,0,14312,0.020623131914506758,9.554064611338273,0.9984544633631606
HD liquid_3.6gcc_6000|gauss,1.0,0,14312,0.023207944168063883,9.508541980953016,0.9936970878019517
HD liquid_3.6gcc_6000|gauss,1.0,0,14312,0.026116725371334214,9.36900378404351,0.9791145471575643
HD liquid_3.6gcc_6000|gauss,1.0,0,14312,0.029390080361374554,9.05014100891297,0.9457915611844919
HD liquid_3.6gcc_6000|gauss,1.0,0,14312,0.03307370320615074,8.507075898514676,0.8890381472782789
HD liquid_3.6gcc_6000|gauss,1.0,0,14312,0.03721901506625844,7.779020856553574,0.8129522261764441
HD liquid_3.6gcc_6000|gauss,1.0,0,14312,0.04188388200341457,6.95424488141157,0.7267584136834924
HD liquid_3.6gcc_6000|gauss,1.0,0,14312,0.047133422755894265,6.114747069145338,0.6390260849062623
HD liquid_3.6gcc_6000|gauss,1.0,0,14312,0.05304091775697241,5.312335826240108,0.5551695150039907
HD liquid_3.6gcc_6000|gauss,1.0,0,14312,0.05968883208572181,4.572048763497502,0.4778052776836587
HD liquid_3.6gcc_6000|gauss,1.0,0,14312,0.067169966629945,3.9031522571492734,0.40790176232551173
HD liquid_3.6gcc_6000|gauss,1.0,0,14312,0.0755887535307831,3.3071998527883424,0.3456213233404094
HD liquid_3.6gcc_6000|gauss,1.0,0,14312,0.08506271399262945,2.782133542496535,0.2907488871156928
HD liquid_3.6gcc_6000|gauss,1.0,0,14312,0.09572409880849786,2.3241545862993696,0.24288746357049346
HD liquid_3.6gcc_6000|gauss,1.0,0,14312,0.10772173450159415,1.928550676120132,0.2015445895256998
HD liquid_3.6gcc_6000|gauss,1.0,0,14312,0.1212231008541164,1.5900766634892982,0.16617211692983394
HD liquid_3.6gcc_6000|gauss,1.0,0,14312,0.1364166688243384,1.3031803552054557,0.13618980979863995
HD liquid_3.6gcc_6000|gauss,1.0,0,14312,0.15351453148789246,1.0621868318657417,0.11100460655701702
HD liquid_3.6gcc_6000|gauss,1.0,0,14312,0.1727553647296109,0.8614705843511766,0.09002860928747891
HD liquid_3.6gcc_6000|gauss,1.0,0,14312,0.19440775901540433,0.6956132213286759,0.07269556506722807
HD liquid_3.6gcc_6000|gauss,1.0,0,14312,0.2187739687537092,0.5595358971247639,0.0584747054393089
HD liquid_3.6gcc_6000|gauss,1.0,0,14312,0.24619413158533693,0.44859696116022263,0.0468809513377192
HD liquid_3.6gcc_6000|gauss,1.0,0,14312,0.27705101650047453,0.3586507916263637,0.03748106154349251
HD liquid_3.6gcc_6000|gauss,1.0,0,14312,0.3117753670636956,0.2860697542647885,0.029895927502930263
HD liquid_3.6gcc_6000|gauss,1.0,0,14312,0.35085191433519125,0.2277355824511899,0.02379967249699698
HD liquid_3.6gcc_6000|gauss,1.0,0,14312,0.3948261434249862,0.18100850697993107,0.018916425527030073
HD liquid_3.6gcc_6000|gauss,1.0,0,14312,0.4443119081371701,0.14368249668497346,0.015015643703311658
HD liquid_3.6gcc_6000|gauss,1.0,0,14312,0.5,0.11393375010638454,0.01190672932925541
HD liquid_3.6gcc_6000|shuffle,1.0,0,14312,0.004999999999999999,9.56885362519966,1.0000000000011604
HD liquid_3.6gcc_6000|shuffle,1.0,0,14312,0.005626677913003822,9.568853625195946,1.0000000000007723
HD liquid_3.6gcc_6000|shuffle,1.0,0,14312,0.006331900867337016,9.568853625194615,1.0000000000006333
HD liquid_3.6gcc_6000|shuffle,1.0,0,14312,0.007125513351514988,9.568853625193347,1.0000000000005007
HD liquid_3.6gcc_6000|shuffle,1.0,0,14312,0.008018593718756654,9.56885362519206,1.0000000000003664
HD liquid_3.6gcc_6000|shuffle,1.0,0,14312,0.00902360883413585,9.568853625190888,1.0000000000002438
HD liquid_3.6gcc_6000|shuffle,1.0,0,14312,0.010154588104523677,9.568853625190501,1.0000000000002032
HD liquid_3.6gcc_6000|shuffle,1.0,0,14312,0.011427319320674952,9.568853625190131,1.0000000000001648
HD liquid_3.6gcc_6000|shuffle,1.0,0,14312,0.01285956904529672,9.56885362518712,0.99999999999985
HD liquid_3.6gcc_6000|shuffle,1.0,0,14312,0.01447133062358375,9.568853625059097,0.9999999999864708
HD liquid_3.6gcc_6000|shuffle,1.0,0,14312,0.016285103278298914,9.568853621438851,0.9999999996081343
HD liquid_3.6gcc_6000|shuffle,1.0,0,14312,0.018326206185398135,9.56885353204863,0.9999999902663443
HD liquid_3.6gcc_6000|shuffle,1.0,0,14312,0.020623131914506758,9.568851501706469,0.9999997780839618
HD liquid_3.6gcc_6000|shuffle,1.0,0,14312,0.023207944168063883,9.568814181998768,0.9999958779607951
HD liquid_3.6gcc_6000|shuffle,1.0,0,14312,0.026116725371334214,9.568296418185362,0.9999417686773129
HD liquid_3.6gcc_6000|shuffle,1.0,0,14312,0.029390080361374554,9.562971614469252,0.9993852961964199
HD liquid_3.6gcc_6000|shuffle,1.0,0,14312,0.03307370320615074,9.523658869804757,0.9952768892540241
HD liquid_3.6gcc_6000|shuffle,1.0,0,14312,0.03721901506625844,9.335177466345858,0.9755795032513005
HD liquid_3.6gcc_6000|shuffle,1.0,0,14312,0.04188388200341457,8.806426689920183,0.9203220192164504
HD liquid_3.6gcc_6000|shuffle,1.0,0,14312,0.047133422755894265,7.910597418554287,0.8267027303804543
HD liquid_3.6gcc_6000|shuffle,1.0,0,14312,0.05304091775697241,6.840633858337113,0.714885411177174
HD liquid_3.6gcc_6000|shuffle,1.0,0,14312,0.05968883208572181,5.782433113979929,0.6042973735911845
HD liquid_3.6gcc_6000|shuffle,1.0,0,14312,0.067169966629945,4.824097914147014,0.5041458572893526
HD liquid_3.6gcc_6000|shuffle,1.0,0,14312,0.0755887535307831,3.990230978676638,0.4170019873825805
HD liquid_3.6gcc_6000|shuffle,1.0,0,14312,0.08506271399262945,3.278549034639624,0.3426271487745764
HD liquid_3.6gcc_6000|shuffle,1.0,0,14312,0.09572409880849786,2.6781648131367466,0.27988355951928073
HD liquid_3.6gcc_6000|shuffle,1.0,0,14312,0.10772173450159415,2.1762872529936965,0.227434480475796
HD liquid_3.6gcc_6000|shuffle,1.0,0,14312,0.1212231008541164,1.760269982716355,0.1839582934033719
HD liquid_3.6gcc_6000|shuffle,1.0,0,14312,0.1364166688243384,1.4181844416687703,0.14820839540648995
HD liquid_3.6gcc_6000|shuffle,1.0,0,14312,0.15351453148789246,1.1387686940370614,0.11900784970097415
HD liquid_3.6gcc_6000|shuffle,1.0,0,14312,0.1727553647296109,0.9118017505734575,0.09528850437980133
HD liquid_3.6gcc_6000|shuffle,1.0,0,14312,0.19440775901540433,0.7283029091119273,0.07611182463851054
HD liquid_3.6gcc_6000|shuffle,1.0,0,14312,0.2187739687537092,0.5805407851973013,0.06066983652766051
HD liquid_3.6gcc_6000|shuffle,1.0,0,14312,0.24619413158533693,0.46196050878270906,0.048277518590802565
HD liquid_3.6gcc_6000|shuffle,1.0,0,14312,0.27705101650047453,0.36707294530596224,0.03836122483258584
HD liquid_3.6gcc_6000|shuffle,1.0,0,14312,0.3117753670636956,0.29132811987715274,0.030445456821523078
HD liquid_3.6gcc_6000|shuffle,1.0,0,14312,0.35085191433519125,0.23098648827091434,0.02413941077151368
HD liquid_3.6gcc_6000|shuffle,1.0,0,14312,0.3948261434249862,0.18299638855977307,0.01912417053575392
HD liquid_3.6gcc_6000|shuffle,1.0,0,14312,0.4443119081371701,0.14488230608393823,0.015141030656227987
HD liquid_3.6gcc_6000|shuffle,1.0,0,14312,0.5,0.1146460705016884,0.011981170889676901
LD liquid_0.5gcc_1000|real,1.0,0,5376,0.004999999999999999,8.556994303117257,0.996192465448823
LD liquid_0.5gcc_1000|real,1.0,0,5376,0.005626677913003822,8.543171694741991,0.9945832580766417
LD liquid_0.5gcc_1000|real,1.0,0,5376,0.006331900867337016,8.519599768085092,0.9918390496665507
LD liquid_0.5gcc_1000|real,1.0,0,5376,0.007125513351514988,8.481626655035056,0.9874182766976706
LD liquid_0.5gcc_1000|real,1.0,0,5376,0.008018593718756654,8.424067707378745,0.9807173501873547
LD liquid_0.5gcc_1000|real,1.0,0,5376,0.00902360883413585,8.341733954604488,0.9711321779574326
LD liquid_0.5gcc_1000|real,1.0,0,5376,0.010154588104523677,8.229906241790548,0.9581133630573176
LD liquid_0.5gcc_1000|real,1.0,0,5376,0.011427319320674952,8.084984374784392,0.9412417762738935
LD liquid_0.5gcc_1000|real,1.0,0,5376,0.01285956904529672,7.905363657184422,0.9203306012545979
LD liquid_0.5gcc_1000|real,1.0,0,5376,0.01447133062358375,7.692089221664714,0.8955015107805998
LD liquid_0.5gcc_1000|real,1.0,0,5376,0.016285103278298914,7.44851496084148,0.8671449600089138
LD liquid_0.5gcc_1000|real,1.0,0,5376,0.018326206185398135,7.178673085758605,0.8357303729123424
LD liquid_0.5gcc_1000|real,1.0,0,5376,0.020623131914506758,6.885220660834342,0.8015670809523675
LD liquid_0.5gcc_1000|real,1.0,0,5376,0.023207944168063883,6.568531909327961,0.7646986506405554
LD liquid_0.5gcc_1000|real,1.0,0,5376,0.026116725371334214,6.22849457527172,0.7251120133052086
LD liquid_0.5gcc_1000|real,1.0,0,5376,0.029390080361374554,5.868623649086954,0.6832163788686222
LD liquid_0.5gcc_1000|real,1.0,0,5376,0.03307370320615074,5.4981066217731165,0.6400813412776682
LD liquid_0.5gcc_1000|real,1.0,0,5376,0.03721901506625844,5.128960180656324,0.5971058652797667
LD liquid_0.5gcc_1000|real,1.0,0,5376,0.04188388200341457,4.771445788278915,0.5554845749808887
LD liquid_0.5gcc_1000|real,1.0,0,5376,0.047133422755894265,4.4316626916428765,0.5159275355853639
LD liquid_0.5gcc_1000|real,1.0,0,5376,0.05304091775697241,4.111694211820368,0.47867728421331635
LD liquid_0.5gcc_1000|real,1.0,0,5376,0.05968883208572181,3.811155312346509,0.4436889954959717
LD liquid_0.5gcc_1000|real,1.0,0,5376,0.067169966629945,3.5291066486235216,0.4108533123416202
LD liquid_0.5gcc_1000|real,1.0,0,5376,0.0755887535307831,3.2650498749013868,0.3801122180841556
LD liquid_0.5gcc_1000|real,1.0,0,5376,0.08506271399262945,3.0185151401675006,0.35141101337213976
LD liquid_0.5gcc_1000|real,1.0,0,5376,0.09572409880849786,2.788513317407659,0.3246345455194755
LD liquid_0.5gcc_1000|real,1.0,0,5376,0.10772173450159415,2.5736763031715038,0.29962354197076296
LD liquid_0.5gcc_1000|real,1.0,0,5376,0.1212231008541164,2.372901314428445,0.2762496183766401
LD liquid_0.5gcc_1000|real,1.0,0,5376,0.1364166688243384,2.185231129850291,0.25440133646320695
LD liquid_0.5gcc_1000|real,1.0,0,5376,0.15351453148789246,2.009094139836672,0.23389573179376358
LD liquid_0.5gcc_1000|real,1.0,0,5376,0.1727553647296109,1.8422511712449954,0.21447212318348383
LD liquid_0.5gcc_1000|real,1.0,0,5376,0.19440775901540433,1.682048305580327,0.19582154541456867
LD liquid_0.5gcc_1000|real,1.0,0,5376,0.2187739687537092,1.5258227889168947,0.17763400466158888
LD liquid_0.5gcc_1000|real,1.0,0,5376,0.24619413158533693,1.3715946290901047,0.1596789932011378
LD liquid_0.5gcc_1000|real,1.0,0,5376,0.27705101650047453,1.2187892066911974,0.14188961470195355
LD liquid_0.5gcc_1000|real,1.0,0,5376,0.3117753670636956,1.0685657173767986,0.12440082098686146
LD liquid_0.5gcc_1000|real,1.0,0,5376,0.35085191433519125,0.9235385598851945,0.10751697644275973
LD liquid_0.5gcc_1000|real,1.0,0,5376,0.3948261434249862,0.7869959535226175,0.09162089063823939
LD liquid_0.5gcc_1000|real,1.0,0,5376,0.4443119081371701,0.6619454995283127,0.07706270400666719
LD liquid_0.5gcc_1000|real,1.0,0,5376,0.5,0.550414683668029,0.06407845340539012
LD liquid_0.5gcc_1000|gauss,1.0,0,5376,0.004999999999999999,8.589699882208139,1.0000000000006
LD liquid_0.5gcc_1000|gauss,1.0,0,5376,0.005626677913003822,8.589699882207194,1.0000000000004898
LD liquid_0.5gcc_1000|gauss,1.0,0,5376,0.006331900867337016,8.589699882206272,1.0000000000003826
LD liquid_0.5gcc_1000|gauss,1.0,0,5376,0.007125513351514988,8.589699882193345,0.9999999999988777
LD liquid_0.5gcc_1000|gauss,1.0,0,5376,0.008018593718756654,8.589699881664561,0.9999999999373175
LD liquid_0.5gcc_1000|gauss,1.0,0,5376,0.00902360883413585,8.589699871229307,0.9999999987224607
LD liquid_0.5gcc_1000|gauss,1.0,0,5376,0.010154588104523677,8.589699756681132,0.9999999853869337
LD liquid_0.5gcc_1000|gauss,1.0,0,5376,0.011427319320674952,8.589698921028644,0.9999998881015222
LD liquid_0.5gcc_1000|gauss,1.0,0,5376,0.01285956904529672,8.589694189607554,0.9999993372765626
LD liquid_0.5gcc_1000|gauss,1.0,0,5376,0.01447133062358375,8.589671294353499,0.9999966718453638
LD liquid_0.5gcc_1000|gauss,1.0,0,5376,0.016285103278298914,8.589573464253826,0.9999852826116287
LD liquid_0.5gcc_1000|gauss,1.0,0,5376,0.018326206185398135,8.589201800469946,0.9999420140703551
LD liquid_0.5gcc_1000|gauss,1.0,0,5376,0.020623131914506758,8.587936516276251,0.9997947115788773
LD liquid_0.5gcc_1000|gauss,1.0,0,5376,0.023207944168063883,8.58403739611685,0.9993407818475861
LD liquid_0.5gcc_1000|gauss,1.0,0,5376,0.026116725371334214,8.573094639544609,0.99806684251067
LD liquid_0.5gcc_1000|gauss,1.0,0,5376,0.029390080361374554,8.545211702304986,0.9948207527028767
LD liquid_0.5gcc_1000|gauss,1.0,0,5376,0.03307370320615074,8.481647314105164,0.9874206817956822
LD liquid_0.5gcc_1000|gauss,1.0,0,5376,0.03721901506625844,8.354821206253693,0.9726557762005238
LD liquid_0.5gcc_1000|gauss,1.0,0,5376,0.04188388200341457,8.1369524561435,0.9472918225003957
LD liquid_0.5gcc_1000|gauss,1.0,0,5376,0.047133422755894265,7.814509192614476,0.9097534605144204
LD liquid_0.5gcc_1000|gauss,1.0,0,5376,0.05304091775697241,7.395908173206839,0.8610205565540693
LD liquid_0.5gcc_1000|gauss,1.0,0,5376,0.05968883208572181,6.906163482782308,0.8040052129284749
LD liquid_0.5gcc_1000|gauss,1.0,0,5376,0.067169966629945,6.375449679114765,0.7422203064770715
LD liquid_0.5gcc_1000|gauss,1.0,0,5376,0.0755887535307831,5.830401532033329,0.6787666172264467
LD liquid_0.5gcc_1000|gauss,1.0,0,5376,0.08506271399262945,5.290730075435672,0.6159388742320957
LD liquid_0.5gcc_1000|gauss,1.0,0,5376,0.09572409880849786,4.769289451770332,0.5552335375129731
LD liquid_0.5gcc_1000|gauss,1.0,0,5376,0.10772173450159415,4.273586005068886,0.49752448440292263
LD liquid_0.5gcc_1000|gauss,1.0,0,5376,0.1212231008541164,3.807557639262108,0.4432701597818328
LD liquid_0.5gcc_1000|gauss,1.0,0,5376,0.1364166688243384,3.3729730075362028,0.3926764676056577
LD liquid_0.5gcc_1000|gauss,1.0,0,5376,0.15351453148789246,2.9703517387704825,0.34580390229055147
LD liquid_0.5gcc_1000|gauss,1.0,0,5376,0.1727553647296109,2.5995430890507194,0.3026349144557096
LD liquid_0.5gcc_1000|gauss,1.0,0,5376,0.19440775901540433,2.260069561049033,0.2631139145771176
LD liquid_0.5gcc_1000|gauss,1.0,0,5376,0.2187739687537092,1.951296602184566,0.22716702899334829
LD liquid_0.5gcc_1000|gauss,1.0,0,5376,0.24619413158533693,1.672487417817084,0.19470848117549644
LD liquid_0.5gcc_1000|gauss,1.0,0,5376,0.27705101650047453,1.422790378739037,0.1656391257262572
LD liquid_0.5gcc_1000|gauss,1.0,0,5376,0.3117753670636956,1.2011914758084388,0.13984091321946993
LD liquid_0.5gcc_1000|gauss,1.0,0,5376,0.35085191433519125,1.0064593659724028,0.11717049254045392
LD liquid_0.5gcc_1000|gauss,1.0,0,5376,0.3948261434249862,0.8371067598161611,0.09745471568227478
LD liquid_0.5gcc_1000|gauss,1.0,0,5376,0.4443119081371701,0.6913841610832514,0.08048990891005767
LD liquid_0.5gcc_1000|gauss,1.0,0,5376,0.5,0.5673113785775945,0.0660455413294483
LD liquid_0.5gcc_1000|shuffle,1.0,0,5376,0.004999999999999999,8.589699882207507,1.0000000000005262
LD liquid_0.5gcc_1000|shuffle,1.0,0,5376,0.005626677913003822,8.589699882206686,1.0000000000004308
LD liquid_0.5gcc_1000|shuffle,1.0,0,5376,0.006331900867337016,8.589699882205924,1.000000000000342
LD liquid_0.5gcc_1000|shuffle,1.0,0,5376,0.007125513351514988,8.58969988220535,1.0000000000002753
LD liquid_0.5gcc_1000|shuffle,1.0,0,5376,0.008018593718756654,8.589699882205043,1.0000000000002396
LD liquid_0.5gcc_1000|shuffle,1.0,0,5376,0.00902360883413585,8.589699882204762,1.0000000000002067
LD liquid_0.5gcc_1000|shuffle,1.0,0,5376,0.010154588104523677,8.589699882204549,1.000000000000182
LD liquid_0.5gcc_1000|shuffle,1.0,0,5376,0.011427319320674952,8.589699882204448,1.00000000000017
LD liquid_0.5gcc_1000|shuffle,1.0,0,5376,0.01285956904529672,8.589699882204181,1.0000000000001392
LD liquid_0.5gcc_1000|shuffle,1.0,0,5376,0.01447133062358375,8.589699882204098,1.0000000000001295
LD liquid_0.5gcc_1000|shuffle,1.0,0,5376,0.016285103278298914,8.589699882204044,1.0000000000001232
LD liquid_0.5gcc_1000|shuffle,1.0,0,5376,0.018326206185398135,8.589699882203549,1.0000000000000655
LD liquid_0.5gcc_1000|shuffle,1.0,0,5376,0.020623131914506758,8.589699882167494,0.9999999999958681
LD liquid_0.5gcc_1000|shuffle,1.0,0,5376,0.023207944168063883,8.589699880816095,0.9999999998385403
LD liquid_0.5gcc_1000|shuffle,1.0,0,5376,0.026116725371334214,8.58969985380398,0.9999999966938302
LD liquid_0.5gcc_1000|shuffle,1.0,0,5376,0.029390080361374554,8.589699505253996,0.999999956116163
LD liquid_0.5gcc_1000|shuffle,1.0,0,5376,0.03307370320615074,8.589696137965134,0.9999995641014351
LD liquid_0.5gcc_1000|shuffle,1.0,0,5376,0.03721901506625844,8.589669395885469,0.999996450828558
LD liquid_0.5gcc_1000|shuffle,1.0,0,5376,0.04188388200341457,8.58948705446106,0.9999752229129254
LD liquid_0.5gcc_1000|shuffle,1.0,0,5376,0.047133422755894265,8.588408652845452,0.9998496770113925
LD liquid_0.5gcc_1000|shuffle,1.0,0,5376,0.05304091775697241,8.582927630614474,0.9992115846093129
LD liquid_0.5gcc_1000|shuffle,1.0,0,5376,0.05968883208572181,8.559584957229255,0.9964940655218786
LD liquid_0.5gcc_1000|shuffle,1.0,0,5376,0.067169966629945,8.479619185081194,0.9871845700511763
LD liquid_0.5gcc_1000|shuffle,1.0,0,5376,0.0755887535307831,8.268458643735622,0.9626015759720611
LD liquid_0.5gcc_1000|shuffle,1.0,0,5376,0.08506271399262945,7.846981756622263,0.9135338677990879
LD liquid_0.5gcc_1000|shuffle,1.0,0,5376,0.09572409880849786,7.20321256758802,0.838587222647018
LD liquid_0.5gcc_1000|shuffle,1.0,0,5376,0.10772173450159415,6.4174760649444,0.7471129553944929
LD liquid_0.5gcc_1000|shuffle,1.0,0,5376,0.1212231008541164,5.600232860265004,0.6519707250620171
LD liquid_0.5gcc_1000|shuffle,1.0,0,5376,0.1364166688243384,4.8282227216168065,0.5620944605550666
LD liquid_0.5gcc_1000|shuffle,1.0,0,5376,0.15351453148789246,4.134398425174689,0.4813204747398401
LD liquid_0.5gcc_1000|shuffle,1.0,0,5376,0.1727553647296109,3.52398010523256,0.4102564878353783
LD liquid_0.5gcc_1000|shuffle,1.0,0,5376,0.19440775901540433,2.989827086919862,0.34807119316409296
LD liquid_0.5gcc_1000|shuffle,1.0,0,5376,0.2187739687537092,2.521846273109147,0.29358956746954157
LD liquid_0.5gcc_1000|shuffle,1.0,0,5376,0.24619413158533693,2.1117735075941106,0.24584951005907643
LD liquid_0.5gcc_1000|shuffle,1.0,0,5376,0.27705101650047453,1.7543359924228388,0.20423716968943822
LD liquid_0.5gcc_1000|shuffle,1.0,0,5376,0.3117753670636956,1.4459865235459053,0.16833958617597888
LD liquid_0.5gcc_1000|shuffle,1.0,0,5376,0.35085191433519125,1.1832994695336634,0.13775795263642954
LD liquid_0.5gcc_1000|shuffle,1.0,0,5376,0.3948261434249862,0.9622627118451502,0.11202518423709587
LD liquid_0.5gcc_1000|shuffle,1.0,0,5376,0.4443119081371701,0.7783249493676088,0.09061142531652609
LD liquid_0.5gcc_1000|shuffle,1.0,0,5376,0.5,0.6267135179640255,0.0729610494614037
LD liquid_1.0gcc_2000|real,1.0,0,5440,0.004999999999999999,8.585220832729773,0.998103418939498
LD liquid_1.0gcc_2000|real,1.0,0,5440,0.005626677913003822,8.585208980022953,0.9981020409636218
LD liquid_1.0gcc_2000|real,1.0,0,5440,0.006331900867337016,8.585174501706327,0.9980980325721809
LD liquid_1.0gcc_2000|real,1.0,0,5440,0.007125513351514988,8.585083020889154,0.9980873971653386
LD liquid_1.0gcc_2000|real,1.0,0,5440,0.008018593718756654,8.584842178914782,0.9980593972801022
LD liquid_1.0gcc_2000|real,1.0,0,5440,0.00902360883413585,8.584196410306088,0.9979843213014246
LD liquid_1.0gcc_2000|real,1.0,0,5440,0.010154588104523677,8.582474180900821,0.997784097790453
LD liquid_1.0gcc_2000|real,1.0,0,5440,0.011427319320674952,8.578054422210377,0.9972702640352393
LD liquid_1.0gcc_2000|real,1.0,0,5440,0.01285956904529672,8.567396650368304,0.9960312093014
LD liquid_1.0gcc_2000|real,1.0,0,5440,0.01447133062358375,8.543615075654802,0.9932664031896201
LD liquid_1.0gcc_2000|real,1.0,0,5440,0.016285103278298914,8.4949733936568,0.9876114025727358
LD liquid_1.0gcc_2000|real,1.0,0,5440,0.018326206185398135,8.404035301829268,0.9770390920715472
LD liquid_1.0gcc_2000|real,1.0,0,5440,0.020623131914506758,8.24813985991781,0.9589149486627124
LD liquid_1.0gcc_2000|real,1.0,0,5440,0.023207944168063883,8.00294759440879,0.9304093058527929
LD liquid_1.0gcc_2000|real,1.0,0,5440,0.026116725371334214,7.652549202505566,0.8896725747000885
LD liquid_1.0gcc_2000|real,1.0,0,5440,0.029390080361374554,7.202334344992236,0.8373313481554786
LD liquid_1.0gcc_2000|real,1.0,0,5440,0.03307370320615074,6.680552629410748,0.7766698783565232
LD liquid_1.0gcc_2000|real,1.0,0,5440,0.03721901506625844,6.125337667509949,0.7121215152431485
LD liquid_1.0gcc_2000|real,1.0,0,5440,0.04188388200341457,5.570256056126633,0.6475886552379652
LD liquid_1.0gcc_2000|real,1.0,0,5440,0.047133422755894265,5.037889218350365,0.5856965768316895
LD liquid_1.0gcc_2000|real,1.0,0,5440,0.05304091775697241,4.540607396267383,0.5278834236853807
LD liquid_1.0gcc_2000|real,1.0,0,5440,0.05968883208572181,4.083917926442372,0.4747894695394073
LD liquid_1.0gcc_2000|real,1.0,0,5440,0.067169966629945,3.669183033775503,0.4265730843829304
LD liquid_1.0gcc_2000|real,1.0,0,5440,0.0755887535307831,3.295115105793898,0.383084572542829
LD liquid_1.0gcc_2000|real,1.0,0,5440,0.08506271399262945,2.958697588553808,0.34397323450148637
LD liquid_1.0gcc_2000|real,1.0,0,5440,0.09572409880849786,2.6556930410129618,0.3087464324486179
LD liquid_1.0gcc_2000|real,1.0,0,5440,0.10772173450159415,2.3811482992986,0.2768283198344038
LD liquid_1.0gcc_2000|real,1.0,0,5440,0.1212231008541164,2.130153500652591,0.2476480842242084
LD liquid_1.0gcc_2000|real,1.0,0,5440,0.1364166688243384,1.8985569231766193,0.22072305337209525
LD liquid_1.0gcc_2000|real,1.0,0,5440,0.15351453148789246,1.683213270484644,0.1956875603793729
LD liquid_1.0gcc_2000|real,1.0,0,5440,0.1727553647296109,1.4818372186791438,0.17227591731093259
LD liquid_1.0gcc_2000|real,1.0,0,5440,0.19440775901540433,1.2929927504865115,0.15032117519966343
LD liquid_1.0gcc_2000|real,1.0,0,5440,0.2187739687537092,1.1164990230653238,0.12980230955920308
LD liquid_1.0gcc_2000|real,1.0,0,5440,0.24619413158533693,0.9534021460258052,0.11084093934366977
LD liquid_1.0gcc_2000|real,1.0,0,5440,0.27705101650047453,0.8051577225033156,0.0936062905397129
LD liquid_1.0gcc_2000|real,1.0,0,5440,0.3117753670636956,0.6728662378245419,0.07822630373132669
LD liquid_1.0gcc_2000|real,1.0,0,5440,0.35085191433519125,0.5569532113102396,0.06475044908324494
LD liquid_1.0gcc_2000|real,1.0,0,5440,0.3948261434249862,0.45712766594890897,0.05314489809464404
LD liquid_1.0gcc_2000|real,1.0,0,5440,0.4443119081371701,0.3724818522362721,0.04330411732597561
LD liquid_1.0gcc_2000|real,1.0,0,5440,0.5,0.30166750871918707,0.035071360155082304
LD liquid_1.0gcc_2000|gauss,1.0,0,5440,0.004999999999999999,8.60153433985568,1.0000000000006617
LD liquid_1.0gcc_2000|gauss,1.0,0,5440,0.005626677913003822,8.601534339854181,1.0000000000004874
LD liquid_1.0gcc_2000|gauss,1.0,0,5440,0.006331900867337016,8.601534339853144,1.0000000000003668
LD liquid_1.0gcc_2000|gauss,1.0,0,5440,0.007125513351514988,8.601534339844777,0.999999999999394
LD liquid_1.0gcc_2000|gauss,1.0,0,5440,0.008018593718756654,8.601534339431561,0.9999999999513542
LD liquid_1.0gcc_2000|gauss,1.0,0,5440,0.00902360883413585,8.601534329309024,0.999999998774525
LD liquid_1.0gcc_2000|gauss,1.0,0,5440,0.010154588104523677,8.601534190491204,0.9999999826357974
LD liquid_1.0gcc_2000|gauss,1.0,0,5440,0.011427319320674952,8.601532946497116,0.9999998380111248
LD liquid_1.0gcc_2000|gauss,1.0,0,5440,0.01285956904529672,8.601524750148384,0.999998885117326
LD liquid_1.0gcc_2000|gauss,1.0,0,5440,0.01447133062358375,8.601481425092542,0.9999938482187763
LD liquid_1.0gcc_2000|gauss,1.0,0,5440,0.016285103278298914,8.601285575720933,0.9999710790983065
LD liquid_1.0gcc_2000|gauss,1.0,0,5440,0.018326206185398135,8.600495100438476,0.9998791797636966
LD liquid_1.0gcc_2000|gauss,1.0,0,5440,0.020623131914506758,8.597582097482702,0.9995405189107975
LD liquid_1.0gcc_2000|gauss,1.0,0,5440,0.023207944168063883,8.587762373641471,0.9983988942362627
LD liquid_1.0gcc_2000|gauss,1.0,0,5440,0.026116725371334214,8.558010736656193,0.9949400186671167
LD liquid_1.0gcc_2000|gauss,1.0,0,5440,0.029390080361374554,8.479753811280009,0.985841999373788
LD liquid_1.0gcc_2000|gauss,1.0,0,5440,0.03307370320615074,8.30814110775877,0.9658905934105314
LD liquid_1.0gcc_2000|gauss,1.0,0,5440,0.03721901506625844,8.00175370214969,0.9302705059350191
LD liquid_1.0gcc_2000|gauss,1.0,0,5440,0.04188388200341457,7.552588328378801,0.8780512906154971
LD liquid_1.0gcc_2000|gauss,1.0,0,5440,0.047133422755894265,6.9925606443508865,0.8129434084748229
LD liquid_1.0gcc_2000|gauss,1.0,0,5440,0.05304091775697241,6.371738450730871,0.7407676583015298
LD liquid_1.0gcc_2000|gauss,1.0,0,5440,0.05968883208572181,5.7355383795541615,0.6668041017963534
LD liquid_1.0gcc_2000|gauss,1.0,0,5440,0.067169966629945,5.1154364101083365,0.5947120836812877
LD liquid_1.0gcc_2000|gauss,1.0,0,5440,0.0755887535307831,4.529504687990997,0.5265926413856521
LD liquid_1.0gcc_2000|gauss,1.0,0,5440,0.08506271399262945,3.9865479614601336,0.46346940021978206
LD liquid_1.0gcc_2000|gauss,1.0,0,5440,0.09572409880849786,3.4898263847290236,0.4057213802613135
LD liquid_1.0gcc_2000|gauss,1.0,0,5440,0.10772173450159415,3.0394585698230676,0.35336237114599206
LD liquid_1.0gcc_2000|gauss,1.0,0,5440,0.1212231008541164,2.633890200497882,0.3062116706661683
LD liquid_1.0gcc_2000|gauss,1.0,0,5440,0.1364166688243384,2.2707482390399045,0.263993393425144
LD liquid_1.0gcc_2000|gauss,1.0,0,5440,0.15351453148789246,1.9472973442362709,0.22638953322718838
LD liquid_1.0gcc_2000|gauss,1.0,0,5440,0.1727553647296109,1.6606771867775318,0.1930675529694501
LD liquid_1.0gcc_2000|gauss,1.0,0,5440,0.19440775901540433,1.4080390678760166,0.16369626769409293
LD liquid_1.0gcc_2000|gauss,1.0,0,5440,0.2187739687537092,1.1866270985366805,0.1379552823545869
LD liquid_1.0gcc_2000|gauss,1.0,0,5440,0.24619413158533693,0.9938120930070571,0.11553893221152788
LD liquid_1.0gcc_2000|gauss,1.0,0,5440,0.27705101650047453,0.8270863782591196,0.09615567939167746
LD liquid_1.0gcc_2000|gauss,1.0,0,5440,0.3117753670636956,0.6840363359666961,0.07952492066416905
LD liquid_1.0gcc_2000|gauss,1.0,0,5440,0.35085191433519125,0.5623130509847131,0.06537357508178242
LD liquid_1.0gcc_2000|gauss,1.0,0,5440,0.3948261434249862,0.45961738675739416,0.05343434887285585
LD liquid_1.0gcc_2000|gauss,1.0,0,5440,0.4443119081371701,0.37370655514820106,0.043446499238729834
LD liquid_1.0gcc_2000|gauss,1.0,0,5440,0.5,0.3024195693202745,0.0351587934630682
LD liquid_1.0gcc_2000|shuffle,1.0,0,5440,0.004999999999999999,8.601534339855872,1.000000000000684
LD liquid_1.0gcc_2000|shuffle,1.0,0,5440,0.005626677913003822,8.60153433985427,1.0000000000004976
LD liquid_1.0gcc_2000|shuffle,1.0,0,5440,0.006331900867337016,8.601534339853242,1.0000000000003781
LD liquid_1.0gcc_2000|shuffle,1.0,0,5440,0.007125513351514988,8.601534339852607,1.0000000000003044
LD liquid_1.0gcc_2000|shuffle,1.0,0,5440,0.008018593718756654,8.601534339852002,1.000000000000234
LD liquid_1.0gcc_2000|shuffle,1.0,0,5440,0.00902360883413585,8.601534339851513,1.0000000000001772
LD liquid_1.0gcc_2000|shuffle,1.0,0,5440,0.010154588104523677,8.601534339850984,1.0000000000001157
LD liquid_1.0gcc_2000|shuffle,1.0,0,5440,0.011427319320674952,8.601534339850796,1.0000000000000937
LD liquid_1.0gcc_2000|shuffle,1.0,0,5440,0.01285956904529672,8.601534339850652,1.000000000000077
LD liquid_1.0gcc_2000|shuffle,1.0,0,5440,0.01447133062358375,8.601534339850396,1.0000000000000473
LD liquid_1.0gcc_2000|shuffle,1.0,0,5440,0.016285103278298914,8.601534339850343,1.000000000000041
LD liquid_1.0gcc_2000|shuffle,1.0,0,5440,0.018326206185398135,8.601534339850215,1.0000000000000262
LD liquid_1.0gcc_2000|shuffle,1.0,0,5440,0.020623131914506758,8.601534339848472,0.9999999999998236
LD liquid_1.0gcc_2000|shuffle,1.0,0,5440,0.023207944168063883,8.601534339717608,0.9999999999846095
LD liquid_1.0gcc_2000|shuffle,1.0,0,5440,0.026116725371334214,8.601534335028466,0.9999999994394578
LD liquid_1.0gcc_2000|shuffle,1.0,0,5440,0.029390080361374554,8.6015342348734,0.9999999877955973
LD liquid_1.0gcc_2000|shuffle,1.0,0,5440,0.03307370320615074,8.601532639174726,0.9999998022823375
LD liquid_1.0gcc_2000|shuffle,1.0,0,5440,0.03721901506625844,8.601511509674697,0.9999973458019942
LD liquid_1.0gcc_2000|shuffle,1.0,0,5440,0.04188388200341457,8.601278912457637,0.9999703044384571
LD liquid_1.0gcc_2000|shuffle,1.0,0,5440,0.047133422755894265,8.599206836872936,0.9997294083956312
LD liquid_1.0gcc_2000|shuffle,1.0,0,5440,0.05304091775697241,8.584630528620055,0.998034791170731
LD liquid_1.0gcc_2000|shuffle,1.0,0,5440,0.05968883208572181,8.507642895513264,0.9890843376742989
LD liquid_1.0gcc_2000|shuffle,1.0,0,5440,0.067169966629945,8.232559972158262,0.9571036569624203
LD liquid_1.0gcc_2000|shuffle,1.0,0,5440,0.0755887535307831,7.623531959362071,0.8862990785310317
LD liquid_1.0gcc_2000|shuffle,1.0,0,5440,0.08506271399262945,6.7528706117313755,0.7850774460605299
LD liquid_1.0gcc_2000|shuffle,1.0,0,5440,0.09572409880849786,5.814050644065114,0.6759318063905458
LD liquid_1.0gcc_2000|shuffle,1.0,0,5440,0.10772173450159415,4.926585710910633,0.5727566171637876
LD liquid_1.0gcc_2000|shuffle,1.0,0,5440,0.1212231008541164,4.131936911704818,0.480372076475007
LD liquid_1.0gcc_2000|shuffle,1.0,0,5440,0.1364166688243384,3.438287367656801,0.3997295403132419
LD liquid_1.0gcc_2000|shuffle,1.0,0,5440,0.15351453148789246,2.841386505973444,0.3303348441928092
LD liquid_1.0gcc_2000|shuffle,1.0,0,5440,0.1727553647296109,2.333084806992602,0.2712405385843395
LD liquid_1.0gcc_2000|shuffle,1.0,0,5440,0.19440775901540433,1.9043135838364813,0.2213923131148823
LD liquid_1.0gcc_2000|shuffle,1.0,0,5440,0.2187739687537092,1.545924403370738,0.17972658624504184
LD liquid_1.0gcc_2000|shuffle,1.0,0,5440,0.24619413158533693,1.2489671330015415,0.14520283052469027
LD liquid_1.0gcc_2000|shuffle,1.0,0,5440,0.27705101650047453,1.0048760509794445,0.11682520946570675
LD liquid_1.0gcc_2000|shuffle,1.0,0,5440,0.3117753670636956,0.805657545990974,0.09366439918264916
LD liquid_1.0gcc_2000|shuffle,1.0,0,5440,0.35085191433519125,0.6440500596676186,0.07487618304141432
LD liquid_1.0gcc_2000|shuffle,1.0,0,5440,0.3948261434249862,0.5136226960434781,0.05971291582990247
LD liquid_1.0gcc_2000|shuffle,1.0,0,5440,0.4443119081371701,0.408805155539279,0.04752700383294738
LD liquid_1.0gcc_2000|shuffle,1.0,0,5440,0.5,0.3248609991515161,0.03776779657165
diamond_0.0gcc_CC|real,1.0,0,1080,0.004999999999999999,3.041915171537322,0.4355101957076785
diamond_0.0gcc_CC|real,1.0,0,1080,0.005626677913003822,2.9291622032907663,0.4193673828747807
diamond_0.0gcc_CC|real,1.0,0,1080,0.006331900867337016,2.800819249571328,0.40099255591870686
diamond_0.0gcc_CC|real,1.0,0,1080,0.007125513351514988,2.6614328566925303,0.3810366426803525
diamond_0.0gcc_CC|real,1.0,0,1080,0.008018593718756654,2.5153542288299326,0.3601226039180561
diamond_0.0gcc_CC|real,1.0,0,1080,0.00902360883413585,2.3658285252850475,0.33871504823620224
diamond_0.0gcc_CC|real,1.0,0,1080,0.010154588104523677,2.214997081074764,0.31712055000642597
diamond_0.0gcc_CC|real,1.0,0,1080,0.011427319320674952,2.064346172772964,0.2955518990552232
diamond_0.0gcc_CC|real,1.0,0,1080,0.01285956904529672,1.9146278099145841,0.2741167603900863
diamond_0.0gcc_CC|real,1.0,0,1080,0.01447133062358375,1.7651605580454357,0.25271757321928684
diamond_0.0gcc_CC|real,1.0,0,1080,0.016285103278298914,1.6134644704685266,0.23099928422593508
diamond_0.0gcc_CC|real,1.0,0,1080,0.018326206185398135,1.456655805016634,0.20854902880178386
diamond_0.0gcc_CC|real,1.0,0,1080,0.020623131914506758,1.2946497264431411,0.1853546611068694
diamond_0.0gcc_CC|real,1.0,0,1080,0.023207944168063883,1.1317130603227072,0.16202706143741352
diamond_0.0gcc_CC|real,1.0,0,1080,0.026116725371334214,0.9741330610526897,0.13946637435322434
diamond_0.0gcc_CC|real,1.0,0,1080,0.029390080361374554,0.827331456314022,0.11844882718157601
diamond_0.0gcc_CC|real,1.0,0,1080,0.03307370320615074,0.6946829068774658,0.09945756921817311
diamond_0.0gcc_CC|real,1.0,0,1080,0.03721901506625844,0.5776756543325786,0.08270567162028956
diamond_0.0gcc_CC|real,1.0,0,1080,0.04188388200341457,0.4764560816479715,0.06821409199907263
diamond_0.0gcc_CC|real,1.0,0,1080,0.047133422755894265,0.3902376124046064,0.055870216415317336
diamond_0.0gcc_CC|real,1.0,0,1080,0.05304091775697241,0.3177048029282075,0.045485713143870114
diamond_0.0gcc_CC|real,1.0,0,1080,0.05968883208572181,0.25731606184238404,0.03683987295249625
diamond_0.0gcc_CC|real,1.0,0,1080,0.067169966629945,0.20748214912155907,0.029705164764378858
diamond_0.0gcc_CC|real,1.0,0,1080,0.0755887535307831,0.16666960811828926,0.023862043994288835
diamond_0.0gcc_CC|real,1.0,0,1080,0.08506271399262945,0.1334610413167234,0.019107582212367306
diamond_0.0gcc_CC|real,1.0,0,1080,0.09572409880849786,0.10658714083093848,0.015260052942154956
diamond_0.0gcc_CC|real,1.0,0,1080,0.10772173450159415,0.08493893386310213,0.012160684839619074
diamond_0.0gcc_CC|real,1.0,0,1080,0.1212231008541164,0.06756645585149292,0.009673471728104325
diamond_0.0gcc_CC|real,1.0,0,1080,0.1364166688243384,0.05366880189429537,0.007683748263291908
diamond_0.0gcc_CC|real,1.0,0,1080,0.15351453148789246,0.042579382724189443,0.00609607903495621
diamond_0.0gcc_CC|real,1.0,0,1080,0.1727553647296109,0.033749156935060615,0.00483185792926937
diamond_0.0gcc_CC|real,1.0,0,1080,0.19440775901540433,0.02672969957691172,0.003826884063984309
diamond_0.0gcc_CC|real,1.0,0,1080,0.2187739687537092,0.021157245218749305,0.003029077237941579
diamond_0.0gcc_CC|real,1.0,0,1080,0.24619413158533693,0.016738313985532088,0.002396420014556679
diamond_0.0gcc_CC|real,1.0,0,1080,0.27705101650047453,0.013237167291657003,0.0018951617624798356
diamond_0.0gcc_CC|real,1.0,0,1080,0.3117753670636956,0.010465110552002463,0.0014982871275472597
diamond_0.0gcc_CC|real,1.0,0,1080,0.35085191433519125,0.008271527412199144,0.0011842324058851813
diamond_0.0gcc_CC|real,1.0,0,1080,0.3948261434249862,0.006536463496316747,0.0009358237610151176
diamond_0.0gcc_CC|real,1.0,0,1080,0.4443119081371701,0.005164553667213131,0.0007394077913139476
diamond_0.0gcc_CC|real,1.0,0,1080,0.5,0.004080088262131345,0.0005841451642609103
diamond_0.0gcc_CC|gauss,1.0,0,1080,0.004999999999999999,6.637328206617588,0.9502645350821068
diamond_0.0gcc_CC|gauss,1.0,0,1080,0.005626677913003822,6.329090101298743,0.9061341665471645
diamond_0.0gcc_CC|gauss,1.0,0,1080,0.006331900867337016,5.9081935179447225,0.8458745133180562
diamond_0.0gcc_CC|gauss,1.0,0,1080,0.007125513351514988,5.408672314394704,0.7743581938776755
diamond_0.0gcc_CC|gauss,1.0,0,1080,0.008018593718756654,4.87301397019964,0.697668129507818
diamond_0.0gcc_CC|gauss,1.0,0,1080,0.00902360883413585,4.3365052334485314,0.6208563146591908
diamond_0.0gcc_CC|gauss,1.0,0,1080,0.010154588104523677,3.822324512102337,0.5472411959083855
diamond_0.0gcc_CC|gauss,1.0,0,1080,0.011427319320674952,3.343143240102259,0.4786369391227692
diamond_0.0gcc_CC|gauss,1.0,0,1080,0.01285956904529672,2.9044046985515526,0.4158228574274259
diamond_0.0gcc_CC|gauss,1.0,0,1080,0.01447133062358375,2.5073348253729013,0.35897446803257527
diamond_0.0gcc_CC|gauss,1.0,0,1080,0.016285103278298914,2.1509915943451814,0.3079569012916992
diamond_0.0gcc_CC|gauss,1.0,0,1080,0.018326206185398135,1.8334466667216172,0.2624940774531804
diamond_0.0gcc_CC|gauss,1.0,0,1080,0.020623131914506758,1.5524074620427497,0.22225776837511765
diamond_0.0gcc_CC|gauss,1.0,0,1080,0.023207944168063883,1.3054902300127382,0.18690669315409414
diamond_0.0gcc_CC|gauss,1.0,0,1080,0.026116725371334214,1.0902935635066424,0.15609704296311083
diamond_0.0gcc_CC|gauss,1.0,0,1080,0.029390080361374554,0.9043833911122515,0.12948033243774437
diamond_0.0gcc_CC|gauss,1.0,0,1080,0.03307370320615074,0.7452616651852425,0.10669891675323238
diamond_0.0gcc_CC|gauss,1.0,0,1080,0.03721901506625844,0.61035730914007,0.0873846955504895
diamond_0.0gcc_CC|gauss,1.0,0,1080,0.04188388200341457,0.49705163370454913,0.07116275177459648
diamond_0.0gcc_CC|gauss,1.0,0,1080,0.047133422755894265,0.40273254441744744,0.0576591125479851
diamond_0.0gcc_CC|gauss,1.0,0,1080,0.05304091775697241,0.32486303793540444,0.04651055576869925
diamond_0.0gcc_CC|gauss,1.0,0,1080,0.05968883208572181,0.26104833426077995,0.03737422141381396
diamond_0.0gcc_CC|gauss,1.0,0,1080,0.067169966629945,0.20908980373959193,0.02993533225355838
diamond_0.0gcc_CC|gauss,1.0,0,1080,0.0755887535307831,0.167019663090305,0.02391216127263949
diamond_0.0gcc_CC|gauss,1.0,0,1080,0.08506271399262945,0.13311581612918866,0.019058156412991547
diamond_0.0gcc_CC|gauss,1.0,0,1080,0.09572409880849786,0.1058998496163125,0.015161653639573926
diamond_0.0gcc_CC|gauss,1.0,0,1080,0.10772173450159415,0.08412282273603418,0.012043842424027009
diamond_0.0gcc_CC|gauss,1.0,0,1080,0.1212231008541164,0.06674357967598825,0.009555660762305396
diamond_0.0gcc_CC|gauss,1.0,0,1080,0.1364166688243384,0.05290354561798449,0.00757418672331831
diamond_0.0gcc_CC|gauss,1.0,0,1080,0.15351453148789246,0.041900899132905574,0.005998940717494466
diamond_0.0gcc_CC|gauss,1.0,0,1080,0.1727553647296109,0.033165992310302275,0.0047483664031957
diamond_0.0gcc_CC|gauss,1.0,0,1080,0.19440775901540433,0.02623906785015524,0.003756640448600346
diamond_0.0gcc_CC|gauss,1.0,0,1080,0.2187739687537092,0.020750732577931155,0.002970876929985297
diamond_0.0gcc_CC|gauss,1.0,0,1080,0.24619413158533693,0.016405262214746884,0.0023487370800578354
diamond_0.0gcc_CC|gauss,1.0,0,1080,0.27705101650047453,0.012966585206485994,0.00185642259645363
diamond_0.0gcc_CC|gauss,1.0,0,1080,0.3117753670636956,0.010246676735877452,0.0014670140154960445
diamond_0.0gcc_CC|gauss,1.0,0,1080,0.35085191433519125,0.008096048997900207,0.001159109207424923
diamond_0.0gcc_CC|gauss,1.0,0,1080,0.3948261434249862,0.006396021907650115,0.0009157167756731195
diamond_0.0gcc_CC|gauss,1.0,0,1080,0.4443119081371701,0.005052480131709502,0.0007233622526883029
diamond_0.0gcc_CC|gauss,1.0,0,1080,0.5,0.003990855129472122,0.0005713696801081463
diamond_0.0gcc_CC|shuffle,1.0,0,1080,0.004999999999999999,6.984715270364092,0.9999998497069708
diamond_0.0gcc_CC|shuffle,1.0,0,1080,0.005626677913003822,6.984694484948623,0.9999968738645004
diamond_0.0gcc_CC|shuffle,1.0,0,1080,0.006331900867337016,6.98439684136988,0.9999542603115511
diamond_0.0gcc_CC|shuffle,1.0,0,1080,0.007125513351514988,6.981348956507189,0.9995178954367298
diamond_0.0gcc_CC|shuffle,1.0,0,1080,0.008018593718756654,6.9590398859006,0.9963239116607056
diamond_0.0gcc_CC|shuffle,1.0,0,1080,0.00902360883413585,6.847744879154927,0.9803898347927437
diamond_0.0gcc_CC|shuffle,1.0,0,1080,0.010154588104523677,6.501283638850882,0.9307870700668345
diamond_0.0gcc_CC|shuffle,1.0,0,1080,0.011427319320674952,5.842520128524584,0.8364720714134397
diamond_0.0gcc_CC|shuffle,1.0,0,1080,0.01285956904529672,4.995093604130876,0.7151462386157865
diamond_0.0gcc_CC|shuffle,1.0,0,1080,0.01447133062358375,4.1407685163710175,0.5928327403139124
diamond_0.0gcc_CC|shuffle,1.0,0,1080,0.016285103278298914,3.3792771049033483,0.4838102150505276
diamond_0.0gcc_CC|shuffle,1.0,0,1080,0.018326206185398135,2.735104348242737,0.3915841707650664
diamond_0.0gcc_CC|shuffle,1.0,0,1080,0.020623131914506758,2.2021990616052887,0.3152882609222418
diamond_0.0gcc_CC|shuffle,1.0,0,1080,0.023207944168063883,1.7665360841260573,0.25291450692676753
diamond_0.0gcc_CC|shuffle,1.0,0,1080,0.026116725371334214,1.4129893158933449,0.2022973090293551
diamond_0.0gcc_CC|shuffle,1.0,0,1080,0.029390080361374554,1.1275774442309339,0.16143496636837523
diamond_0.0gcc_CC|shuffle,1.0,0,1080,0.03307370320615074,0.89813495210655,0.12858574506735912
diamond_0.0gcc_CC|shuffle,1.0,0,1080,0.03721901506625844,0.7143046920845637,0.10226681504975839
diamond_0.0gcc_CC|shuffle,1.0,0,1080,0.04188388200341457,0.5674036148304892,0.08123502642422017
diamond_0.0gcc_CC|shuffle,1.0,0,1080,0.047133422755894265,0.4502544878108629,0.06446281669507219
diamond_0.0gcc_CC|shuffle,1.0,0,1080,0.05304091775697241,0.35698727476464165,0.05110977431343942
diamond_0.0gcc_CC|shuffle,1.0,0,1080,0.05968883208572181,0.28283611885755067,0.040493572808804015
diamond_0.0gcc_CC|shuffle,1.0,0,1080,0.067169966629945,0.22395165278712853,0.0320630992760686
diamond_0.0gcc_CC|shuffle,1.0,0,1080,0.0755887535307831,0.17723678921806027,0.025374944535336445
diamond_0.0gcc_CC|shuffle,1.0,0,1080,0.08506271399262945,0.1402073481816804,0.020073449193324776
diamond_0.0gcc_CC|shuffle,1.0,0,1080,0.09572409880849786,0.11087582845918335,0.015874063222843387
diamond_0.0gcc_CC|shuffle,1.0,0,1080,0.10772173450159415,0.08765553882800718,0.012549620458533238
diamond_0.0gcc_CC|shuffle,1.0,0,1080,0.1212231008541164,0.06928211723501647,0.009919102517515469
diamond_0.0gcc_CC|shuffle,1.0,0,1080,0.1364166688243384,0.054749651900769684,0.007838493274676424
diamond_0.0gcc_CC|shuffle,1.0,0,1080,0.15351453148789246,0.04325893278542642,0.006193370038640875
diamond_0.0gcc_CC|shuffle,1.0,0,1080,0.1727553647296109,0.03417570010358836,0.004892926002613904
diamond_0.0gcc_CC|shuffle,1.0,0,1080,0.19440775901540433,0.026997077955263803,0.003865164556147169
diamond_0.0gcc_CC|shuffle,1.0,0,1080,0.2187739687537092,0.02132467157345963,0.00305304762514658
diamond_0.0gcc_CC|shuffle,1.0,0,1080,0.24619413158533693,0.016843062449604977,0.00241141682463058
diamond_0.0gcc_CC|shuffle,1.0,0,1080,0.27705101650047453,0.013302656935463675,0.0019045378975732594
diamond_0.0gcc_CC|shuffle,1.0,0,1080,0.3117753670636956,0.01050603277039768,0.0015041459508007321
diamond_0.0gcc_CC|shuffle,1.0,0,1080,0.35085191433519125,0.008297087121158135,0.001187891782699866
diamond_0.0gcc_CC|shuffle,1.0,0,1080,0.3948261434249862,0.006552422353596926,0.0009381085864180064
diamond_0.0gcc_CC|shuffle,1.0,0,1080,0.4443119081371701,0.005174515240815455,0.0007408339871887366
diamond_0.0gcc_CC|shuffle,1.0,0,1080,0.5,0.004086304951632721,0.0005850352060631049
diamond_3.67gcc_3000|real,1.0,0,14040,0.004999999999999999,8.731354534883863,0.9143099695503345
diamond_3.67gcc_3000|real,1.0,0,14040,0.005626677913003822,8.595632494421992,0.9000977400289899
diamond_3.67gcc_3000|real,1.0,0,14040,0.006331900867337016,8.44594398638117,0.8844230019706459
diamond_3.67gcc_3000|real,1.0,0,14040,0.007125513351514988,8.281988124666757,0.8672542478749564
diamond_3.67gcc_3000|real,1.0,0,14040,0.008018593718756654,8.102920781269049,0.8485030842799719
diamond_3.67gcc_3000|real,1.0,0,14040,0.00902360883413585,7.909197580061922,0.8282172221621031
diamond_3.67gcc_3000|real,1.0,0,14040,0.010154588104523677,7.700741790277761,0.806388626604715
diamond_3.67gcc_3000|real,1.0,0,14040,0.011427319320674952,7.4686138304259,0.782081183005214
diamond_3.67gcc_3000|real,1.0,0,14040,0.01285956904529672,7.18489423945545,0.7523712852402533
diamond_3.67gcc_3000|real,1.0,0,14040,0.01447133062358375,6.808966015170978,0.713005695179121
diamond_3.67gcc_3000|real,1.0,0,14040,0.016285103278298914,6.320011784275559,0.6618045068439775
diamond_3.67gcc_3000|real,1.0,0,14040,0.018326206185398135,5.740655917556664,0.6011368472337488
diamond_3.67gcc_3000|real,1.0,0,14040,0.020623131914506758,5.120767949502721,0.5362248399464903
diamond_3.67gcc_3000|real,1.0,0,14040,0.023207944168063883,4.507591648867536,0.4720156496630265
diamond_3.67gcc_3000|real,1.0,0,14040,0.026116725371334214,3.930903250545792,0.4116273158938494
diamond_3.67gcc_3000|real,1.0,0,14040,0.029390080361374554,3.404099278650343,0.3564626651425407
diamond_3.67gcc_3000|real,1.0,0,14040,0.03307370320615074,2.9305955159821355,0.3068793835225491
diamond_3.67gcc_3000|real,1.0,0,14040,0.03721901506625844,2.5089411340164127,0.26272554649811164
diamond_3.67gcc_3000|real,1.0,0,14040,0.04188388200341457,2.1357374411958343,0.22364525767744994
diamond_3.67gcc_3000|real,1.0,0,14040,0.047133422755894265,1.8070205481964159,0.1892234355846449
diamond_3.67gcc_3000|real,1.0,0,14040,0.05304091775697241,1.518923008133909,0.15905509778210936
diamond_3.67gcc_3000|real,1.0,0,14040,0.05968883208572181,1.2679577422254193,0.1327750923471869
diamond_3.67gcc_3000|real,1.0,0,14040,0.067169966629945,1.051014986832986,0.11005777817965956
diamond_3.67gcc_3000|real,1.0,0,14040,0.0755887535307831,0.8651954726613753,0.0905995562433809
diamond_3.67gcc_3000|real,1.0,0,14040,0.08506271399262945,0.7076278310335076,0.07409974913518058
diamond_3.67gcc_3000|real,1.0,0,14040,0.09572409880849786,0.575372443471753,0.060250532625721324
diamond_3.67gcc_3000|real,1.0,0,14040,0.10772173450159415,0.46543364034685,0.04873821304965371
diamond_3.67gcc_3000|real,1.0,0,14040,0.1212231008541164,0.3748435033506154,0.039252002740855434
diamond_3.67gcc_3000|real,1.0,0,14040,0.1364166688243384,0.3007659425848032,0.031494918538449525
diamond_3.67gcc_3000|real,1.0,0,14040,0.15351453148789246,0.24058439641818727,0.02519296533940644
diamond_3.67gcc_3000|real,1.0,0,14040,0.1727553647296109,0.19195762185056411,0.02010097822599508
diamond_3.67gcc_3000|real,1.0,0,14040,0.19440775901540433,0.15284319721021059,0.016005083567380556
diamond_3.67gcc_3000|real,1.0,0,14040,0.2187739687537092,0.12149557081089993,0.012722494683362664
diamond_3.67gcc_3000|real,1.0,0,14040,0.24619413158533693,0.09644719182446239,0.0100995359503418
diamond_3.67gcc_3000|real,1.0,0,14040,0.27705101650047453,0.0764802360467306,0.00800868204488947
diamond_3.67gcc_3000|real,1.0,0,14040,0.3117753670636956,0.06059452361090506,0.006345198424397795
diamond_3.67gcc_3000|real,1.0,0,14040,0.35085191433519125,0.0479753366132445,0.005023771326977284
diamond_3.67gcc_3000|real,1.0,0,14040,0.3948261434249862,0.037963328368586145,0.003975356797852561
diamond_3.67gcc_3000|real,1.0,0,14040,0.4443119081371701,0.03002763125052271,0.0031443646578141462
diamond_3.67gcc_3000|real,1.0,0,14040,0.5,0.023742557752133887,0.0024862187383036254
diamond_3.67gcc_3000|gauss,1.0,0,14040,0.004999999999999999,9.549665415413253,0.9999999725470444
diamond_3.67gcc_3000|gauss,1.0,0,14040,0.005626677913003822,9.549662393495737,0.999999656104813
diamond_3.67gcc_3000|gauss,1.0,0,14040,0.006331900867337016,9.54963246683325,0.9999965223131707
diamond_3.67gcc_3000|gauss,1.0,0,14040,0.007125513351514988,9.549389316489703,0.9999710606528618
diamond_3.67gcc_3000|gauss,1.0,0,14040,0.008018593718756654,9.547760693378933,0.9998005182311942
diamond_3.67gcc_3000|gauss,1.0,0,14040,0.00902360883413585,9.538743518863752,0.998856278420124
diamond_3.67gcc_3000|gauss,1.0,0,14040,0.010154588104523677,9.498256501603274,0.99461665175387
diamond_3.67gcc_3000|gauss,1.0,0,14040,0.011427319320674952,9.359354929301945,0.9800714753057107
diamond_3.67gcc_3000|gauss,1.0,0,14040,0.01285956904529672,9.018568559668172,0.9443857894252244
diamond_3.67gcc_3000|gauss,1.0,0,14040,0.01447133062358375,8.423609850763826,0.8820842671529676
diamond_3.67gcc_3000|gauss,1.0,0,14040,0.016285103278298914,7.635387384188145,0.7995449937178537
diamond_3.67gcc_3000|gauss,1.0,0,14040,0.018326206185398135,6.768610191720396,0.7087798065655199
diamond_3.67gcc_3000|gauss,1.0,0,14040,0.020623131914506758,5.913890229066821,0.6192772007664246
diamond_3.67gcc_3000|gauss,1.0,0,14040,0.023207944168063883,5.118376176650492,0.535974383759543
diamond_3.67gcc_3000|gauss,1.0,0,14040,0.026116725371334214,4.399438317500145,0.4606902970256763
diamond_3.67gcc_3000|gauss,1.0,0,14040,0.029390080361374554,3.759771818720747,0.39370716689566837
diamond_3.67gcc_3000|gauss,1.0,0,14040,0.03307370320615074,3.195987358293731,0.33467007811562455
diamond_3.67gcc_3000|gauss,1.0,0,14040,0.03721901506625844,2.702493269867252,0.28299349538612883
diamond_3.67gcc_3000|gauss,1.0,0,14040,0.04188388200341457,2.2730887755568774,0.23802809986254436
diamond_3.67gcc_3000|gauss,1.0,0,14040,0.047133422755894265,1.9015948793739177,0.19912685360686305
diamond_3.67gcc_3000|gauss,1.0,0,14040,0.05304091775697241,1.582099760222253,0.16567069608903934
diamond_3.67gcc_3000|gauss,1.0,0,14040,0.05968883208572181,1.309042229742598,0.13707728353421816
diamond_3.67gcc_3000|gauss,1.0,0,14040,0.067169966629945,1.0772229238462674,0.11280216085211384
diamond_3.67gcc_3000|gauss,1.0,0,14040,0.0755887535307831,0.8817873147654253,0.0923369827318289
diamond_3.67gcc_3000|gauss,1.0,0,14040,0.08506271399262945,0.7182062877715568,0.07520747971918257
diamond_3.67gcc_3000|gauss,1.0,0,14040,0.09572409880849786,0.5822680521705053,0.06097261117083118
diamond_3.67gcc_3000|gauss,1.0,0,14040,0.10772173450159415,0.4700846045396054,0.04922524205671881
diamond_3.67gcc_3000|gauss,1.0,0,14040,0.1212231008541164,0.37810783726092584,0.0395938297765363
diamond_3.67gcc_3000|gauss,1.0,0,14040,0.1364166688243384,0.3031465806980427,0.03174420874332325
diamond_3.67gcc_3000|gauss,1.0,0,14040,0.15351453148789246,0.24237652471032167,0.025380629321857875
diamond_3.67gcc_3000|gauss,1.0,0,14040,0.1727553647296109,0.193338352257964,0.02024556238778846
diamond_3.67gcc_3000|gauss,1.0,0,14040,0.19440775901540433,0.15392329770498808,0.016118187055109274
diamond_3.67gcc_3000|gauss,1.0,0,14040,0.2187739687537092,0.12234820312317486,0.01281177867937487
diamond_3.67gcc_3000|gauss,1.0,0,14040,0.24619413158533693,0.09712352354421427,0.01017035850503497
diamond_3.67gcc_3000|gauss,1.0,0,14040,0.27705101650047453,0.07701787831491165,0.0080649816355069
diamond_3.67gcc_3000|gauss,1.0,0,14040,0.3117753670636956,0.061022164133656756,0.006389979104391199
diamond_3.67gcc_3000|gauss,1.0,0,14040,0.35085191433519125,0.0483153889891815,0.005059380152188344
diamond_3.67gcc_3000|gauss,1.0,0,14040,0.3948261434249862,0.03823354777192038,0.0040036530139147255
diamond_3.67gcc_3000|gauss,1.0,0,14040,0.4443119081371701,0.030242179682414876,0.003166831248701812
diamond_3.67gcc_3000|gauss,1.0,0,14040,0.5,0.02391276110663616,0.002504041703028125
diamond_3.67gcc_3000|shuffle,1.0,0,14040,0.004999999999999999,9.5496656775912,1.0000000000011937
diamond_3.67gcc_3000|shuffle,1.0,0,14040,0.005626677913003822,9.549665677584724,1.0000000000005154
diamond_3.67gcc_3000|shuffle,1.0,0,14040,0.006331900867337016,9.549665677370525,0.9999999999780855
diamond_3.67gcc_3000|shuffle,1.0,0,14040,0.007125513351514988,9.549665672205581,0.9999999994372347
diamond_3.67gcc_3000|shuffle,1.0,0,14040,0.008018593718756654,9.549665572883633,0.9999999890366666
diamond_3.67gcc_3000|shuffle,1.0,0,14040,0.00902360883413585,9.54966376540259,0.9999997997650101
diamond_3.67gcc_3000|shuffle,1.0,0,14040,0.010154588104523677,9.54963489283346,0.9999967763534996
diamond_3.67gcc_3000|shuffle,1.0,0,14040,0.011427319320674952,9.549265864901363,0.9999581333324185
diamond_3.67gcc_3000|shuffle,1.0,0,14040,0.01285956904529672,9.545611167277068,0.9995754290841561
diamond_3.67gcc_3000|shuffle,1.0,0,14040,0.01447133062358375,9.518311021510463,0.9967166749991101
diamond_3.67gcc_3000|shuffle,1.0,0,14040,0.016285103278298914,9.37717075165193,0.9819370717518576
diamond_3.67gcc_3000|shuffle,1.0,0,14040,0.018326206185398135,8.932623671443624,0.9353860096291291
diamond_3.67gcc_3000|shuffle,1.0,0,14040,0.020623131914506758,8.098850619761697,0.8480768744371595
diamond_3.67gcc_3000|shuffle,1.0,0,14040,0.023207944168063883,7.042920543916011,0.7375044092329857
diamond_3.67gcc_3000|shuffle,1.0,0,14040,0.026116725371334214,5.974654504112298,0.6256401748324315
diamond_3.67gcc_3000|shuffle,1.0,0,14040,0.029390080361374554,5.0006887225951475,0.5236506587173517
diamond_3.67gcc_3000|shuffle,1.0,0,14040,0.03307370320615074,4.1506468641342,0.43463792390961586
diamond_3.67gcc_3000|shuffle,1.0,0,14040,0.03721901506625844,3.423215149925059,0.35846439713192285
diamond_3.67gcc_3000|shuffle,1.0,0,14040,0.04188388200341457,2.8076191710727785,0.2940018285314802
diamond_3.67gcc_3000|shuffle,1.0,0,14040,0.047133422755894265,2.290978537535707,0.23990143894925506
diamond_3.67gcc_3000|shuffle,1.0,0,14040,0.05304091775697241,1.8605826588057925,0.19483222990454732
diamond_3.67gcc_3000|shuffle,1.0,0,14040,0.05968883208572181,1.5045379615188725,0.15754875744510585
diamond_3.67gcc_3000|shuffle,1.0,0,14040,0.067169966629945,1.2119452921547316,0.1269097089964178
diamond_3.67gcc_3000|shuffle,1.0,0,14040,0.0755887535307831,0.9729626439573565,0.10188447185555685
diamond_3.67gcc_3000|shuffle,1.0,0,14040,0.08506271399262945,0.7788363250879612,0.0815563969863858
diamond_3.67gcc_3000|shuffle,1.0,0,14040,0.09572409880849786,0.6219042904660694,0.06512314791565356
diamond_3.67gcc_3000|shuffle,1.0,0,14040,0.10772173450159415,0.49556464526199484,0.05189340255391927
diamond_3.67gcc_3000|shuffle,1.0,0,14040,0.1212231008541164,0.39421048428216987,0.0412800298556709
diamond_3.67gcc_3000|shuffle,1.0,0,14040,0.1364166688243384,0.31313985704426317,0.03279066174844595
diamond_3.67gcc_3000|shuffle,1.0,0,14040,0.15351453148789246,0.2484521193939142,0.026016839519022842
diamond_3.67gcc_3000|shuffle,1.0,0,14040,0.1727553647296109,0.19694066339931904,0.02062278094841434
diamond_3.67gcc_3000|shuffle,1.0,0,14040,0.19440775901540433,0.15598930794849483,0.016334530779932774
diamond_3.67gcc_3000|shuffle,1.0,0,14040,0.2187739687537092,0.12347689686204842,0.012929970643049937
diamond_3.67gcc_3000|shuffle,1.0,0,14040,0.24619413158533693,0.09769244579500388,0.010229933601168995
diamond_3.67gcc_3000|shuffle,1.0,0,14040,0.27705101650047453,0.0772616046486127,0.00809050361103252
diamond_3.67gcc_3000|shuffle,1.0,0,14040,0.3117753670636956,0.06108418060855329,0.006396473203450828
diamond_3.67gcc_3000|shuffle,1.0,0,14040,0.35085191433519125,0.04828187165330764,0.005055870360641133
diamond_3.67gcc_3000|shuffle,1.0,0,14040,0.3948261434249862,0.038155068044506885,0.003995434953716268
diamond_3.67gcc_3000|shuffle,1.0,0,14040,0.4443119081371701,0.03014748752745812,0.003156915492679162
diamond_3.67gcc_3000|shuffle,1.0,0,14040,0.5,0.023817441047496935,0.0024940601955746222
diamond_3.68gcc_300|real,1.0,0,5400,0.004999999999999999,6.949144869771631,0.808589732244986
diamond_3.68gcc_300|real,1.0,0,5400,0.005626677913003822,6.611870030814231,0.7693450515200471
diamond_3.68gcc_300|real,1.0,0,5400,0.006331900867337016,6.230451256559311,0.724963863571359
diamond_3.68gcc_300|real,1.0,0,5400,0.007125513351514988,5.804299679299971,0.6753776488342309
diamond_3.68gcc_300|real,1.0,0,5400,0.008018593718756654,5.340380081804146,0.621396816638013
diamond_3.68gcc_300|real,1.0,0,5400,0.00902360883413585,4.852615092057373,0.5646413784007925
diamond_3.68gcc_300|real,1.0,0,5400,0.010154588104523677,4.357720108295266,0.5070563071569489
diamond_3.68gcc_300|real,1.0,0,5400,0.011427319320674952,3.8710340268072794,0.45042640870288714
diamond_3.68gcc_300|real,1.0,0,5400,0.01285956904529672,3.4044483700846446,0.39613535875229017
diamond_3.68gcc_300|real,1.0,0,5400,0.01447133062358375,2.9666096160660915,0.34518924559549613
diamond_3.68gcc_300|real,1.0,0,5400,0.016285103278298914,2.563241862413248,0.2982541147218851
diamond_3.68gcc_300|real,1.0,0,5400,0.018326206185398135,2.197409015963009,0.2556864767029441
diamond_3.68gcc_300|real,1.0,0,5400,0.020623131914506758,1.8700169245259133,0.2175917343259663
diamond_3.68gcc_300|real,1.0,0,5400,0.023207944168063883,1.5803668362103251,0.18388858210437004
diamond_3.68gcc_300|real,1.0,0,5400,0.026116725371334214,1.3266369617589846,0.15436503998660359
diamond_3.68gcc_300|real,1.0,0,5400,0.029390080361374554,1.1064001491921998,0.12873868902671665
diamond_3.68gcc_300|real,1.0,0,5400,0.03307370320615074,0.9169029680185667,0.10668914511047319
diamond_3.68gcc_300|real,1.0,0,5400,0.03721901506625844,0.7552596868148121,0.08788062983022689
diamond_3.68gcc_300|real,1.0,0,5400,0.04188388200341457,0.6185921779741965,0.07197824954445595
diamond_3.68gcc_300|real,1.0,0,5400,0.047133422755894265,0.504068891887666,0.0586525303418907
diamond_3.68gcc_300|real,1.0,0,5400,0.05304091775697241,0.40890423531441566,0.04757934570985419
diamond_3.68gcc_300|real,1.0,0,5400,0.05968883208572181,0.330405671403202,0.03844539700622469
diamond_3.68gcc_300|real,1.0,0,5400,0.067169966629945,0.26605931556883655,0.03095817323839439
diamond_3.68gcc_300|real,1.0,0,5400,0.0755887535307831,0.21359687165703636,0.02485373963245718
diamond_3.68gcc_300|real,1.0,0,5400,0.08506271399262945,0.17102397480013232,0.019900035555836207
diamond_3.68gcc_300|real,1.0,0,5400,0.09572409880849786,0.1366192476152702,0.015896764698240216
diamond_3.68gcc_300|real,1.0,0,5400,0.10772173450159415,0.10891716597920312,0.01267340136469205
diamond_3.68gcc_300|real,1.0,0,5400,0.1212231008541164,0.08668359218394467,0.010086343558463301
diamond_3.68gcc_300|real,1.0,0,5400,0.1364166688243384,0.06888886070488309,0.008015781290490511
diamond_3.68gcc_300|real,1.0,0,5400,0.15351453148789246,0.05468092711797811,0.006362572236702633
diamond_3.68gcc_300|real,1.0,0,5400,0.1727553647296109,0.043359876900515675,0.005045275628901331
diamond_3.68gcc_300|real,1.0,0,5400,0.19440775901540433,0.034354488860224824,0.003997425218423376
diamond_3.68gcc_300|real,1.0,0,5400,0.2187739687537092,0.027201215717269474,0.003165083495271532
diamond_3.68gcc_300|real,1.0,0,5400,0.24619413158533693,0.021525724572529,0.0025046937709117777
diamond_3.68gcc_300|real,1.0,0,5400,0.27705101650047453,0.01702697843083573,0.001981227933557682
diamond_3.68gcc_300|real,1.0,0,5400,0.3117753670636956,0.013463723350155029,0.0015666141176705942
diamond_3.68gcc_300|real,1.0,0,5400,0.35085191433519125,0.010643170277546994,0.0012384197431823485
diamond_3.68gcc_300|real,1.0,0,5400,0.3948261434249862,0.008411620971776888,0.0009787607650693431
diamond_3.68gcc_300|real,1.0,0,5400,0.4443119081371701,0.0066467759028699365,0.0007734066346742674
diamond_3.68gcc_300|real,1.0,0,5400,0.5,0.005251470201922686,0.0006110514263325083
diamond_3.68gcc_300|gauss,1.0,0,5400,0.004999999999999999,8.547697529658288,0.9945943833870106
diamond_3.68gcc_300|gauss,1.0,0,5400,0.005626677913003822,8.427826648780107,0.9806464278774222
diamond_3.68gcc_300|gauss,1.0,0,5400,0.006331900867337016,8.135540455996203,0.9466365433821218
diamond_3.68gcc_300|gauss,1.0,0,5400,0.007125513351514988,7.620278751636401,0.8866816379409175
diamond_3.68gcc_300|gauss,1.0,0,5400,0.008018593718756654,6.92891852802459,0.8062362322728271
diamond_3.68gcc_300|gauss,1.0,0,5400,0.00902360883413585,6.1607237070593595,0.7168504939932517
diamond_3.68gcc_300|gauss,1.0,0,5400,0.010154588104523677,5.397432461170345,0.6280353267022262
diamond_3.68gcc_300|gauss,1.0,0,5400,0.011427319320674952,4.6832347572847475,0.5449325937793741
diamond_3.68gcc_300|gauss,1.0,0,5400,0.01285956904529672,4.035334134688026,0.46954406745497484
diamond_3.68gcc_300|gauss,1.0,0,5400,0.01447133062358375,3.457009768323656,0.40225130650197366
diamond_3.68gcc_300|gauss,1.0,0,5400,0.016285103278298914,2.945496001921292,0.3427325042369542
diamond_3.68gcc_300|gauss,1.0,0,5400,0.018326206185398135,2.4958395397974047,0.29041130427283113
diamond_3.68gcc_300|gauss,1.0,0,5400,0.020623131914506758,2.1026301769138573,0.2446581850893081
diamond_3.68gcc_300|gauss,1.0,0,5400,0.023207944168063883,1.7606755189353427,0.20486896921937622
diamond_3.68gcc_300|gauss,1.0,0,5400,0.026116725371334214,1.4651718892874819,0.17048470968065724
diamond_3.68gcc_300|gauss,1.0,0,5400,0.029390080361374554,1.2116598287880922,0.14098651199423995
diamond_3.68gcc_300|gauss,1.0,0,5400,0.03307370320615074,0.9959175955580563,0.11588314202993771
diamond_3.68gcc_300|gauss,1.0,0,5400,0.03721901506625844,0.8138746130258802,0.09470095497508527
diamond_3.68gcc_300|gauss,1.0,0,5400,0.04188388200341457,0.6615793634320013,0.07698015948167593
diamond_3.68gcc_300|gauss,1.0,0,5400,0.047133422755894265,0.5352214515953654,0.06227738496571183
diamond_3.68gcc_300|gauss,1.0,0,5400,0.05304091775697241,0.4311874431117858,0.050172178837396546
diamond_3.68gcc_300|gauss,1.0,0,5400,0.05968883208572181,0.34612517030006346,0.040274489022902746
diamond_3.68gcc_300|gauss,1.0,0,5400,0.067169966629945,0.27699679399826377,0.032230838137518376
diamond_3.68gcc_300|gauss,1.0,0,5400,0.0755887535307831,0.22111038730563942,0.025727998511841012
diamond_3.68gcc_300|gauss,1.0,0,5400,0.08506271399262945,0.17612825880410285,0.02049396066653958
diamond_3.68gcc_300|gauss,1.0,0,5400,0.09572409880849786,0.14005556916342327,0.016296608761445085
diamond_3.68gcc_300|gauss,1.0,0,5400,0.10772173450159415,0.11121502794993027,0.01294077636269051
diamond_3.68gcc_300|gauss,1.0,0,5400,0.1212231008541164,0.08821353448317792,0.010264364834069251
diamond_3.68gcc_300|gauss,1.0,0,5400,0.1364166688243384,0.06990559271118066,0.008134086359120354
diamond_3.68gcc_300|gauss,1.0,0,5400,0.15351453148789246,0.05535695350833418,0.006441233425699622
diamond_3.68gcc_300|gauss,1.0,0,5400,0.1727553647296109,0.0438106524117657,0.005097727039366204
diamond_3.68gcc_300|gauss,1.0,0,5400,0.19440775901540433,0.034656596116257245,0.00403257786379808
diamond_3.68gcc_300|gauss,1.0,0,5400,0.2187739687537092,0.027405135910156156,0.003188811274337247
diamond_3.68gcc_300|gauss,1.0,0,5400,0.24619413158533693,0.021664609185403517,0.002520854129350361
diamond_3.68gcc_300|gauss,1.0,0,5400,0.27705101650047453,0.017122568160319925,0.0019923505788928247
diamond_3.68gcc_300|gauss,1.0,0,5400,0.3117753670636956,0.013530287651750267,0.0015743594175330416
diamond_3.68gcc_300|gauss,1.0,0,5400,0.35085191433519125,0.010690102598049044,0.001243880701786545
diamond_3.68gcc_300|gauss,1.0,0,5400,0.3948261434249862,0.008445135785390316,0.0009826604872184388
diamond_3.68gcc_300|gauss,1.0,0,5400,0.4443119081371701,0.006671012985680258,0.0007762268171092669
diamond_3.68gcc_300|gauss,1.0,0,5400,0.5,0.005269211260942186,0.0006131157433716767
diamond_3.68gcc_300|shuffle,1.0,0,5400,0.004999999999999999,8.5941428222091,0.9999986723134171
diamond_3.68gcc_300|shuffle,1.0,0,5400,0.005626677913003822,8.594002393892234,0.9999823323324176
diamond_3.68gcc_300|shuffle,1.0,0,5400,0.006331900867337016,8.592578582243021,0.9998166602242979
diamond_3.68gcc_300|shuffle,1.0,0,5400,0.007125513351514988,8.581555057563138,0.9985339831415282
diamond_3.68gcc_300|shuffle,1.0,0,5400,0.008018593718756654,8.519854012673035,0.9913545628960321
diamond_3.68gcc_300|shuffle,1.0,0,5400,0.00902360883413585,8.291843462038877,0.9648236740541126
diamond_3.68gcc_300|shuffle,1.0,0,5400,0.010154588104523677,7.7574999115923085,0.9026484400534687
diamond_3.68gcc_300|shuffle,1.0,0,5400,0.011427319320674952,6.918041116005017,0.8049705565908185
diamond_3.68gcc_300|shuffle,1.0,0,5400,0.01285956904529672,5.93224091112328,0.6902646555554626
diamond_3.68gcc_300|shuffle,1.0,0,5400,0.01447133062358375,4.961445078039323,0.5773046356611441
diamond_3.68gcc_300|shuffle,1.0,0,5400,0.016285103278298914,4.089599736820166,0.47585831323923095
diamond_3.68gcc_300|shuffle,1.0,0,5400,0.018326206185398135,3.3414149003760265,0.3888009000024269
diamond_3.68gcc_300|shuffle,1.0,0,5400,0.020623131914506758,2.7137100411171002,0.3157623156026558
diamond_3.68gcc_300|shuffle,1.0,0,5400,0.023207944168063883,2.193685020977638,0.2552531594870085
diamond_3.68gcc_300|shuffle,1.0,0,5400,0.026116725371334214,1.7664918205444053,0.20554574339071144
diamond_3.68gcc_300|shuffle,1.0,0,5400,0.029390080361374554,1.417845745487784,0.1649779265209556
diamond_3.68gcc_300|shuffle,1.0,0,5400,0.03307370320615074,1.1348421649426692,0.1320481497346405
diamond_3.68gcc_300|shuffle,1.0,0,5400,0.03721901506625844,0.9061749665081652,0.10544085456086137
diamond_3.68gcc_300|shuffle,1.0,0,5400,0.04188388200341457,0.722133607855948,0.08402614013147429
diamond_3.68gcc_300|shuffle,1.0,0,5400,0.047133422755894265,0.5745017457112218,0.06684796783552735
diamond_3.68gcc_300|shuffle,1.0,0,5400,0.05304091775697241,0.45641000331070497,0.053107029611121646
diamond_3.68gcc_300|shuffle,1.0,0,5400,0.05968883208572181,0.3621714926927477,0.04214160962121654
diamond_3.68gcc_300|shuffle,1.0,0,5400,0.067169966629945,0.2871169249240691,0.03340839798249683
diamond_3.68gcc_300|shuffle,1.0,0,5400,0.0755887535307831,0.22743903010083433,0.02646438776248114
diamond_3.68gcc_300|shuffle,1.0,0,5400,0.08506271399262945,0.18005147286086026,0.02095045864767859
diamond_3.68gcc_300|shuffle,1.0,0,5400,0.09572409880849786,0.14246452184833877,0.01657691007088529
diamond_3.68gcc_300|shuffle,1.0,0,5400,0.10772173450159415,0.11267785610404131,0.013110988359651217
diamond_3.68gcc_300|shuffle,1.0,0,5400,0.1212231008541164,0.08908973225259657,0.010366317597041534
diamond_3.68gcc_300|shuffle,1.0,0,5400,0.1364166688243384,0.07042107806497373,0.008194067287998794
diamond_3.68gcc_300|shuffle,1.0,0,5400,0.15351453148789246,0.055652768054340294,0.0064756538628946685
diamond_3.68gcc_300|shuffle,1.0,0,5400,0.1727553647296109,0.04397426032072921,0.005116764155123773
diamond_3.68gcc_300|shuffle,1.0,0,5400,0.19440775901540433,0.034741843716804735,0.004042497118007481
diamond_3.68gcc_300|shuffle,1.0,0,5400,0.2187739687537092,0.0274448965953211,0.00319343775462711
diamond_3.68gcc_300|shuffle,1.0,0,5400,0.24619413158533693,0.021678748439188652,0.0025224993469485724
diamond_3.68gcc_300|shuffle,1.0,0,5400,0.27705101650047453,0.01712293461685458,0.0019923932191020575
diamond_3.68gcc_300|shuffle,1.0,0,5400,0.3117753670636956,0.01352382499636459,0.001573607434823539
diamond_3.68gcc_300|shuffle,1.0,0,5400,0.35085191433519125,0.01068077996242341,0.0012427959370297848
diamond_3.68gcc_300|shuffle,1.0,0,5400,0.3948261434249862,0.008435138626454564,0.000981497236168337
diamond_3.68gcc_300|shuffle,1.0,0,5400,0.4443119081371701,0.006661473098003166,0.0007751167733028668
diamond_3.68gcc_300|shuffle,1.0,0,5400,0.5,0.005260650847442497,0.0006121196693813747
graphite_0.0gcc_CC|real,1.0,0,3072,0.004999999999999999,2.7841521914937375,0.34671519735157696
graphite_0.0gcc_CC|real,1.0,0,3072,0.005626677913003822,2.7816559786882826,0.34640433973462664
graphite_0.0gcc_CC|real,1.0,0,3072,0.006331900867337016,2.7791635114456974,0.346093948558977
graphite_0.0gcc_CC|real,1.0,0,3072,0.007125513351514988,2.77581159746884,0.3456765290229537
graphite_0.0gcc_CC|real,1.0,0,3072,0.008018593718756654,2.770271797934381,0.34498664838541293
graphite_0.0gcc_CC|real,1.0,0,3072,0.00902360883413585,2.7610047787404213,0.34383261075826344
graphite_0.0gcc_CC|real,1.0,0,3072,0.010154588104523677,2.7467619346435197,0.3420589252115493
graphite_0.0gcc_CC|real,1.0,0,3072,0.011427319320674952,2.7270783763805984,0.3396076982963825
graphite_0.0gcc_CC|real,1.0,0,3072,0.01285956904529672,2.7023666653471694,0.33653030698349823
graphite_0.0gcc_CC|real,1.0,0,3072,0.01447133062358375,2.6733658174969386,0.3329187821837849
graphite_0.0gcc_CC|real,1.0,0,3072,0.016285103278298914,2.64024626963951,0.3287943486823884
graphite_0.0gcc_CC|real,1.0,0,3072,0.018326206185398135,2.602077576323801,0.3240411365282397
graphite_0.0gcc_CC|real,1.0,0,3072,0.020623131914506758,2.5569876470103607,0.3184260111093628
graphite_0.0gcc_CC|real,1.0,0,3072,0.023207944168063883,2.502662295982934,0.3116607829511412
graphite_0.0gcc_CC|real,1.0,0,3072,0.026116725371334214,2.4368059199743706,0.303459576682881
graphite_0.0gcc_CC|real,1.0,0,3072,0.029390080361374554,2.3575691542122077,0.29359208777093704
graphite_0.0gcc_CC|real,1.0,0,3072,0.03307370320615074,2.263951674506424,0.28193374414629
graphite_0.0gcc_CC|real,1.0,0,3072,0.03721901506625844,2.1559947951127283,0.2684896907433172
graphite_0.0gcc_CC|real,1.0,0,3072,0.04188388200341457,2.034690319716497,0.2533834385581344
graphite_0.0gcc_CC|real,1.0,0,3072,0.047133422755894265,1.9017600007205495,0.23682940033942598
graphite_0.0gcc_CC|real,1.0,0,3072,0.05304091775697241,1.7594833816134094,0.21911145150639855
graphite_0.0gcc_CC|real,1.0,0,3072,0.05968883208572181,1.610629139455921,0.20057438011212123
graphite_0.0gcc_CC|real,1.0,0,3072,0.067169966629945,1.458419933192899,0.18161950934412024
graphite_0.0gcc_CC|real,1.0,0,3072,0.0755887535307831,1.3063767346657194,0.16268531180119306
graphite_0.0gcc_CC|real,1.0,0,3072,0.08506271399262945,1.1579405425876341,0.14420030089277064
graphite_0.0gcc_CC|real,1.0,0,3072,0.09572409880849786,1.0160018195414722,0.1265244308296554
graphite_0.0gcc_CC|real,1.0,0,3072,0.10772173450159415,0.882628377448293,0.10991520973963087
graphite_0.0gcc_CC|real,1.0,0,3072,0.1212231008541164,0.7591329637775321,0.09453611629291087
graphite_0.0gcc_CC|real,1.0,0,3072,0.1364166688243384,0.6463356906795154,0.08048928044737602
graphite_0.0gcc_CC|real,1.0,0,3072,0.15351453148789246,0.5447697972004545,0.06784110736640346
graphite_0.0gcc_CC|real,1.0,0,3072,0.1727553647296109,0.4547165068817997,0.05662661829487044
graphite_0.0gcc_CC|real,1.0,0,3072,0.19440775901540433,0.37613949563397625,0.046841289732257096
graphite_0.0gcc_CC|real,1.0,0,3072,0.2187739687537092,0.30863953557043683,0.038435405152327774
graphite_0.0gcc_CC|real,1.0,0,3072,0.24619413158533693,0.2514845411679211,0.031317796702458996
graphite_0.0gcc_CC|real,1.0,0,3072,0.27705101650047453,0.20370011830247384,0.02536712142876427
graphite_0.0gcc_CC|real,1.0,0,3072,0.3117753670636956,0.164181085838279,0.020445749248813344
graphite_0.0gcc_CC|real,1.0,0,3072,0.35085191433519125,0.13179234379803942,0.016412324236071453
graphite_0.0gcc_CC|real,1.0,0,3072,0.3948261434249862,0.10544399764959218,0.013131119974803937
graphite_0.0gcc_CC|real,1.0,0,3072,0.4443119081371701,0.08413849037501527,0.010477908996629216
graphite_0.0gcc_CC|real,1.0,0,3072,0.5,0.06699418700116767,0.008342899802131938
graphite_0.0gcc_CC|gauss,1.0,0,3072,0.004999999999999999,7.9063581438876485,0.9845921974256485
graphite_0.0gcc_CC|gauss,1.0,0,3072,0.005626677913003822,7.817317630953178,0.973503831240538
graphite_0.0gcc_CC|gauss,1.0,0,3072,0.006331900867337016,7.684726150648682,0.9569919891791144
graphite_0.0gcc_CC|gauss,1.0,0,3072,0.007125513351514988,7.502003967715608,0.9342372856432556
graphite_0.0gcc_CC|gauss,1.0,0,3072,0.008018593718756654,7.268139976670752,0.9051138059512054
graphite_0.0gcc_CC|gauss,1.0,0,3072,0.00902360883413585,6.987597588323038,0.87017738622579
graphite_0.0gcc_CC|gauss,1.0,0,3072,0.010154588104523677,6.6685623279736115,0.8304473838242987
graphite_0.0gcc_CC|gauss,1.0,0,3072,0.011427319320674952,6.3209311622125455,0.787156284792194
graphite_0.0gcc_CC|gauss,1.0,0,3072,0.01285956904529672,5.954820797235031,0.7415639397208803
graphite_0.0gcc_CC|gauss,1.0,0,3072,0.01447133062358375,5.579483967123675,0.6948226072883473
graphite_0.0gcc_CC|gauss,1.0,0,3072,0.016285103278298914,5.202578145560886,0.6478858856876544
graphite_0.0gcc_CC|gauss,1.0,0,3072,0.018326206185398135,4.829959549250096,0.6014830595233815
graphite_0.0gcc_CC|gauss,1.0,0,3072,0.020623131914506758,4.465870768998276,0.5561424658287611
graphite_0.0gcc_CC|gauss,1.0,0,3072,0.023207944168063883,4.113245542953796,0.5122294479942145
graphite_0.0gcc_CC|gauss,1.0,0,3072,0.026116725371334214,3.77399563512691,0.4699820812363662
graphite_0.0gcc_CC|gauss,1.0,0,3072,0.029390080361374554,3.449270856668843,0.4295435534892062
graphite_0.0gcc_CC|gauss,1.0,0,3072,0.03307370320615074,3.139694555928065,0.3909914913804451
graphite_0.0gcc_CC|gauss,1.0,0,3072,0.03721901506625844,2.845559570520905,0.35436236247541475
graphite_0.0gcc_CC|gauss,1.0,0,3072,0.04188388200341457,2.566983645556164,0.31967082977233785
graphite_0.0gcc_CC|gauss,1.0,0,3072,0.047133422755894265,2.3040219375083684,0.28692376200059233
graphite_0.0gcc_CC|gauss,1.0,0,3072,0.05304091775697241,2.056730509038435,0.25612814073848533
graphite_0.0gcc_CC|gauss,1.0,0,3072,0.05968883208572181,1.8251848301612867,0.2272933643950543
graphite_0.0gcc_CC|gauss,1.0,0,3072,0.067169966629945,1.60946826508773,0.20042981445694713
graphite_0.0gcc_CC|gauss,1.0,0,3072,0.0755887535307831,1.4096501547503977,0.17554612606818212
graphite_0.0gcc_CC|gauss,1.0,0,3072,0.08506271399262945,1.2257666565247372,0.15264680196808592
graphite_0.0gcc_CC|gauss,1.0,0,3072,0.09572409880849786,1.0578040999482612,0.131730139750765
graphite_0.0gcc_CC|gauss,1.0,0,3072,0.10772173450159415,0.9056765062913037,0.1127854323391008
graphite_0.0gcc_CC|gauss,1.0,0,3072,0.1212231008541164,0.7691917567658216,0.09578875485437625
graphite_0.0gcc_CC|gauss,1.0,0,3072,0.1364166688243384,0.6480099827293936,0.08069778287776445
graphite_0.0gcc_CC|gauss,1.0,0,3072,0.15351453148789246,0.5416054878672059,0.0674470505550299
graphite_0.0gcc_CC|gauss,1.0,0,3072,0.1727553647296109,0.44924554284797713,0.0559453098590437
graphite_0.0gcc_CC|gauss,1.0,0,3072,0.19440775901540433,0.3699952940813298,0.04607614188566946
graphite_0.0gcc_CC|gauss,1.0,0,3072,0.2187739687537092,0.3027501100251966,0.037701984994319156
graphite_0.0gcc_CC|gauss,1.0,0,3072,0.24619413158533693,0.2462888074959669,0.030670763170685237
graphite_0.0gcc_CC|gauss,1.0,0,3072,0.27705101650047453,0.1993366513775153,0.02482373148742188
graphite_0.0gcc_CC|gauss,1.0,0,3072,0.3117753670636956,0.1606267633559708,0.020003123438101653
graphite_0.0gcc_CC|gauss,1.0,0,3072,0.35085191433519125,0.1289514539966561,0.016058543407871745
graphite_0.0gcc_CC|gauss,1.0,0,3072,0.3948261434249862,0.10319910212080147,0.012851559324823536
graphite_0.0gcc_CC|gauss,1.0,0,3072,0.4443119081371701,0.08237596103995147,0.010258418227370397
graphite_0.0gcc_CC|gauss,1.0,0,3072,0.5,0.0656148284978097,0.008171125946819182
graphite_0.0gcc_CC|shuffle,1.0,0,3072,0.004999999999999999,8.030084094277655,1.0000000000012568
graphite_0.0gcc_CC|shuffle,1.0,0,3072,0.005626677913003822,8.030084094275578,1.000000000000998
graphite_0.0gcc_CC|shuffle,1.0,0,3072,0.006331900867337016,8.030084094274164,1.000000000000822
graphite_0.0gcc_CC|shuffle,1.0,0,3072,0.007125513351514988,8.030084094272736,1.0000000000006442
graphite_0.0gcc_CC|shuffle,1.0,0,3072,0.008018593718756654,8.030084094271496,1.0000000000004898
graphite_0.0gcc_CC|shuffle,1.0,0,3072,0.00902360883413585,8.030084094270855,1.00000000000041
graphite_0.0gcc_CC|shuffle,1.0,0,3072,0.010154588104523677,8.030084094270402,1.0000000000003535
graphite_0.0gcc_CC|shuffle,1.0,0,3072,0.011427319320674952,8.030084094269828,1.000000000000282
graphite_0.0gcc_CC|shuffle,1.0,0,3072,0.01285956904529672,8.030084094269117,1.0000000000001936
graphite_0.0gcc_CC|shuffle,1.0,0,3072,0.01447133062358375,8.0300840942469,0.9999999999974268
graphite_0.0gcc_CC|shuffle,1.0,0,3072,0.016285103278298914,8.030084092463913,0.9999999997753883
graphite_0.0gcc_CC|shuffle,1.0,0,3072,0.018326206185398135,8.030084016810987,0.9999999903542011
graphite_0.0gcc_CC|shuffle,1.0,0,3072,0.020623131914506758,8.030082028935727,0.9999997428007213
graphite_0.0gcc_CC|shuffle,1.0,0,3072,0.023207944168063883,8.03004575979545,0.999995226143131
graphite_0.0gcc_CC|shuffle,1.0,0,3072,0.026116725371334214,8.029558775606889,0.9999345811756755
graphite_0.0gcc_CC|shuffle,1.0,0,3072,0.029390080361374554,8.024663752376584,0.9993249956255318
graphite_0.0gcc_CC|shuffle,1.0,0,3072,0.03307370320615074,7.9885184167631,0.9948237556398524
graphite_0.0gcc_CC|shuffle,1.0,0,3072,0.03721901506625844,7.808276376207158,0.972377908443232
graphite_0.0gcc_CC|shuffle,1.0,0,3072,0.04188388200341457,7.274084900742406,0.9058541374348941
graphite_0.0gcc_CC|shuffle,1.0,0,3072,0.047133422755894265,6.357254772011192,0.7916797255646981
graphite_0.0gcc_CC|shuffle,1.0,0,3072,0.05304091775697241,5.30999208668305,0.6612623260662606
graphite_0.0gcc_CC|shuffle,1.0,0,3072,0.05968883208572181,4.3401047728253666,0.5404806128896754
graphite_0.0gcc_CC|shuffle,1.0,0,3072,0.067169966629945,3.511456392362593,0.4372876237833321
graphite_0.0gcc_CC|shuffle,1.0,0,3072,0.0755887535307831,2.824379881643012,0.3517248198757037
graphite_0.0gcc_CC|shuffle,1.0,0,3072,0.08506271399262945,2.262571183108518,0.28176182920969656
graphite_0.0gcc_CC|shuffle,1.0,0,3072,0.09572409880849786,1.8070163176373526,0.22503080869692604
graphite_0.0gcc_CC|shuffle,1.0,0,3072,0.10772173450159415,1.4397773181195186,0.17929791285091679
graphite_0.0gcc_CC|shuffle,1.0,0,3072,0.1212231008541164,1.1450355658964881,0.14259322224457086
graphite_0.0gcc_CC|shuffle,1.0,0,3072,0.1364166688243384,0.9092872877599527,0.11323508908319724
graphite_0.0gcc_CC|shuffle,1.0,0,3072,0.15351453148789246,0.7212308793413694,0.08981610539499015
graphite_0.0gcc_CC|shuffle,1.0,0,3072,0.1727553647296109,0.5715362074207508,0.07117437385602891
graphite_0.0gcc_CC|shuffle,1.0,0,3072,0.19440775901540433,0.45257759230977374,0.05636025563329472
graphite_0.0gcc_CC|shuffle,1.0,0,3072,0.2187739687537092,0.3581695609875382,0.04460346327421711
graphite_0.0gcc_CC|shuffle,1.0,0,3072,0.24619413158533693,0.2833240351483075,0.03528282292218634
graphite_0.0gcc_CC|shuffle,1.0,0,3072,0.27705101650047453,0.22403670082706853,0.027899670563475372
graphite_0.0gcc_CC|shuffle,1.0,0,3072,0.3117753670636956,0.1771043124481937,0.022055100590369057
graphite_0.0gcc_CC|shuffle,1.0,0,3072,0.35085191433519125,0.13997150507023234,0.017430889070035246
graphite_0.0gcc_CC|shuffle,1.0,0,3072,0.3948261434249862,0.11060416670441418,0.013773724584450017
graphite_0.0gcc_CC|shuffle,1.0,0,3072,0.4443119081371701,0.08738586448117784,0.010882310005141789
graphite_0.0gcc_CC|shuffle,1.0,0,3072,0.5,0.06903379793430968,0.008596896013030653
graphite_2.39gcc_300|real,1.0,0,9600,0.004999999999999999,8.721482943115358,0.9511386077329749
graphite_2.39gcc_300|real,1.0,0,9600,0.005626677913003822,8.630437074486995,0.9412094200831407
graphite_2.39gcc_300|real,1.0,0,9600,0.006331900867337016,8.465475091924942,0.9232191641316801
graphite_2.39gcc_300|real,1.0,0,9600,0.007125513351514988,8.170515235089967,0.8910517323546568
graphite_2.39gcc_300|real,1.0,0,9600,0.008018593718756654,7.7130691189402825,0.8411640395316231
graphite_2.39gcc_300|real,1.0,0,9600,0.00902360883413585,7.113605355286782,0.7757883306909783
graphite_2.39gcc_300|real,1.0,0,9600,0.010154588104523677,6.430725180564472,0.7013154798157096
graphite_2.39gcc_300|real,1.0,0,9600,0.011427319320674952,5.725507276877695,0.6244065436363988
graphite_2.39gcc_300|real,1.0,0,9600,0.01285956904529672,5.0411551345801735,0.5497731644198783
graphite_2.39gcc_300|real,1.0,0,9600,0.01447133062358375,4.401217827210243,0.47998353305349456
graphite_2.39gcc_300|real,1.0,0,9600,0.016285103278298914,3.815121851751845,0.41606567484849144
graphite_2.39gcc_300|real,1.0,0,9600,0.018326206185398135,3.284606407352351,0.35820926161485717
graphite_2.39gcc_300|real,1.0,0,9600,0.020623131914506758,2.8084091963576427,0.3062766309801358
graphite_2.39gcc_300|real,1.0,0,9600,0.023207944168063883,2.384310163335902,0.2600256703992152
graphite_2.39gcc_300|real,1.0,0,9600,0.026116725371334214,2.0096852544160684,0.21917020847649504
graphite_2.39gcc_300|real,1.0,0,9600,0.029390080361374554,1.681711713243495,0.18340240392321283
graphite_2.39gcc_300|real,1.0,0,9600,0.03307370320615074,1.3973696251175303,0.1523929139564284
graphite_2.39gcc_300|real,1.0,0,9600,0.03721901506625844,1.1533401599959299,0.125779796988195
graphite_2.39gcc_300|real,1.0,0,9600,0.04188388200341457,0.9459947255064386,0.10316732968573904
graphite_2.39gcc_300|real,1.0,0,9600,0.047133422755894265,0.771499024724033,0.08413735519859272
graphite_2.39gcc_300|real,1.0,0,9600,0.05304091775697241,0.6259613635619459,0.06826545711505713
graphite_2.39gcc_300|real,1.0,0,9600,0.05968883208572181,0.5055743462950049,0.05513641234833054
graphite_2.39gcc_300|real,1.0,0,9600,0.067169966629945,0.4067307748708935,0.04435683076560237
graphite_2.39gcc_300|real,1.0,0,9600,0.0755887535307831,0.3261084901808233,0.03556440772097582
graphite_2.39gcc_300|real,1.0,0,9600,0.08506271399262945,0.2607236227917885,0.02843373141961312
graphite_2.39gcc_300|real,1.0,0,9600,0.09572409880849786,0.20795459623764,0.02267890064421647
graphite_2.39gcc_300|real,1.0,0,9600,0.10772173450159415,0.165541701442609,0.01805347834294197
graphite_2.39gcc_300|real,1.0,0,9600,0.1212231008541164,0.13156855095185335,0.0143484690837554
graphite_2.39gcc_300|real,1.0,0,9600,0.1364166688243384,0.10443190655069506,0.011389028545648607
graphite_2.39gcc_300|real,1.0,0,9600,0.15351453148789246,0.08280553782728163,0.00903052204256075
graphite_2.39gcc_300|real,1.0,0,9600,0.1727553647296109,0.06560243467786744,0.0071544035332495575
graphite_2.39gcc_300|real,1.0,0,9600,0.19440775901540433,0.051938306727576225,0.005664234978280991
graphite_2.39gcc_300|real,1.0,0,9600,0.2187739687537092,0.04109811296253468,0.004482036162725627
graphite_2.39gcc_300|real,1.0,0,9600,0.24619413158533693,0.03250646810218081,0.0035450573044382393
graphite_2.39gcc_300|real,1.0,0,9600,0.27705101650047453,0.02570216102997899,0.0028030001110167383
graphite_2.39gcc_300|real,1.0,0,9600,0.3117753670636956,0.020316642851966524,0.0022156717523917928
graphite_2.39gcc_300|real,1.0,0,9600,0.35085191433519125,0.016056135546594675,0.0017510336841758346
graphite_2.39gcc_300|real,1.0,0,9600,0.3948261434249862,0.012686921024119155,0.0013835973168788312
graphite_2.39gcc_300|real,1.0,0,9600,0.4443119081371701,0.010023351438299554,0.001093116456687938
graphite_2.39gcc_300|real,1.0,0,9600,0.5,0.007918143974807406,0.0008635288843822881
graphite_2.39gcc_300|gauss,1.0,0,9600,0.004999999999999999,9.16733944792266,0.9997623725212631
graphite_2.39gcc_300|gauss,1.0,0,9600,0.005626677913003822,9.15699102661737,0.9986338049259644
graphite_2.39gcc_300|gauss,1.0,0,9600,0.006331900867337016,9.110702836361405,0.9935857545976323
graphite_2.39gcc_300|gauss,1.0,0,9600,0.007125513351514988,8.95480972443784,0.9765845223075219
graphite_2.39gcc_300|gauss,1.0,0,9600,0.008018593718756654,8.58439090050075,0.9361877633187622
graphite_2.39gcc_300|gauss,1.0,0,9600,0.00902360883413585,7.9613202301848025,0.8682375564847999
graphite_2.39gcc_300|gauss,1.0,0,9600,0.010154588104523677,7.162929361710036,0.7811674579682104
graphite_2.39gcc_300|gauss,1.0,0,9600,0.011427319320674952,6.306939801239042,0.6878158199393778
graphite_2.39gcc_300|gauss,1.0,0,9600,0.01285956904529672,5.477890825428581,0.5974022407650613
graphite_2.39gcc_300|gauss,1.0,0,9600,0.01447133062358375,4.715878338883719,0.5142994587892559
graphite_2.39gcc_300|gauss,1.0,0,9600,0.016285103278298914,4.033284211192426,0.4398578033398801
graphite_2.39gcc_300|gauss,1.0,0,9600,0.018326206185398135,3.4299507247798213,0.37406007421422033
graphite_2.39gcc_300|gauss,1.0,0,9600,0.020623131914506758,2.9010179646361096,0.3163762637488703
graphite_2.39gcc_300|gauss,1.0,0,9600,0.023207944168063883,2.440202070107558,0.2661210730660632
graphite_2.39gcc_300|gauss,1.0,0,9600,0.026116725371334214,2.0410666446991814,0.222592568189549
graphite_2.39gcc_300|gauss,1.0,0,9600,0.029390080361374554,1.6974600754548737,0.18511987277633135
graphite_2.39gcc_300|gauss,1.0,0,9600,0.03307370320615074,1.4036118468832472,0.1530736718227373
graphite_2.39gcc_300|gauss,1.0,0,9600,0.03721901506625844,1.1541066450412667,0.12586338753393417
graphite_2.39gcc_300|gauss,1.0,0,9600,0.04188388200341457,0.9438377376997281,0.10293209510547868
graphite_2.39gcc_300|gauss,1.0,0,9600,0.047133422755894265,0.767981970496023,0.08375379587920066
graphite_2.39gcc_300|gauss,1.0,0,9600,0.05304091775697241,0.6220056559041889,0.06783405957650347
graphite_2.39gcc_300|gauss,1.0,0,9600,0.05968883208572181,0.5016932025829464,0.05471314652865558
graphite_2.39gcc_300|gauss,1.0,0,9600,0.067169966629945,0.40318393053672547,0.043970022627141336
graphite_2.39gcc_300|gauss,1.0,0,9600,0.0755887535307831,0.32300348001121915,0.03522578468301583
graphite_2.39gcc_300|gauss,1.0,0,9600,0.08506271399262945,0.2580809852161151,0.028145533341274506
graphite_2.39gcc_300|gauss,1.0,0,9600,0.09572409880849786,0.20574876472485354,0.022438339316785173
graphite_2.39gcc_300|gauss,1.0,0,9600,0.10772173450159415,0.1637257572716124,0.017855436952299113
graphite_2.39gcc_300|gauss,1.0,0,9600,0.1212231008541164,0.13008853999106015,0.014187063555147492
graphite_2.39gcc_300|gauss,1.0,0,9600,0.1364166688243384,0.10323462077213573,0.011258456172130825
graphite_2.39gcc_300|gauss,1.0,0,9600,0.15351453148789246,0.08184234710015913,0.008925479368837494
graphite_2.39gcc_300|gauss,1.0,0,9600,0.1727553647296109,0.06483082554154457,0.00707025416961232
graphite_2.39gcc_300|gauss,1.0,0,9600,0.19440775901540433,0.0513221556356787,0.005597039399785572
graphite_2.39gcc_300|gauss,1.0,0,9600,0.2187739687537092,0.040607311454512844,0.004428510831533913
graphite_2.39gcc_300|gauss,1.0,0,9600,0.24619413158533693,0.03211625879314919,0.003502502254874133
graphite_2.39gcc_300|gauss,1.0,0,9600,0.27705101650047453,0.02539238475430052,0.0027692168453176277
graphite_2.39gcc_300|gauss,1.0,0,9600,0.3117753670636956,0.020071002517252683,0.002188882958847546
graphite_2.39gcc_300|gauss,1.0,0,9600,0.35085191433519125,0.01586152707786352,0.0017298102719179329
graphite_2.39gcc_300|gauss,1.0,0,9600,0.3948261434249862,0.012532850666988657,0.0013667948687252516
graphite_2.39gcc_300|gauss,1.0,0,9600,0.4443119081371701,0.009901441921705684,0.0010798213727396255
graphite_2.39gcc_300|gauss,1.0,0,9600,0.5,0.007821723639059041,0.0008530135735688628
graphite_2.39gcc_300|shuffle,1.0,0,9600,0.004999999999999999,9.16951837300103,0.9999999995141622
graphite_2.39gcc_300|shuffle,1.0,0,9600,0.005626677913003822,9.169518208849922,0.9999999816123379
graphite_2.39gcc_300|shuffle,1.0,0,9600,0.006331900867337016,9.16951387947216,0.9999995094634654
graphite_2.39gcc_300|shuffle,1.0,0,9600,0.007125513351514988,9.169431406963621,0.999990515260592
graphite_2.39gcc_300|shuffle,1.0,0,9600,0.008018593718756654,9.16829208716805,0.9998662644822336
graphite_2.39gcc_300|shuffle,1.0,0,9600,0.00902360883413585,9.156921989861996,0.9986262759857811
graphite_2.39gcc_300|shuffle,1.0,0,9600,0.010154588104523677,9.078875811257722,0.990114795296004
graphite_2.39gcc_300|shuffle,1.0,0,9600,0.011427319320674952,8.75363995150303,0.9546455540156427
graphite_2.39gcc_300|shuffle,1.0,0,9600,0.01285956904529672,7.996628914838174,0.8720882150690263
graphite_2.39gcc_300|shuffle,1.0,0,9600,0.01447133062358375,6.923659105275846,0.7550733659358024
graphite_2.39gcc_300|shuffle,1.0,0,9600,0.016285103278298914,5.8037017565978095,0.6329341975982865
graphite_2.39gcc_300|shuffle,1.0,0,9600,0.018326206185398135,4.789625371365062,0.5223420875779888
graphite_2.39gcc_300|shuffle,1.0,0,9600,0.020623131914506758,3.920242756944768,0.42752984350661555
graphite_2.39gcc_300|shuffle,1.0,0,9600,0.023207944168063883,3.1905929999549727,0.3479564431431129
graphite_2.39gcc_300|shuffle,1.0,0,9600,0.026116725371334214,2.5848015988975845,0.28189066126445067
graphite_2.39gcc_300|shuffle,1.0,0,9600,0.029390080361374554,2.0856381122730294,0.22745339792335825
graphite_2.39gcc_300|shuffle,1.0,0,9600,0.03307370320615074,1.6769279441070593,0.18288070049894167
graphite_2.39gcc_300|shuffle,1.0,0,9600,0.03721901506625844,1.3441475467355535,0.1465886747160308
graphite_2.39gcc_300|shuffle,1.0,0,9600,0.04188388200341457,1.074537447558029,0.11718581100179419
graphite_2.39gcc_300|shuffle,1.0,0,9600,0.047133422755894265,0.8570619151119837,0.0934685857895379
graphite_2.39gcc_300|shuffle,1.0,0,9600,0.05304091775697241,0.6823039866524243,0.07441001354334259
graphite_2.39gcc_300|shuffle,1.0,0,9600,0.05968883208572181,0.5423255399610794,0.059144386611889525
graphite_2.39gcc_300|shuffle,1.0,0,9600,0.067169966629945,0.43050804328697295,0.04694990789760726
graphite_2.39gcc_300|shuffle,1.0,0,9600,0.0755887535307831,0.34138608124613923,0.037230535693724885
graphite_2.39gcc_300|shuffle,1.0,0,9600,0.08506271399262945,0.27048359069593636,0.029498124062976326
graphite_2.39gcc_300|shuffle,1.0,0,9600,0.09572409880849786,0.21416016724556333,0.023355661489494917
graphite_2.39gcc_300|shuffle,1.0,0,9600,0.10772173450159415,0.1694720627945515,0.018482111689880412
graphite_2.39gcc_300|shuffle,1.0,0,9600,0.1212231008541164,0.1340500767235376,0.014619096794997606
graphite_2.39gcc_300|shuffle,1.0,0,9600,0.1364166688243384,0.10599471213385933,0.011559463405892366
graphite_2.39gcc_300|shuffle,1.0,0,9600,0.15351453148789246,0.08378775607236333,0.00913763979996626
graphite_2.39gcc_300|shuffle,1.0,0,9600,0.1727553647296109,0.06621875232300967,0.007221617275539174
graphite_2.39gcc_300|shuffle,1.0,0,9600,0.19440775901540433,0.05232452929932205,0.005706355246308959
graphite_2.39gcc_300|shuffle,1.0,0,9600,0.2187739687537092,0.041339893923364644,0.004508404064601956
graphite_2.39gcc_300|shuffle,1.0,0,9600,0.24619413158533693,0.03265770231716142,0.0035615504514886266
graphite_2.39gcc_300|shuffle,1.0,0,9600,0.27705101650047453,0.02579669656795925,0.0028133098714740253
graphite_2.39gcc_300|shuffle,1.0,0,9600,0.3117753670636956,0.020375705900322418,0.0022221129901890914
graphite_2.39gcc_300|shuffle,1.0,0,9600,0.35085191433519125,0.016093021325304102,0.0017550563358780347
graphite_2.39gcc_300|shuffle,1.0,0,9600,0.3948261434249862,0.012709949299850629,0.001386108711129165
graphite_2.39gcc_300|shuffle,1.0,0,9600,0.4443119081371701,0.01003772461014252,0.0010946839514298977
graphite_2.39gcc_300|shuffle,1.0,0,9600,0.5,0.00792711321837851,0.0008645070430163506
graphite_2.56gcc_1500|real,1.0,0,9600,0.004999999999999999,8.961111609419342,0.9772717868640766
graphite_2.56gcc_1500|real,1.0,0,9600,0.005626677913003822,8.960332583992574,0.9771868287021862
graphite_2.56gcc_1500|real,1.0,0,9600,0.006331900867337016,8.959068254289324,0.9770489447205849
graphite_2.56gcc_1500|real,1.0,0,9600,0.007125513351514988,8.956339838770369,0.9767513919586357
graphite_2.56gcc_1500|real,1.0,0,9600,0.008018593718756654,8.948954116616171,0.9759459273911231
graphite_2.56gcc_1500|real,1.0,0,9600,0.00902360883413585,8.92619651324324,0.9734640518513038
graphite_2.56gcc_1500|real,1.0,0,9600,0.010154588104523677,8.857512537591008,0.9659735847596953
graphite_2.56gcc_1500|real,1.0,0,9600,0.011427319320674952,8.681693853423024,0.9467993296973739
graphite_2.56gcc_1500|real,1.0,0,9600,0.01285956904529672,8.329257312531466,0.9083636642257767
graphite_2.56gcc_1500|real,1.0,0,9600,0.01447133062358375,7.778337154088942,0.8482819744614584
graphite_2.56gcc_1500|real,1.0,0,9600,0.016285103278298914,7.075600464467554,0.7716436319996417
graphite_2.56gcc_1500|real,1.0,0,9600,0.018326206185398135,6.299306619876547,0.6869833682174573
graphite_2.56gcc_1500|real,1.0,0,9600,0.020623131914506758,5.518110817242217,0.601788511685519
graphite_2.56gcc_1500|real,1.0,0,9600,0.023207944168063883,4.775372792872252,0.5207877443828379
graphite_2.56gcc_1500|real,1.0,0,9600,0.026116725371334214,4.092109073555964,0.44627306529171434
graphite_2.56gcc_1500|real,1.0,0,9600,0.029390080361374554,3.475738699318536,0.37905357252611516
graphite_2.56gcc_1500|real,1.0,0,9600,0.03307370320615074,2.927351779149006,0.31924815008235974
graphite_2.56gcc_1500|real,1.0,0,9600,0.03721901506625844,2.4454889158790065,0.26669764050982847
graphite_2.56gcc_1500|real,1.0,0,9600,0.04188388200341457,2.0273035491498916,0.22109160652692478
graphite_2.56gcc_1500|real,1.0,0,9600,0.047133422755894265,1.6687961248635077,0.181993868834637
graphite_2.56gcc_1500|real,1.0,0,9600,0.05304091775697241,1.3649933750498897,0.14886205783783002
graphite_2.56gcc_1500|real,1.0,0,9600,0.05968883208572181,1.1102592300890528,0.1210815207937991
graphite_2.56gcc_1500|real,1.0,0,9600,0.067169966629945,0.8986687049666525,0.09800609671889737
graphite_2.56gcc_1500|real,1.0,0,9600,0.0755887535307831,0.724352365761977,0.07899568286409256
graphite_2.56gcc_1500|real,1.0,0,9600,0.08506271399262945,0.5817578748304152,0.06344475804320523
graphite_2.56gcc_1500|real,1.0,0,9600,0.09572409880849786,0.46581728286516116,0.050800627000259266
graphite_2.56gcc_1500|real,1.0,0,9600,0.10772173450159415,0.3720323241172013,0.04057272244874667
graphite_2.56gcc_1500|real,1.0,0,9600,0.1212231008541164,0.29649784425678344,0.03233516004349254
graphite_2.56gcc_1500|real,1.0,0,9600,0.1364166688243384,0.2358832855980745,0.025724719215135052
graphite_2.56gcc_1500|real,1.0,0,9600,0.15351453148789246,0.18738872719482558,0.020436049035632814
graphite_2.56gcc_1500|real,1.0,0,9600,0.1727553647296109,0.14868782367250147,0.01621544529951144
graphite_2.56gcc_1500|real,1.0,0,9600,0.19440775901540433,0.11786621345040717,0.01285413351045696
graphite_2.56gcc_1500|real,1.0,0,9600,0.2187739687537092,0.09336093873902022,0.010181662209059568
graphite_2.56gcc_1500|real,1.0,0,9600,0.24619413158533693,0.07390415813791217,0.008059764438622215
graphite_2.56gcc_1500|real,1.0,0,9600,0.27705101650047453,0.0584728323700302,0.006376870623193344
graphite_2.56gcc_1500|real,1.0,0,9600,0.3117753670636956,0.046244989187451256,0.005043338950183976
graphite_2.56gcc_1500|real,1.0,0,9600,0.35085191433519125,0.03656249588069362,0.00398739545258841
graphite_2.56gcc_1500|real,1.0,0,9600,0.3948261434249862,0.028899876569136992,0.003151733316789014
graphite_2.56gcc_1500|real,1.0,0,9600,0.4443119081371701,0.02283851720898586,0.002490699758575802
graphite_2.56gcc_1500|real,1.0,0,9600,0.5,0.018045535371974793,0.001967991624984507
graphite_2.56gcc_1500|gauss,1.0,0,9600,0.004999999999999999,9.169518326841995,0.9999999944801973
graphite_2.56gcc_1500|gauss,1.0,0,9600,0.005626677913003822,9.169517582278381,0.9999999132803367
graphite_2.56gcc_1500|gauss,1.0,0,9600,0.006331900867337016,9.169509154826043,0.9999989942078193
graphite_2.56gcc_1500|gauss,1.0,0,9600,0.007125513351514988,9.169432719203508,0.9999906583695136
graphite_2.56gcc_1500|gauss,1.0,0,9600,0.008018593718756654,9.168858303229621,0.999928014297029
graphite_2.56gcc_1500|gauss,1.0,0,9600,0.00902360883413585,9.16525232130351,0.9995347567912721
graphite_2.56gcc_1500|gauss,1.0,0,9600,0.010154588104523677,9.146547632791192,0.9974948799141717
graphite_2.56gcc_1500|gauss,1.0,0,9600,0.011427319320674952,9.069913956037707,0.9891374424132126
graphite_2.56gcc_1500|gauss,1.0,0,9600,0.01285956904529672,8.839970560603199,0.9640605096923136
graphite_2.56gcc_1500|gauss,1.0,0,9600,0.01447133062358375,8.357132086707315,0.9114036029693843
graphite_2.56gcc_1500|gauss,1.0,0,9600,0.016285103278298914,7.625274500747934,0.8315894234418403
graphite_2.56gcc_1500|gauss,1.0,0,9600,0.018326206185398135,6.753738481449562,0.7365423355335898
graphite_2.56gcc_1500|gauss,1.0,0,9600,0.020623131914506758,5.860700553770714,0.6391503143916223
graphite_2.56gcc_1500|gauss,1.0,0,9600,0.023207944168063883,5.018077756501906,0.5472564152157974
graphite_2.56gcc_1500|gauss,1.0,0,9600,0.026116725371334214,4.256073445786022,0.464154524871225
graphite_2.56gcc_1500|gauss,1.0,0,9600,0.029390080361374554,3.5822465857622547,0.39066900117344494
graphite_2.56gcc_1500|gauss,1.0,0,9600,0.03307370320615074,2.994432202588659,0.3265637386092966
graphite_2.56gcc_1500|gauss,1.0,0,9600,0.03721901506625844,2.486851022028978,0.2712084669728261
graphite_2.56gcc_1500|gauss,1.0,0,9600,0.04188388200341457,2.0525198772341557,0.22384162316315953
graphite_2.56gcc_1500|gauss,1.0,0,9600,0.047133422755894265,1.684103426997637,0.18366323700688078
graphite_2.56gcc_1500|gauss,1.0,0,9600,0.05304091775697241,1.3742518407547957,0.1498717581649125
graphite_2.56gcc_1500|gauss,1.0,0,9600,0.05968883208572181,1.1157919654357373,0.12168490421252774
graphite_2.56gcc_1500|gauss,1.0,0,9600,0.067169966629945,0.9018716867701928,0.09835540424756922
graphite_2.56gcc_1500|gauss,1.0,0,9600,0.0755887535307831,0.7260828825196551,0.07918440779886478
graphite_2.56gcc_1500|gauss,1.0,0,9600,0.08506271399262945,0.5825602472705582,0.0635322623599113
graphite_2.56gcc_1500|gauss,1.0,0,9600,0.09572409880849786,0.4660474132190846,0.05082572432210872
graphite_2.56gcc_1500|gauss,1.0,0,9600,0.10772173450159415,0.3719261392404269,0.04056114224655901
graphite_2.56gcc_1500|gauss,1.0,0,9600,0.1212231008541164,0.2962108408398799,0.03230386031704135
graphite_2.56gcc_1500|gauss,1.0,0,9600,0.1364166688243384,0.23551547812001553,0.025684607241646538
graphite_2.56gcc_1500|gauss,1.0,0,9600,0.15351453148789246,0.18700175764625465,0.02039384730456673
graphite_2.56gcc_1500|gauss,1.0,0,9600,0.1727553647296109,0.1483172528980112,0.016175031969253947
graphite_2.56gcc_1500|gauss,1.0,0,9600,0.19440775901540433,0.1175304172362942,0.01281751258880217
graphite_2.56gcc_1500|gauss,1.0,0,9600,0.2187739687537092,0.09306743416586855,0.010149653486128897
graphite_2.56gcc_1500|gauss,1.0,0,9600,0.24619413158533693,0.07365396853062453,0.008032479515141093
graphite_2.56gcc_1500|gauss,1.0,0,9600,0.27705101650047453,0.058263391505172055,0.0063540296345790375
graphite_2.56gcc_1500|gauss,1.0,0,9600,0.3117753670636956,0.046071996331203686,0.005024472871386109
graphite_2.56gcc_1500|gauss,1.0,0,9600,0.35085191433519125,0.03642104570293336,0.003971969323108368
graphite_2.56gcc_1500|gauss,1.0,0,9600,0.3948261434249862,0.0287851065897068,0.0031392168492161516
graphite_2.56gcc_1500|gauss,1.0,0,9600,0.4443119081371701,0.022745946261464506,0.0024806042504246927
graphite_2.56gcc_1500|gauss,1.0,0,9600,0.5,0.017971212159092767,0.0019598861597002284
graphite_2.56gcc_1500|shuffle,1.0,0,9600,0.004999999999999999,9.169518377463778,1.000000000000856
graphite_2.56gcc_1500|shuffle,1.0,0,9600,0.005626677913003822,9.169518377462355,1.000000000000701
graphite_2.56gcc_1500|shuffle,1.0,0,9600,0.006331900867337016,9.169518377413743,0.9999999999953995
graphite_2.56gcc_1500|shuffle,1.0,0,9600,0.007125513351514988,9.169518374743216,0.9999999997041599
graphite_2.56gcc_1500|shuffle,1.0,0,9600,0.008018593718756654,9.169518285048106,0.9999999899222819
graphite_2.56gcc_1500|shuffle,1.0,0,9600,0.00902360883413585,9.16951616361549,0.9999997585652435
graphite_2.56gcc_1500|shuffle,1.0,0,9600,0.010154588104523677,9.16947848635158,0.9999956495965538
graphite_2.56gcc_1500|shuffle,1.0,0,9600,0.011427319320674952,9.168970254298106,0.9999402233426818
graphite_2.56gcc_1500|shuffle,1.0,0,9600,0.01285956904529672,9.16377814600028,0.9993739876818655
graphite_2.56gcc_1500|shuffle,1.0,0,9600,0.01447133062358375,9.124820705600815,0.9951254068081693
graphite_2.56gcc_1500|shuffle,1.0,0,9600,0.016285103278298914,8.931127135408548,0.9740017706236911
graphite_2.56gcc_1500|shuffle,1.0,0,9600,0.018326206185398135,8.369258673422802,0.9127260919176917
graphite_2.56gcc_1500|shuffle,1.0,0,9600,0.020623131914506758,7.414166176929595,0.8085665867858424
graphite_2.56gcc_1500|shuffle,1.0,0,9600,0.023207944168063883,6.303186510290555,0.6874064973562294
graphite_2.56gcc_1500|shuffle,1.0,0,9600,0.026116725371334214,5.242857557951646,0.5717702219608038
graphite_2.56gcc_1500|shuffle,1.0,0,9600,0.029390080361374554,4.311472524466912,0.47019618119388346
graphite_2.56gcc_1500|shuffle,1.0,0,9600,0.03307370320615074,3.5203632480481852,0.3839201911305734
graphite_2.56gcc_1500|shuffle,1.0,0,9600,0.03721901506625844,2.8590962165783793,0.3118044044284507
graphite_2.56gcc_1500|shuffle,1.0,0,9600,0.04188388200341457,2.311789303858502,0.25211676433761676
graphite_2.56gcc_1500|shuffle,1.0,0,9600,0.047133422755894265,1.8621570450057103,0.20308122720861635
graphite_2.56gcc_1500|shuffle,1.0,0,9600,0.05304091775697241,1.4950481235026203,0.1630454361897925
graphite_2.56gcc_1500|shuffle,1.0,0,9600,0.05968883208572181,1.1969126551776212,0.1305316818078839
graphite_2.56gcc_1500|shuffle,1.0,0,9600,0.067169966629945,0.9559100000246896,0.10424865959971015
graphite_2.56gcc_1500|shuffle,1.0,0,9600,0.0755887535307831,0.7618682676630503,0.08308705389981777
graphite_2.56gcc_1500|shuffle,1.0,0,9600,0.08506271399262945,0.606169996085028,0.06610707030975047
graphite_2.56gcc_1500|shuffle,1.0,0,9600,0.09572409880849786,0.4815999435479462,0.05252183634115422
graphite_2.56gcc_1500|shuffle,1.0,0,9600,0.10772173450159415,0.38217709816201845,0.04167908088843953
graphite_2.56gcc_1500|shuffle,1.0,0,9600,0.1212231008541164,0.302985595083457,0.03304269456816553
graphite_2.56gcc_1500|shuffle,1.0,0,9600,0.1364166688243384,0.24001404525621212,0.026175207396531085
graphite_2.56gcc_1500|shuffle,1.0,0,9600,0.15351453148789246,0.19000889011721572,0.020721796096114426
graphite_2.56gcc_1500|shuffle,1.0,0,9600,0.1727553647296109,0.15034452991340616,0.01639612068208964
graphite_2.56gcc_1500|shuffle,1.0,0,9600,0.19440775901540433,0.11891096028231317,0.012968070446825897
graphite_2.56gcc_1500|shuffle,1.0,0,9600,0.2187739687537092,0.09401833286921167,0.010253355628836959
graphite_2.56gcc_1500|shuffle,1.0,0,9600,0.24619413158533693,0.07431707457744437,0.008104795859307012
graphite_2.56gcc_1500|shuffle,1.0,0,9600,0.27705101650047453,0.0587318120459749,0.006405114165033166
graphite_2.56gcc_1500|shuffle,1.0,0,9600,0.3117753670636956,0.04640722907500655,0.005061032342669472
graphite_2.56gcc_1500|shuffle,1.0,0,9600,0.35085191433519125,0.036664036078462824,0.003998469120101727
graphite_2.56gcc_1500|shuffle,1.0,0,9600,0.3948261434249862,0.028963378725372663,0.0031586586702941444
graphite_2.56gcc_1500|shuffle,1.0,0,9600,0.4443119081371701,0.02287820668041703,0.0024950281725444954
graphite_2.56gcc_1500|shuffle,1.0,0,9600,0.5,0.018070329680987724,0.0019706956174945054
graphite_2.67gcc_3000|real,1.0,0,15000,0.004999999999999999,9.363274394558639,0.9737379165948463
graphite_2.67gcc_3000|real,1.0,0,15000,0.005626677913003822,9.362919142503934,0.9737009719982194
graphite_2.67gcc_3000|real,1.0,0,15000,0.006331900867337016,9.3626259278313,0.9736704790069415
graphite_2.67gcc_3000|real,1.0,0,15000,0.007125513351514988,9.362341651456253,0.9736409155579268
graphite_2.67gcc_3000|real,1.0,0,15000,0.008018593718756654,9.361867088500862,0.9735915631707165
graphite_2.67gcc_3000|real,1.0,0,15000,0.00902360883413585,9.360371997351667,0.9734360804966657
graphite_2.67gcc_3000|real,1.0,0,15000,0.010154588104523677,9.354563996529892,0.9728320748484854
graphite_2.67gcc_3000|real,1.0,0,15000,0.011427319320674952,9.33276358556096,0.9705649313404263
graphite_2.67gcc_3000|real,1.0,0,15000,0.01285956904529672,9.261482190754814,0.963151990744469
graphite_2.67gcc_3000|real,1.0,0,15000,0.01447133062358375,9.074613762888891,0.9437185248478311
graphite_2.67gcc_3000|real,1.0,0,15000,0.016285103278298914,8.700501211487408,0.9048125224150322
graphite_2.67gcc_3000|real,1.0,0,15000,0.018326206185398135,8.121759402371586,0.8446260086264082
graphite_2.67gcc_3000|real,1.0,0,15000,0.020623131914506758,7.39216780616928,0.7687518036299168
graphite_2.67gcc_3000|real,1.0,0,15000,0.023207944168063883,6.593660260561762,0.6857106535919573
graphite_2.67gcc_3000|real,1.0,0,15000,0.026116725371334214,5.7934668600786425,0.602494182320733
graphite_2.67gcc_3000|real,1.0,0,15000,0.029390080361374554,5.032154376189352,0.5233211493942587
graphite_2.67gcc_3000|real,1.0,0,15000,0.03307370320615074,4.3296125734690465,0.45025999979266096
graphite_2.67gcc_3000|real,1.0,0,15000,0.03721901506625844,3.693387479325541,0.3840954860177916
graphite_2.67gcc_3000|real,1.0,0,15000,0.04188388200341457,3.1248466855873414,0.32496983139471025
graphite_2.67gcc_3000|real,1.0,0,15000,0.047133422755894265,2.622671607895286,0.2727459091520933
graphite_2.67gcc_3000|real,1.0,0,15000,0.05304091775697241,2.1842840666328485,0.22715560034536894
graphite_2.67gcc_3000|real,1.0,0,15000,0.05968883208572181,1.8061306512266702,0.1878293664495829
graphite_2.67gcc_3000|real,1.0,0,15000,0.067169966629945,1.4836248465325843,0.15429023076697787
graphite_2.67gcc_3000|real,1.0,0,15000,0.0755887535307831,1.211448422191272,0.1259851215480958
graphite_2.67gcc_3000|real,1.0,0,15000,0.08506271399262945,0.9839767996344203,0.10232910822420142
graphite_2.67gcc_3000|real,1.0,0,15000,0.09572409880849786,0.7955768984603634,0.08273637607459014
graphite_2.67gcc_3000|real,1.0,0,15000,0.10772173450159415,0.640779777928618,0.06663818015617733
graphite_2.67gcc_3000|real,1.0,0,15000,0.1212231008541164,0.514434798027431,0.0534988773528017
graphite_2.67gcc_3000|real,1.0,0,15000,0.1364166688243384,0.41187049955393146,0.04283265717125537
graphite_2.67gcc_3000|real,1.0,0,15000,0.15351453148789246,0.3289848246212085,0.03421292426334759
graphite_2.67gcc_3000|real,1.0,0,15000,0.1727553647296109,0.2622563166894747,0.02727346317816469
graphite_2.67gcc_3000|real,1.0,0,15000,0.19440775901540433,0.2087093679299724,0.021704824246105866
graphite_2.67gcc_3000|real,1.0,0,15000,0.2187739687537092,0.16585903596241705,0.017248584770764536
graphite_2.67gcc_3000|real,1.0,0,15000,0.24619413158533693,0.1316493896618123,0.013690937273479196
graphite_2.67gcc_3000|real,1.0,0,15000,0.27705101650047453,0.10439250525896199,0.010856345365468674
graphite_2.67gcc_3000|real,1.0,0,15000,0.3117753670636956,0.08271161395341554,0.008601631358363337
graphite_2.67gcc_3000|real,1.0,0,15000,0.35085191433519125,0.06548999035272894,0.006810660894541565
graphite_2.67gcc_3000|real,1.0,0,15000,0.3948261434249862,0.05182613470187658,0.005389682102993412
graphite_2.67gcc_3000|real,1.0,0,15000,0.4443119081371701,0.04099521823567416,0.004263316091468456
graphite_2.67gcc_3000|real,1.0,0,15000,0.5,0.03241642606792951,0.0033711607555985167
graphite_2.67gcc_3000|gauss,1.0,0,15000,0.004999999999999999,9.615805479893165,0.9999999999801179
graphite_2.67gcc_3000|gauss,1.0,0,15000,0.005626677913003822,9.615805475761068,0.9999999995503986
graphite_2.67gcc_3000|gauss,1.0,0,15000,0.006331900867337016,9.615805417595343,0.999999993501428
graphite_2.67gcc_3000|gauss,1.0,0,15000,0.007125513351514988,9.615804752186097,0.9999999243018953
graphite_2.67gcc_3000|gauss,1.0,0,15000,0.008018593718756654,9.615798144244264,0.9999992371060232
graphite_2.67gcc_3000|gauss,1.0,0,15000,0.00902360883413585,9.615741388093484,0.9999933347246889
graphite_2.67gcc_3000|gauss,1.0,0,15000,0.010154588104523677,9.615323533501709,0.9999498797491654
graphite_2.67gcc_3000|gauss,1.0,0,15000,0.011427319320674952,9.612699183504043,0.999676959295117
graphite_2.67gcc_3000|gauss,1.0,0,15000,0.01285956904529672,9.598820927121192,0.998233683803366
graphite_2.67gcc_3000|gauss,1.0,0,15000,0.01447133062358375,9.539597776013943,0.9920747456644957
graphite_2.67gcc_3000|gauss,1.0,0,15000,0.016285103278298914,9.35064510820435,0.9724245283009124
graphite_2.67gcc_3000|gauss,1.0,0,15000,0.018326206185398135,8.924625955981808,0.9281204756549967
graphite_2.67gcc_3000|gauss,1.0,0,15000,0.020623131914506758,8.23422106511283,0.8563215096402513
graphite_2.67gcc_3000|gauss,1.0,0,15000,0.023207944168063883,7.366889680022793,0.7661229935735111
graphite_2.67gcc_3000|gauss,1.0,0,15000,0.026116725371334214,6.444023209439158,0.6701490814041127
graphite_2.67gcc_3000|gauss,1.0,0,15000,0.029390080361374554,5.551616100692449,0.577342804218597
graphite_2.67gcc_3000|gauss,1.0,0,15000,0.03307370320615074,4.731496631104808,0.4920541124614456
graphite_2.67gcc_3000|gauss,1.0,0,15000,0.03721901506625844,3.9979522122235807,0.41576883189909447
graphite_2.67gcc_3000|gauss,1.0,0,15000,0.04188388200341457,3.3524468851035576,0.3486392161371125
graphite_2.67gcc_3000|gauss,1.0,0,15000,0.047133422755894265,2.791200401217677,0.29027213653589773
graphite_2.67gcc_3000|gauss,1.0,0,15000,0.05304091775697241,2.308302825191444,0.24005298671778
graphite_2.67gcc_3000|gauss,1.0,0,15000,0.05968883208572181,1.8969059130331125,0.19726958047995719
graphite_2.67gcc_3000|gauss,1.0,0,15000,0.067169966629945,1.5497372432000391,0.16116561908513619
graphite_2.67gcc_3000|gauss,1.0,0,15000,0.0755887535307831,1.259405139702964,0.13097240187640702
graphite_2.67gcc_3000|gauss,1.0,0,15000,0.08506271399262945,1.0186414942324673,0.10593407867309854
graphite_2.67gcc_3000|gauss,1.0,0,15000,0.09572409880849786,0.8205102878550691,0.08532933507800865
graphite_2.67gcc_3000|gauss,1.0,0,15000,0.10772173450159415,0.6585743189491564,0.06848873142381616
graphite_2.67gcc_3000|gauss,1.0,0,15000,0.1212231008541164,0.5270100399663017,0.054806645273535515
graphite_2.67gcc_3000|gauss,1.0,0,15000,0.1364166688243384,0.42066802986336055,0.04374756027819217
graphite_2.67gcc_3000|gauss,1.0,0,15000,0.15351453148789246,0.3350848311730894,0.034847297178285906
graphite_2.67gcc_3000|gauss,1.0,0,15000,0.1727553647296109,0.26645698175204097,0.027710313223776203
graphite_2.67gcc_3000|gauss,1.0,0,15000,0.19440775901540433,0.21158959499609967,0.022004354750554258
graphite_2.67gcc_3000|gauss,1.0,0,15000,0.2187739687537092,0.16783077651867087,0.01745363681350163
graphite_2.67gcc_3000|gauss,1.0,0,15000,0.24619413158533693,0.13300079661768577,0.013831477445456718
graphite_2.67gcc_3000|gauss,1.0,0,15000,0.27705101650047453,0.10532227384121036,0.010953037065833667
graphite_2.67gcc_3000|gauss,1.0,0,15000,0.3117753670636956,0.08335525142671651,0.008668566725830372
graphite_2.67gcc_3000|gauss,1.0,0,15000,0.35085191433519125,0.06593920347410341,0.006857377014403271
graphite_2.67gcc_3000|gauss,1.0,0,15000,0.3948261434249862,0.05214271311200071,0.005422604816621491
graphite_2.67gcc_3000|gauss,1.0,0,15000,0.4443119081371701,0.04122073799777998,0.004286769120190065
graphite_2.67gcc_3000|gauss,1.0,0,15000,0.5,0.032578904784225295,0.0033880578025107387
graphite_2.67gcc_3000|shuffle,1.0,0,15000,0.004999999999999999,9.615805480094291,1.000000000001034
graphite_2.67gcc_3000|shuffle,1.0,0,15000,0.005626677913003822,9.615805480092614,1.0000000000008598
graphite_2.67gcc_3000|shuffle,1.0,0,15000,0.006331900867337016,9.615805480090517,1.0000000000006415
graphite_2.67gcc_3000|shuffle,1.0,0,15000,0.007125513351514988,9.615805480088678,1.0000000000004503
graphite_2.67gcc_3000|shuffle,1.0,0,15000,0.008018593718756654,9.615805479978695,0.9999999999890127
graphite_2.67gcc_3000|shuffle,1.0,0,15000,0.00902360883413585,9.615805474321553,0.9999999994006956
graphite_2.67gcc_3000|shuffle,1.0,0,15000,0.010154588104523677,9.61580528900079,0.9999999801281798
graphite_2.67gcc_3000|shuffle,1.0,0,15000,0.011427319320674952,9.615800936766533,0.9999995275156279
graphite_2.67gcc_3000|shuffle,1.0,0,15000,0.01285956904529672,9.615725248904425,0.9999916563224903
graphite_2.67gcc_3000|shuffle,1.0,0,15000,0.01447133062358375,9.614743583385515,0.9998895675769407
graphite_2.67gcc_3000|shuffle,1.0,0,15000,0.016285103278298914,9.605268517238072,0.9989042038269078
graphite_2.67gcc_3000|shuffle,1.0,0,15000,0.018326206185398135,9.540427625131548,0.9921610461953585
graphite_2.67gcc_3000|shuffle,1.0,0,15000,0.020623131914506758,9.26243965638092,0.9632515628113217
graphite_2.67gcc_3000|shuffle,1.0,0,15000,0.023207944168063883,8.579968947809792,0.8922777156401599
graphite_2.67gcc_3000|shuffle,1.0,0,15000,0.026116725371334214,7.554502286416632,0.7856338506496459
graphite_2.67gcc_3000|shuffle,1.0,0,15000,0.029390080361374554,6.432890632068134,0.6689913440316085
graphite_2.67gcc_3000|shuffle,1.0,0,15000,0.03307370320615074,5.383018763341005,0.5598094485677748
graphite_2.67gcc_3000|shuffle,1.0,0,15000,0.03721901506625844,4.46121175834373,0.46394571599680456
graphite_2.67gcc_3000|shuffle,1.0,0,15000,0.04188388200341457,3.6730699916692395,0.38198255978416695
graphite_2.67gcc_3000|shuffle,1.0,0,15000,0.047133422755894265,3.0081459693142656,0.31283348810919154
graphite_2.67gcc_3000|shuffle,1.0,0,15000,0.05304091775697241,2.452052659656537,0.2550023151711081
graphite_2.67gcc_3000|shuffle,1.0,0,15000,0.05968883208572181,1.9901963222327428,0.20697135839059064
graphite_2.67gcc_3000|shuffle,1.0,0,15000,0.067169966629945,1.6089422999063578,0.1673226754886731
graphite_2.67gcc_3000|shuffle,1.0,0,15000,0.0755887535307831,1.296047245403642,0.13478301407905283
graphite_2.67gcc_3000|shuffle,1.0,0,15000,0.08506271399262945,1.0406974030004401,0.10822779278926423
graphite_2.67gcc_3000|shuffle,1.0,0,15000,0.09572409880849786,0.8333932358143,0.0866691030242211
graphite_2.67gcc_3000|shuffle,1.0,0,15000,0.10772173450159415,0.6658526347768283,0.06924564313992213
graphite_2.67gcc_3000|shuffle,1.0,0,15000,0.1212231008541164,0.5309577528256767,0.05521718944142153
graphite_2.67gcc_3000|shuffle,1.0,0,15000,0.1364166688243384,0.4226892560206784,0.04395775859818773
graphite_2.67gcc_3000|shuffle,1.0,0,15000,0.15351453148789246,0.3360231009563209,0.034944872964856745
graphite_2.67gcc_3000|shuffle,1.0,0,15000,0.1727553647296109,0.2668069601377977,0.027746709382837614
graphite_2.67gcc_3000|shuffle,1.0,0,15000,0.19440775901540433,0.21163488425727398,0.022009064627565404
graphite_2.67gcc_3000|shuffle,1.0,0,15000,0.2187739687537092,0.16773020579781264,0.017443177916317557
graphite_2.67gcc_3000|shuffle,1.0,0,15000,0.24619413158533693,0.13284086334109557,0.013814845112687359
graphite_2.67gcc_3000|shuffle,1.0,0,15000,0.27705101650047453,0.10514828400265507,0.010934942914603627
graphite_2.67gcc_3000|shuffle,1.0,0,15000,0.3117753670636956,0.08318947930951301,0.00865132718021489
graphite_2.67gcc_3000|shuffle,1.0,0,15000,0.35085191433519125,0.06579132777096741,0.0068419986143886
graphite_2.67gcc_3000|shuffle,1.0,0,15000,0.3948261434249862,0.0520157370186991,0.005409399880897219
graphite_2.67gcc_3000|shuffle,1.0,0,15000,0.4443119081371701,0.04111430231809135,0.004275700293984182
graphite_2.67gcc_3000|shuffle,1.0,0,15000,0.5,0.032491110738987874,0.003378927621433423
