scope,subsample,rep,n,h,H,f_uniq
HD liquid_2.0gcc_6000,1.0,0,5576,0.004999999999999999,8.610315338187833,0.9981554375580131
HD liquid_2.0gcc_6000,1.0,0,5576,0.005626677913003822,8.610314933908516,0.9981553906917157
HD liquid_2.0gcc_6000,1.0,0,5576,0.006331900867337016,8.610312955638364,0.9981551613596841
HD liquid_2.0gcc_6000,1.0,0,5576,0.007125513351514988,8.610306063633084,0.9981543624002644
HD liquid_2.0gcc_6000,1.0,0,5576,0.008018593718756654,8.610287438270635,0.9981522032451029
HD liquid_2.0gcc_6000,1.0,0,5576,0.00902360883413585,8.610245053571436,0.9981472897760472
HD liquid_2.0gcc_6000,1.0,0,5576,0.010154588104523677,8.610157619839296,0.9981371539736131
HD liquid_2.0gcc_6000,1.0,0,5576,0.011427319320674952,8.609984547416854,0.9981170904599361
HD liquid_2.0gcc_6000,1.0,0,5576,0.01285956904529672,8.609639213900504,0.9980770574862787
HD liquid_2.0gcc_6000,1.0,0,5576,0.01447133062358375,8.608899116026361,0.9979912612420779
HD liquid_2.0gcc_6000,1.0,0,5576,0.016285103278298914,8.607092927919062,0.9977818779140879
HD liquid_2.0gcc_6000,1.0,0,5576,0.018326206185398135,8.602124621843057,0.9972059243594924
HD liquid_2.0gcc_6000,1.0,0,5576,0.020623131914506758,8.587866356297635,0.995553027255807
HD liquid_2.0gcc_6000,1.0,0,5576,0.023207944168063883,8.548733101642258,0.9910164836578779
HD liquid_2.0gcc_6000,1.0,0,5576,0.026116725371334214,8.453417305193272,0.9799669486787382
HD liquid_2.0gcc_6000,1.0,0,5576,0.029390080361374554,8.258352788192862,0.9573539896091621
HD liquid_2.0gcc_6000,1.0,0,5576,0.03307370320615074,7.9295267628575905,0.9192346557279398
HD liquid_2.0gcc_6000,1.0,0,5576,0.03721901506625844,7.465969842743174,0.8654965703900303
HD liquid_2.0gcc_6000,1.0,0,5576,0.04188388200341457,6.900120823303377,0.7999002184090847
HD liquid_2.0gcc_6000,1.0,0,5576,0.047133422755894265,6.278640366159555,0.727854762084984
HD liquid_2.0gcc_6000,1.0,0,5576,0.05304091775697241,5.643774581595384,0.6542576044789501
HD liquid_2.0gcc_6000,1.0,0,5576,0.05968883208572181,5.024928943793469,0.5825175910044792
HD liquid_2.0gcc_6000,1.0,0,5576,0.067169966629945,4.438970289178772,0.5145900187477663
HD liquid_2.0gcc_6000,1.0,0,5576,0.0755887535307831,3.894067341950196,0.45142185145599073
HD liquid_2.0gcc_6000,1.0,0,5576,0.08506271399262945,3.393404691733005,0.3933822643946332
HD liquid_2.0gcc_6000,1.0,0,5576,0.09572409880849786,2.937651142256899,0.3405487889958468
HD liquid_2.0gcc_6000,1.0,0,5576,0.10772173450159415,2.526305367791488,0.29286330880464445
HD liquid_2.0gcc_6000,1.0,0,5576,0.1212231008541164,2.158291868901615,0.2502011459704331
HD liquid_2.0gcc_6000,1.0,0,5576,0.1364166688243384,1.8320708806243016,0.21238380241155244
HD liquid_2.0gcc_6000,1.0,0,5576,0.15351453148789246,1.5455048115490586,0.17916347669380936
HD liquid_2.0gcc_6000,1.0,0,5576,0.1727553647296109,1.2957601748400054,0.15021169533146062
HD liquid_2.0gcc_6000,1.0,0,5576,0.19440775901540433,1.0795352405786687,0.12514570350751877
HD liquid_2.0gcc_6000,1.0,0,5576,0.2187739687537092,0.8935510015307829,0.10358538054438705
HD liquid_2.0gcc_6000,1.0,0,5576,0.24619413158533693,0.7348692304421421,0.08519011086698196
HD liquid_2.0gcc_6000,1.0,0,5576,0.27705101650047453,0.6008006048044727,0.06964813331679225
HD liquid_2.0gcc_6000,1.0,0,5576,0.3117753670636956,0.4886577610326251,0.05664791382452369
HD liquid_2.0gcc_6000,1.0,0,5576,0.35085191433519125,0.3956869520468349,0.04587022277855732
HD liquid_2.0gcc_6000,1.0,0,5576,0.3948261434249862,0.3191797646738917,0.037001085924779166
HD liquid_2.0gcc_6000,1.0,0,5576,0.4443119081371701,0.2566077181781303,0.029747387773693564
HD liquid_2.0gcc_6000,1.0,0,5576,0.5,0.20570129817877894,0.023846033649808626
HD liquid_2.0gcc_6000,0.25,0,1394,0.004999999999999999,7.232971285353185,0.9990384846986518
HD liquid_2.0gcc_6000,0.25,0,1394,0.005626677913003822,7.232971285317082,0.9990384846936651
HD liquid_2.0gcc_6000,0.25,0,1394,0.006331900867337016,7.2329712839361555,0.9990384845029276
HD liquid_2.0gcc_6000,0.25,0,1394,0.007125513351514988,7.232971258559614,0.9990384809978478
HD liquid_2.0gcc_6000,0.25,0,1394,0.008018593718756654,7.232971004174778,0.9990384458614936
HD liquid_2.0gcc_6000,0.25,0,1394,0.00902360883413585,7.232969408817096,0.999038225506171
HD liquid_2.0gcc_6000,0.25,0,1394,0.010154588104523677,7.232962379150995,0.9990372545487742
HD liquid_2.0gcc_6000,0.25,0,1394,0.011427319320674952,7.232938293268594,0.9990339277384626
HD liquid_2.0gcc_6000,0.25,0,1394,0.01285956904529672,7.232867842383047,0.9990241968625657
HD liquid_2.0gcc_6000,0.25,0,1394,0.01447133062358375,7.2326754302368625,0.9989976203518377
HD liquid_2.0gcc_6000,0.25,0,1394,0.016285103278298914,7.232147150938002,0.9989246529184814
HD liquid_2.0gcc_6000,0.25,0,1394,0.018326206185398135,7.230644981272449,0.9987171689886789
HD liquid_2.0gcc_6000,0.25,0,1394,0.020623131914506758,7.226304778112677,0.9981176878326008
HD liquid_2.0gcc_6000,0.25,0,1394,0.023207944168063883,7.214081991314653,0.9964294418933116
HD liquid_2.0gcc_6000,0.25,0,1394,0.026116725371334214,7.182014874714192,0.9920002409033875
HD liquid_2.0gcc_6000,0.25,0,1394,0.029390080361374554,7.107078618157904,0.9816498328559251
HD liquid_2.0gcc_6000,0.25,0,1394,0.03307370320615074,6.956872518708908,0.9609029408711753
HD liquid_2.0gcc_6000,0.25,0,1394,0.03721901506625844,6.703082023085805,0.9258486786357288
HD liquid_2.0gcc_6000,0.25,0,1394,0.04188388200341457,6.338628055233878,0.8755092641101226
HD liquid_2.0gcc_6000,0.25,0,1394,0.047133422755894265,5.882048122123931,0.8124451502733013
HD liquid_2.0gcc_6000,0.25,0,1394,0.05304091775697241,5.3668436619545785,0.7412836506777111
HD liquid_2.0gcc_6000,0.25,0,1394,0.05968883208572181,4.827865963268418,0.6668385240293899
HD liquid_2.0gcc_6000,0.25,0,1394,0.067169966629945,4.292901655429777,0.5929477382947301
HD liquid_2.0gcc_6000,0.25,0,1394,0.0755887535307831,3.780312804431627,0.5221475140477996
HD liquid_2.0gcc_6000,0.25,0,1394,0.08506271399262945,3.300584196464853,0.45588603966033187
HD liquid_2.0gcc_6000,0.25,0,1394,0.09572409880849786,2.858933347862622,0.3948839732693133
HD liquid_2.0gcc_6000,0.25,0,1394,0.10772173450159415,2.457587881105728,0.33944900040257087
HD liquid_2.0gcc_6000,0.25,0,1394,0.1212231008541164,2.097167223790442,0.2896666781545194
HD liquid_2.0gcc_6000,0.25,0,1394,0.1364166688243384,1.7771335341482384,0.24546271829640232
HD liquid_2.0gcc_6000,0.25,0,1394,0.15351453148789246,1.4958523421973402,0.2066113632039378
HD liquid_2.0gcc_6000,0.25,0,1394,0.1727553647296109,1.2507713329988472,0.17276007990714218
HD liquid_2.0gcc_6000,0.25,0,1394,0.19440775901540433,1.0388405402745717,0.14348759842321968
HD liquid_2.0gcc_6000,0.25,0,1394,0.2187739687537092,0.8570107711999687,0.1183727556009829
HD liquid_2.0gcc_6000,0.25,0,1394,0.24619413158533693,0.7024774964049035,0.09702818189869096
HD liquid_2.0gcc_6000,0.25,0,1394,0.27705101650047453,0.5725333246847633,0.07907992477321403
HD liquid_2.0gcc_6000,0.25,0,1394,0.3117753670636956,0.4643665799350015,0.06413962755560781
HD liquid_2.0gcc_6000,0.25,0,1394,0.35085191433519125,0.37509248001463874,0.05180883596406893
HD liquid_2.0gcc_6000,0.25,0,1394,0.3948261434249862,0.3019184315790818,0.04170182909451866
HD liquid_2.0gcc_6000,0.25,0,1394,0.4443119081371701,0.24228069448138692,0.03346449589487104
HD liquid_2.0gcc_6000,0.25,0,1394,0.5,0.19390905257659904,0.026783267679738515
HD liquid_2.0gcc_6000,0.25,1,1394,0.004999999999999999,7.235954702199564,0.9994505626853937
HD liquid_2.0gcc_6000,0.25,1,1394,0.005626677913003822,7.235954702197551,0.9994505626851157
HD liquid_2.0gcc_6000,0.25,1,1394,0.006331900867337016,7.235954702148999,0.9994505626784096
HD liquid_2.0gcc_6000,0.25,1,1394,0.007125513351514988,7.235954700343296,0.9994505624290007
HD liquid_2.0gcc_6000,0.25,1,1394,0.008018593718756654,7.235954668026506,0.9994505579653141
HD liquid_2.0gcc_6000,0.25,1,1394,0.00902360883413585,7.2359543455569115,0.9994505134249002
HD liquid_2.0gcc_6000,0.25,1,1394,0.010154588104523677,7.23595227160786,0.9994502269651818
HD liquid_2.0gcc_6000,0.25,1,1394,0.011427319320674952,7.235942495883576,0.9994488767144494
HD liquid_2.0gcc_6000,0.25,1,1394,0.01285956904529672,7.235904809365422,0.9994436713457974
HD liquid_2.0gcc_6000,0.25,1,1394,0.01447133062358375,7.235775604330906,0.9994258251803964
HD liquid_2.0gcc_6000,0.25,1,1394,0.016285103278298914,7.235359989342417,0.9993684192607629
HD liquid_2.0gcc_6000,0.25,1,1394,0.018326206185398135,7.234073594874617,0.9991907388125579
HD liquid_2.0gcc_6000,0.25,1,1394,0.020623131914506758,7.23023294066221,0.9986602567722954
HD liquid_2.0gcc_6000,0.25,1,1394,0.023207944168063883,7.219324202310535,0.9971535109270713
HD liquid_2.0gcc_6000,0.25,1,1394,0.026116725371334214,7.19061088088331,0.9931875456276639
HD liquid_2.0gcc_6000,0.25,1,1394,0.029390080361374554,7.122991151068064,0.9838477169811498
HD liquid_2.0gcc_6000,0.25,1,1394,0.03307370320615074,6.985240130824417,0.9648211558210655
HD liquid_2.0gcc_6000,0.25,1,1394,0.03721901506625844,6.746856473560505,0.9318949297468481
HD liquid_2.0gcc_6000,0.25,1,1394,0.04188388200341457,6.395477011431822,0.8833614029913738
HD liquid_2.0gcc_6000,0.25,1,1394,0.047133422755894265,5.945931426674463,0.8212688932770854
HD liquid_2.0gcc_6000,0.25,1,1394,0.05304091775697241,5.432419343839911,0.7503411496334261
HD liquid_2.0gcc_6000,0.25,1,1394,0.05968883208572181,4.892386132883619,0.6757502326401235
HD liquid_2.0gcc_6000,0.25,1,1394,0.067169966629945,4.35530355830076,0.6015668659017736
HD liquid_2.0gcc_6000,0.25,1,1394,0.0755887535307831,3.8401275354453674,0.5304092941485493
HD liquid_2.0gcc_6000,0.25,1,1394,0.08506271399262945,3.357546656093433,0.46375385595697377
HD liquid_2.0gcc_6000,0.25,1,1394,0.09572409880849786,2.9130446363902895,0.4023579777362248
HD liquid_2.0gcc_6000,0.25,1,1394,0.10772173450159415,2.5090800726343967,0.3465612477721665
HD liquid_2.0gcc_6000,0.25,1,1394,0.1212231008541164,2.146281474450088,0.2964504775946587
HD liquid_2.0gcc_6000,0.25,1,1394,0.1364166688243384,1.8240409632478427,0.251941705290817
HD liquid_2.0gcc_6000,0.25,1,1394,0.15351453148789246,1.5406987351690753,0.2128056740495248
HD liquid_2.0gcc_6000,0.25,1,1394,0.1727553647296109,1.2935800889277822,0.17867294655182003
HD liquid_2.0gcc_6000,0.25,1,1394,0.19440775901540433,1.079393980156116,0.14908895442619705
HD liquid_2.0gcc_6000,0.25,1,1394,0.2187739687537092,0.8948610880733336,0.12360074859621346
HD liquid_2.0gcc_6000,0.25,1,1394,0.24619413158533693,0.7370771240840611,0.10180718049332388
HD liquid_2.0gcc_6000,0.25,1,1394,0.27705101650047453,0.6034364578793949,0.08334835307759902
HD liquid_2.0gcc_6000,0.25,1,1394,0.3117753670636956,0.49137724260092674,0.0678704168033291
HD liquid_2.0gcc_6000,0.25,1,1394,0.35085191433519125,0.39827531490407136,0.055010914795193024
HD liquid_2.0gcc_6000,0.25,1,1394,0.3948261434249862,0.3215239570361742,0.04440979981244997
HD liquid_2.0gcc_6000,0.25,1,1394,0.4443119081371701,0.2586619620538575,0.03572712297956367
HD liquid_2.0gcc_6000,0.25,1,1394,0.5,0.20746006553853474,0.02865497197960744
HD liquid_2.0gcc_6000,0.25,2,1394,0.004999999999999999,7.238938119045422,0.9998626406720637
HD liquid_2.0gcc_6000,0.25,2,1394,0.005626677913003822,7.238938119039465,0.9998626406712409
HD liquid_2.0gcc_6000,0.25,2,1394,0.006331900867337016,7.2389381187428015,0.999862640630265
HD liquid_2.0gcc_6000,0.25,2,1394,0.007125513351514988,7.238938110556504,0.9998626394995503
HD liquid_2.0gcc_6000,0.25,2,1394,0.008018593718756654,7.238937998527541,0.9998626240257925
HD liquid_2.0gcc_6000,0.25,2,1394,0.00902360883413585,7.238937125751315,0.9998625034754678
HD liquid_2.0gcc_6000,0.25,2,1394,0.010154588104523677,7.238932761780061,0.9998619007113952
HD liquid_2.0gcc_6000,0.25,2,1394,0.011427319320674952,7.238917089872281,0.9998597360630945
HD liquid_2.0gcc_6000,0.25,2,1394,0.01285956904529672,7.238871266519206,0.9998534068117518
HD liquid_2.0gcc_6000,0.25,2,1394,0.01447133062358375,7.238744560290664,0.9998359057885111
HD liquid_2.0gcc_6000,0.25,2,1394,0.016285103278298914,7.23837170676773,0.9997844062036418
HD liquid_2.0gcc_6000,0.25,2,1394,0.018326206185398135,7.237202391807422,0.999622897108694
HD liquid_2.0gcc_6000,0.25,2,1394,0.020623131914506758,7.2335599447422485,0.9991197920011216
HD liquid_2.0gcc_6000,0.25,2,1394,0.023207944168063883,7.2229022182448235,0.9976477166243146
HD liquid_2.0gcc_6000,0.25,2,1394,0.026116725371334214,7.194542277031068,0.993730561201106
HD liquid_2.0gcc_6000,0.25,2,1394,0.029390080361374554,7.127760709700795,0.9845065019315027
HD liquid_2.0gcc_6000,0.25,2,1394,0.03307370320615074,6.992063074590592,0.9657635601432211
HD liquid_2.0gcc_6000,0.25,2,1394,0.03721901506625844,6.75743235763499,0.9333557008163417
HD liquid_2.0gcc_6000,0.25,2,1394,0.04188388200341457,6.411000907082908,0.8855056074373787
HD liquid_2.0gcc_6000,0.25,2,1394,0.047133422755894265,5.965939218963839,0.8240324262295001
HD liquid_2.0gcc_6000,0.25,2,1394,0.05304091775697241,5.454816211768887,0.7534346684813539
HD liquid_2.0gcc_6000,0.25,2,1394,0.05968883208572181,4.914788855468985,0.6788445601497778
HD liquid_2.0gcc_6000,0.25,2,1394,0.067169966629945,4.376007256995899,0.6044265194184317
HD liquid_2.0gcc_6000,0.25,2,1394,0.0755887535307831,3.8580419608992997,0.5328836853432144
HD liquid_2.0gcc_6000,0.25,2,1394,0.08506271399262945,3.3720242965492275,0.4657535486713992
HD liquid_2.0gcc_6000,0.25,2,1394,0.09572409880849786,2.923953021723222,0.40386467482150007
HD liquid_2.0gcc_6000,0.25,2,1394,0.10772173450159415,2.5167892413247714,0.34762605999149804
HD liquid_2.0gcc_6000,0.25,2,1394,0.1212231008541164,2.1513572124356126,0.29715155290461526
HD liquid_2.0gcc_6000,0.25,2,1394,0.1364166688243384,1.8268826792206017,0.25233421115146076
HD liquid_2.0gcc_6000,0.25,2,1394,0.15351453148789246,1.5414903758674467,0.21291501770547547
HD liquid_2.0gcc_6000,0.25,2,1394,0.1727553647296109,1.2924855088531093,0.17852176005099749
HD liquid_2.0gcc_6000,0.25,2,1394,0.19440775901540433,1.0766720817232014,0.14871299810359567
HD liquid_2.0gcc_6000,0.25,2,1394,0.2187739687537092,0.8909094645471051,0.12305493915995352
HD liquid_2.0gcc_6000,0.25,2,1394,0.24619413158533693,0.7324085755937274,0.10116234734999731
HD liquid_2.0gcc_6000,0.25,2,1394,0.27705101650047453,0.5985559286469565,0.08267424055363859
HD liquid_2.0gcc_6000,0.25,2,1394,0.3117753670636956,0.4866623822013465,0.0672191869278973
HD liquid_2.0gcc_6000,0.25,2,1394,0.35085191433519125,0.39394802515921074,0.0544132172765658
HD liquid_2.0gcc_6000,0.25,2,1394,0.3948261434249862,0.3176853246845823,0.04387959703733107
HD liquid_2.0gcc_6000,0.25,2,1394,0.4443119081371701,0.2553371245823455,0.03526788700884511
HD liquid_2.0gcc_6000,0.25,2,1394,0.5,0.20463112614781961,0.028264230856671218
HD liquid_2.0gcc_6000,0.5,0,2788,0.004999999999999999,7.923135022873741,0.9987464201429155
HD liquid_2.0gcc_6000,0.5,0,2788,0.005626677913003822,7.9231348243312985,0.9987463951157572
HD liquid_2.0gcc_6000,0.5,0,2788,0.006331900867337016,7.923133820982926,0.998746268639231
HD liquid_2.0gcc_6000,0.5,0,2788,0.007125513351514988,7.92313032867657,0.9987458284184773
HD liquid_2.0gcc_6000,0.5,0,2788,0.008018593718756654,7.923121121934394,0.9987446678676647
HD liquid_2.0gcc_6000,0.5,0,2788,0.00902360883413585,7.923100758270887,0.9987421009372804
HD liquid_2.0gcc_6000,0.5,0,2788,0.010154588104523677,7.923058806962513,0.9987368127882159
HD liquid_2.0gcc_6000,0.5,0,2788,0.011427319320674952,7.922971905000485,0.9987258584092702
HD liquid_2.0gcc_6000,0.5,0,2788,0.01285956904529672,7.922783972711551,0.9987021687081279
HD liquid_2.0gcc_6000,0.5,0,2788,0.01447133062358375,7.922349460129355,0.9986473964639692
HD liquid_2.0gcc_6000,0.5,0,2788,0.016285103278298914,7.9212628860182726,0.9985104289630329
HD liquid_2.0gcc_6000,0.5,0,2788,0.018326206185398135,7.918375886526772,0.9981465098326929
HD liquid_2.0gcc_6000,0.5,0,2788,0.020623131914506758,7.9105155548936725,0.9971556800592472
HD liquid_2.0gcc_6000,0.5,0,2788,0.023207944168063883,7.889475788525165,0.9945035239012964
HD liquid_2.0gcc_6000,0.5,0,2788,0.026116725371334214,7.836847678323568,0.9878695164647214
HD liquid_2.0gcc_6000,0.5,0,2788,0.029390080361374554,7.720578825067903,0.9732133102246441
HD liquid_2.0gcc_6000,0.5,0,2788,0.03307370320615074,7.503113902338925,0.9458008891999868
HD liquid_2.0gcc_6000,0.5,0,2788,0.03721901506625844,7.162659882811036,0.9028851453378538
HD liquid_2.0gcc_6000,0.5,0,2788,0.04188388200341457,6.707991645217013,0.8455721911424806
HD liquid_2.0gcc_6000,0.5,0,2788,0.047133422755894265,6.1721597147188,0.7780281923543275
HD liquid_2.0gcc_6000,0.5,0,2788,0.05304091775697241,5.59556987561862,0.7053464778524817
HD liquid_2.0gcc_6000,0.5,0,2788,0.05968883208572181,5.013040011642139,0.6319159967874463
HD liquid_2.0gcc_6000,0.5,0,2788,0.067169966629945,4.448630093355905,0.560769615493407
HD liquid_2.0gcc_6000,0.5,0,2788,0.0755887535307831,3.916060197517959,0.49363681068717113
HD liquid_2.0gcc_6000,0.5,0,2788,0.08506271399262945,3.421893570199594,0.43134490873630615
HD liquid_2.0gcc_6000,0.5,0,2788,0.09572409880849786,2.9688422058306756,0.37423576860452484
HD liquid_2.0gcc_6000,0.5,0,2788,0.10772173450159415,2.5577710005006686,0.3224184142918795
HD liquid_2.0gcc_6000,0.5,0,2788,0.1212231008541164,2.1884935757054094,0.27586935195871104
HD liquid_2.0gcc_6000,0.5,0,2788,0.1364166688243384,1.860028180678021,0.23446482755298576
HD liquid_2.0gcc_6000,0.5,0,2788,0.15351453148789246,1.5706364355260956,0.1979857105551077
HD liquid_2.0gcc_6000,0.5,0,2788,0.1727553647296109,1.3178009174498144,0.16611466862099256
HD liquid_2.0gcc_6000,0.5,0,2788,0.19440775901540433,1.0984587290461774,0.13846560990597534
HD liquid_2.0gcc_6000,0.5,0,2788,0.2187739687537092,0.9095073432566626,0.11464744707099774
HD liquid_2.0gcc_6000,0.5,0,2788,0.24619413158533693,0.7481343339973189,0.09430566129552295
HD liquid_2.0gcc_6000,0.5,0,2788,0.27705101650047453,0.6117158872704583,0.07710950915163436
HD liquid_2.0gcc_6000,0.5,0,2788,0.3117753670636956,0.4975718675576925,0.06272114763315316
HD liquid_2.0gcc_6000,0.5,0,2788,0.35085191433519125,0.40292227283937265,0.050790145117104515
HD liquid_2.0gcc_6000,0.5,0,2788,0.3948261434249862,0.32502148277531434,0.04097040394417627
HD liquid_2.0gcc_6000,0.5,0,2788,0.4443119081371701,0.26130277593223283,0.0329383774582031
HD liquid_2.0gcc_6000,0.5,0,2788,0.5,0.20946032694858857,0.02640340611360564
HD liquid_2.0gcc_6000,0.5,1,2788,0.004999999999999999,7.9246267574899045,0.9989344599281009
HD liquid_2.0gcc_6000,0.5,1,2788,0.005626677913003822,7.924626757454827,0.9989344599236792
HD liquid_2.0gcc_6000,0.5,1,2788,0.006331900867337016,7.924626755942429,0.9989344597330347
HD liquid_2.0gcc_6000,0.5,1,2788,0.007125513351514988,7.924626725045979,0.9989344558383998
HD liquid_2.0gcc_6000,0.5,1,2788,0.008018593718756654,7.924626388337481,0.9989344133947956
HD liquid_2.0gcc_6000,0.5,1,2788,0.00902360883413585,7.924624156485215,0.9989341320598878
HD liquid_2.0gcc_6000,0.5,1,2788,0.010154588104523677,7.9246140777675995,0.9989328615926916
HD liquid_2.0gcc_6000,0.5,1,2788,0.011427319320674952,7.924579562295523,0.9989285107638748
HD liquid_2.0gcc_6000,0.5,1,2788,0.01285956904529672,7.9244789472214014,0.9989158277861393
HD liquid_2.0gcc_6000,0.5,1,2788,0.01447133062358375,7.9241964572162615,0.9988802186641762
HD liquid_2.0gcc_6000,0.5,1,2788,0.016285103278298914,7.923367702395661,0.9987757504318588
HD liquid_2.0gcc_6000,0.5,1,2788,0.018326206185398135,7.920848228019788,0.9984581594774853
HD liquid_2.0gcc_6000,0.5,1,2788,0.020623131914506758,7.913329909869551,0.9975104420251931
HD liquid_2.0gcc_6000,0.5,1,2788,0.023207944168063883,7.892282414880797,0.9948573116402751
HD liquid_2.0gcc_6000,0.5,1,2788,0.026116725371334214,7.838991928998117,0.98813980880215
HD liquid_2.0gcc_6000,0.5,1,2788,0.029390080361374554,7.721485410865902,0.9733275893979372
HD liquid_2.0gcc_6000,0.5,1,2788,0.03307370320615074,7.502267460386458,0.9456941914260065
HD liquid_2.0gcc_6000,0.5,1,2788,0.03721901506625844,7.158611732074075,0.9023748579269909
HD liquid_2.0gcc_6000,0.5,1,2788,0.04188388200341457,6.698499012669331,0.8443756025765458
HD liquid_2.0gcc_6000,0.5,1,2788,0.047133422755894265,6.155934146383813,0.7759828872771618
HD liquid_2.0gcc_6000,0.5,1,2788,0.05304091775697241,5.573112323765016,0.7025156035263206
HD liquid_2.0gcc_6000,0.5,1,2788,0.05968883208572181,4.985818254019306,0.6284845731278326
HD liquid_2.0gcc_6000,0.5,1,2788,0.067169966629945,4.418092169644949,0.5569201743445608
HD liquid_2.0gcc_6000,0.5,1,2788,0.0755887535307831,3.8835572629065873,0.48953967117187447
HD liquid_2.0gcc_6000,0.5,1,2788,0.08506271399262945,3.3887698630037013,0.42716951807487563
HD liquid_2.0gcc_6000,0.5,1,2788,0.09572409880849786,2.9362990386441807,0.37013355759413674
HD liquid_2.0gcc_6000,0.5,1,2788,0.10772173450159415,2.5266905138315496,0.31850058066826126
HD liquid_2.0gcc_6000,0.5,1,2788,0.1212231008541164,2.159381844718726,0.27219968874797756
HD liquid_2.0gcc_6000,0.5,1,2788,0.1364166688243384,1.8330870291406638,0.23106877553887986
HD liquid_2.0gcc_6000,0.5,1,2788,0.15351453148789246,1.5459003580059971,0.1948676179313857
HD liquid_2.0gcc_6000,0.5,1,2788,0.1727553647296109,1.295283507064168,0.16327624886055328
HD liquid_2.0gcc_6000,0.5,1,2788,0.19440775901540433,1.0782258054006069,0.1359151598629431
HD liquid_2.0gcc_6000,0.5,1,2788,0.2187739687537092,0.8916396128203724,0.11239514015488375
HD liquid_2.0gcc_6000,0.5,1,2788,0.24619413158533693,0.7326374089175065,0.09235220494245025
HD liquid_2.0gcc_6000,0.5,1,2788,0.27705101650047453,0.5984819843190753,0.07544131680617329
HD liquid_2.0gcc_6000,0.5,1,2788,0.3117753670636956,0.48641111052383784,0.06131428455414883
HD liquid_2.0gcc_6000,0.5,1,2788,0.35085191433519125,0.3936072903739778,0.04961595013441787
HD liquid_2.0gcc_6000,0.5,1,2788,0.3948261434249862,0.3173164723001994,0.03999915309372773
HD liquid_2.0gcc_6000,0.5,1,2788,0.4443119081371701,0.25497927548843924,0.03214127209362478
HD liquid_2.0gcc_6000,0.5,1,2788,0.5,0.20430589207661068,0.025753666665598536
HD liquid_2.0gcc_6000,0.5,2,2788,0.004999999999999999,7.927610060836082,0.9993105185877847
HD liquid_2.0gcc_6000,0.5,2,2788,0.005626677913003822,7.927609284552417,0.999310420733775
HD liquid_2.0gcc_6000,0.5,2,2788,0.006331900867337016,7.927605624421923,0.999309959358042
HD liquid_2.0gcc_6000,0.5,2,2788,0.007125513351514988,7.927593578606278,0.9993084409293875
HD liquid_2.0gcc_6000,0.5,2,2788,0.008018593718756654,7.9275637147121225,0.9993046764526629
HD liquid_2.0gcc_6000,0.5,2,2788,0.00902360883413585,7.92750397357748,0.9992971458168491
HD liquid_2.0gcc_6000,0.5,2,2788,0.010154588104523677,7.92740073842822,0.9992841325669856
HD liquid_2.0gcc_6000,0.5,2,2788,0.011427319320674952,7.927234678377843,0.9992631999588243
HD liquid_2.0gcc_6000,0.5,2,2788,0.01285956904529672,7.9269632902593665,0.9992289902790681
HD liquid_2.0gcc_6000,0.5,2,2788,0.01447133062358375,7.926466337661957,0.9991663471931922
HD liquid_2.0gcc_6000,0.5,2,2788,0.016285103278298914,7.925375733526856,0.9990288716897986
HD liquid_2.0gcc_6000,0.5,2,2788,0.018326206185398135,7.922572653581108,0.9986755309915639
HD liquid_2.0gcc_6000,0.5,2,2788,0.020623131914506758,7.914835304878649,0.9977002037636838
HD liquid_2.0gcc_6000,0.5,2,2788,0.023207944168063883,7.8937124052705725,0.9950375682910206
HD liquid_2.0gcc_6000,0.5,2,2788,0.026116725371334214,7.8402767944508875,0.9883017718089163
HD liquid_2.0gcc_6000,0.5,2,2788,0.029390080361374554,7.721833102596548,0.9733714174874869
HD liquid_2.0gcc_6000,0.5,2,2788,0.03307370320615074,7.500409580554097,0.9454599974073171
HD liquid_2.0gcc_6000,0.5,2,2788,0.03721901506625844,7.154016078632753,0.9017955553643706
HD liquid_2.0gcc_6000,0.5,2,2788,0.04188388200341457,6.69166208068033,0.8435137768814058
HD liquid_2.0gcc_6000,0.5,2,2788,0.047133422755894265,6.147693234811833,0.774944083709197
HD liquid_2.0gcc_6000,0.5,2,2788,0.05304091775697241,5.564430475682787,0.7014212179494855
HD liquid_2.0gcc_6000,0.5,2,2788,0.05968883208572181,4.977570061430257,0.6274448517552724
HD liquid_2.0gcc_6000,0.5,2,2788,0.067169966629945,4.410682115297047,0.5559861040262252
HD liquid_2.0gcc_6000,0.5,2,2788,0.0755887535307831,3.876950744480276,0.4887068901314356
HD liquid_2.0gcc_6000,0.5,2,2788,0.08506271399262945,3.3828531134656483,0.42642368547162546
HD liquid_2.0gcc_6000,0.5,2,2788,0.09572409880849786,2.9310593671519807,0.36947307369092774
HD liquid_2.0gcc_6000,0.5,2,2788,0.10772173450159415,2.5222567859730938,0.31794168954577795
HD liquid_2.0gcc_6000,0.5,2,2788,0.1212231008541164,2.1560771663679876,0.271783119339152
HD liquid_2.0gcc_6000,0.5,2,2788,0.1364166688243384,1.8313858900942401,0.23085433939360706
HD liquid_2.0gcc_6000,0.5,2,2788,0.15351453148789246,1.5462452685430388,0.19491109543910776
HD liquid_2.0gcc_6000,0.5,2,2788,0.1727553647296109,1.297862007034085,0.16360128025366455
HD liquid_2.0gcc_6000,0.5,2,2788,0.19440775901540433,1.0828360564368382,0.13649630251734737
HD liquid_2.0gcc_6000,0.5,2,2788,0.2187739687537092,0.8977197155026475,0.11316156414873121
HD liquid_2.0gcc_6000,0.5,2,2788,0.24619413158533693,0.7394688984504262,0.09321334459178726
HD liquid_2.0gcc_6000,0.5,2,2788,0.27705101650047453,0.6054291639099729,0.07631703970203053
HD liquid_2.0gcc_6000,0.5,2,2788,0.3117753670636956,0.493037517481694,0.06214957263247424
HD liquid_2.0gcc_6000,0.5,2,2788,0.35085191433519125,0.3996659972763801,0.050379677095021246
HD liquid_2.0gcc_6000,0.5,2,2788,0.3948261434249862,0.3226948077878195,0.040677116210484
HD liquid_2.0gcc_6000,0.5,2,2788,0.4443119081371701,0.2596491425163622,0.032729929609016946
HD liquid_2.0gcc_6000,0.5,2,2788,0.5,0.20829020275578417,0.02625590675314893
HD liquid_2.0gcc_6000,0.75,0,4182,0.004999999999999999,8.327274117681714,0.9986483538232297
HD liquid_2.0gcc_6000,0.75,0,4182,0.005626677913003822,8.327273587909335,0.9986482902902768
HD liquid_2.0gcc_6000,0.75,0,4182,0.006331900867337016,8.32727103865795,0.9986479845713028
HD liquid_2.0gcc_6000,0.75,0,4182,0.007125513351514988,8.3272623841912,0.9986469466843725
HD liquid_2.0gcc_6000,0.75,0,4182,0.008018593718756654,8.327239878017643,0.9986442476314943
HD liquid_2.0gcc_6000,0.75,0,4182,0.00902360883413585,8.327191409124751,0.9986384349994836
HD liquid_2.0gcc_6000,0.75,0,4182,0.010154588104523677,8.327098375182025,0.9986272779038434
HD liquid_2.0gcc_6000,0.75,0,4182,0.011427319320674952,8.326928712615857,0.9986069311204885
HD liquid_2.0gcc_6000,0.75,0,4182,0.01285956904529672,8.326617055873024,0.9985695556854074
HD liquid_2.0gcc_6000,0.75,0,4182,0.01447133062358375,8.325998388442946,0.9984953619934644
HD liquid_2.0gcc_6000,0.75,0,4182,0.016285103278298914,8.324576758659816,0.9983248730408246
HD liquid_2.0gcc_6000,0.75,0,4182,0.018326206185398135,8.320796035043747,0.9978714697587793
HD liquid_2.0gcc_6000,0.75,0,4182,0.020623131914506758,8.310042688433878,0.996581874659798
HD liquid_2.0gcc_6000,0.75,0,4182,0.023207944168063883,8.280218436063693,0.993005201175464
HD liquid_2.0gcc_6000,0.75,0,4182,0.026116725371334214,8.205553488152821,0.9840510072500875
HD liquid_2.0gcc_6000,0.75,0,4182,0.029390080361374554,8.046464029222692,0.9649722037873967
HD liquid_2.0gcc_6000,0.75,0,4182,0.03307370320615074,7.765837524514928,0.9313180700330493
HD liquid_2.0gcc_6000,0.75,0,4182,0.03721901506625844,7.352963352658775,0.8818041347123919
HD liquid_2.0gcc_6000,0.75,0,4182,0.04188388200341457,6.830761027051108,0.8191790204840229
HD liquid_2.0gcc_6000,0.75,0,4182,0.047133422755894265,6.24143389832197,0.7485039641989094
HD liquid_2.0gcc_6000,0.75,0,4182,0.05304091775697241,5.627609666757005,0.6748910928407347
HD liquid_2.0gcc_6000,0.75,0,4182,0.05968883208572181,5.0214026379997305,0.602191714534084
HD liquid_2.0gcc_6000,0.75,0,4182,0.067169966629945,4.442521088176625,0.5327693443058749
HD liquid_2.0gcc_6000,0.75,0,4182,0.0755887535307831,3.901285011676763,0.4678616074897358
HD liquid_2.0gcc_6000,0.75,0,4182,0.08506271399262945,3.4023505058667474,0.4080268865652981
HD liquid_2.0gcc_6000,0.75,0,4182,0.09572409880849786,2.9472862941709486,0.3534533106902203
HD liquid_2.0gcc_6000,0.75,0,4182,0.10772173450159415,2.5360693427106358,0.3041381175265809
HD liquid_2.0gcc_6000,0.75,0,4182,0.1212231008541164,2.167842219375726,0.2599784795280367
HD liquid_2.0gcc_6000,0.75,0,4182,0.1364166688243384,1.8411413714461717,0.2207988801337115
HD liquid_2.0gcc_6000,0.75,0,4182,0.15351453148789246,1.5538827036560992,0.18634938421752878
HD liquid_2.0gcc_6000,0.75,0,4182,0.1727553647296109,1.3033131988430326,0.15629983619453972
HD liquid_2.0gcc_6000,0.75,0,4182,0.19440775901540433,1.0862135895609706,0.13026416541424893
HD liquid_2.0gcc_6000,0.75,0,4182,0.2187739687537092,0.8993664027907989,0.1078565164228067
HD liquid_2.0gcc_6000,0.75,0,4182,0.24619413158533693,0.7398714693866095,0.08872908643355805
HD liquid_2.0gcc_6000,0.75,0,4182,0.27705101650047453,0.6050579672116692,0.07256157710006808
HD liquid_2.0gcc_6000,0.75,0,4182,0.3117753670636956,0.4922454952621522,0.05903254133025983
HD liquid_2.0gcc_6000,0.75,0,4182,0.35085191433519125,0.3986823644840273,0.04781198281259036
HD liquid_2.0gcc_6000,0.75,0,4182,0.3948261434249862,0.32165937184310184,0.038575000371472774
HD liquid_2.0gcc_6000,0.75,0,4182,0.4443119081371701,0.2586447208763467,0.031017968314478984
HD liquid_2.0gcc_6000,0.75,0,4182,0.5,0.20736353061816537,0.024868071540372808
HD liquid_2.0gcc_6000,0.75,1,4182,0.004999999999999999,8.32793711612119,0.9987278639115026
HD liquid_2.0gcc_6000,0.75,1,4182,0.005626677913003822,8.32793670949973,0.9987278151474237
HD liquid_2.0gcc_6000,0.75,1,4182,0.006331900867337016,8.327934742759917,0.9987275792861504
HD liquid_2.0gcc_6000,0.75,1,4182,0.007125513351514988,8.327927916954248,0.9987267607014013
HD liquid_2.0gcc_6000,0.75,1,4182,0.008018593718756654,8.327909551981469,0.9987245582820291
HD liquid_2.0gcc_6000,0.75,1,4182,0.00902360883413585,8.327868523688391,0.9987196379639558
HD liquid_2.0gcc_6000,0.75,1,4182,0.010154588104523677,8.32778739210682,0.9987099082589848
HD liquid_2.0gcc_6000,0.75,1,4182,0.011427319320674952,8.327636203311654,0.9986917769426289
HD liquid_2.0gcc_6000,0.75,1,4182,0.01285956904529672,8.327351406652706,0.9986576227031247
HD liquid_2.0gcc_6000,0.75,1,4182,0.01447133062358375,8.326762305721465,0.9985869747735734
HD liquid_2.0gcc_6000,0.75,1,4182,0.016285103278298914,8.325344106198628,0.9984168971949013
HD liquid_2.0gcc_6000,0.75,1,4182,0.018326206185398135,8.321468869551719,0.9979521594375729
HD liquid_2.0gcc_6000,0.75,1,4182,0.020623131914506758,8.310408244915129,0.9966257140210429
HD liquid_2.0gcc_6000,0.75,1,4182,0.023207944168063883,8.27999548756435,0.9929784640765392
HD liquid_2.0gcc_6000,0.75,1,4182,0.026116725371334214,8.204657590732253,0.9839435667513601
HD liquid_2.0gcc_6000,0.75,1,4182,0.029390080361374554,8.0452853642248,0.9648308523867799
HD liquid_2.0gcc_6000,0.75,1,4182,0.03307370320615074,7.765012862650821,0.9312191724584753
HD liquid_2.0gcc_6000,0.75,1,4182,0.03721901506625844,7.352837775374767,0.881789074856528
HD liquid_2.0gcc_6000,0.75,1,4182,0.04188388200341457,6.831267935693462,0.8192398115032774
HD liquid_2.0gcc_6000,0.75,1,4182,0.047133422755894265,6.242338785263356,0.7486124827659266
HD liquid_2.0gcc_6000,0.75,1,4182,0.05304091775697241,5.628738133877724,0.6750264242608999
HD liquid_2.0gcc_6000,0.75,1,4182,0.05968883208572181,5.022748778190258,0.6023531503972834
HD liquid_2.0gcc_6000,0.75,1,4182,0.067169966629945,4.444237554301343,0.5329751915069659
HD liquid_2.0gcc_6000,0.75,1,4182,0.0755887535307831,3.9035756416789162,0.46813631129419103
HD liquid_2.0gcc_6000,0.75,1,4182,0.08506271399262945,3.405293557218457,0.40837983200051103
HD liquid_2.0gcc_6000,0.75,1,4182,0.09572409880849786,2.9508006636786397,0.3538747714556501
HD liquid_2.0gcc_6000,0.75,1,4182,0.10772173450159415,2.5400100976657343,0.3046107125670604
HD liquid_2.0gcc_6000,0.75,1,4182,0.1212231008541164,2.1721086575551687,0.2604901321294014
HD liquid_2.0gcc_6000,0.75,1,4182,0.1364166688243384,1.8457242819815212,0.22134848568255824
HD liquid_2.0gcc_6000,0.75,1,4182,0.15351453148789246,1.5588114328162452,0.18694046206517273
HD liquid_2.0gcc_6000,0.75,1,4182,0.1727553647296109,1.3085664790157643,0.156929835822573
HD liquid_2.0gcc_6000,0.75,1,4182,0.19440775901540433,1.091672490282623,0.1309188240867414
HD liquid_2.0gcc_6000,0.75,1,4182,0.2187739687537092,0.9048279722011952,0.1085114951377985
HD liquid_2.0gcc_6000,0.75,1,4182,0.24619413158533693,0.7451071386552345,0.08935697407390521
HD liquid_2.0gcc_6000,0.75,1,4182,0.27705101650047453,0.609881681691928,0.07314006106216021
HD liquid_2.0gcc_6000,0.75,1,4182,0.3117753670636956,0.4965488428749127,0.059548620295438504
HD liquid_2.0gcc_6000,0.75,1,4182,0.35085191433519125,0.40242866528132243,0.04826125793807248
HD liquid_2.0gcc_6000,0.75,1,4182,0.3948261434249862,0.3248606663894493,0.038958915621965726
HD liquid_2.0gcc_6000,0.75,1,4182,0.4443119081371701,0.2613407388311016,0.03134128826940601
HD liquid_2.0gcc_6000,0.75,1,4182,0.5,0.2096074341468261,0.025137171672464896
HD liquid_2.0gcc_6000,0.75,2,4182,0.004999999999999999,8.326279685268068,0.9985290965153949
HD liquid_2.0gcc_6000,0.75,2,4182,0.005626677913003822,8.326279403047463,0.9985290626700888
HD liquid_2.0gcc_6000,0.75,2,4182,0.006331900867337016,8.326277932970221,0.9985288863710746
HD liquid_2.0gcc_6000,0.75,2,4182,0.007125513351514988,8.326272588041844,0.9985282453805355
HD liquid_2.0gcc_6000,0.75,2,4182,0.008018593718756654,8.32625776361676,0.9985264675613479
HD liquid_2.0gcc_6000,0.75,2,4182,0.00902360883413585,8.326223702584867,0.9985223827920767
HD liquid_2.0gcc_6000,0.75,2,4182,0.010154588104523677,8.326153848951646,0.9985140055950686
HD liquid_2.0gcc_6000,0.75,2,4182,0.011427319320674952,8.326017667093636,0.9984976739856607
HD liquid_2.0gcc_6000,0.75,2,4182,0.01285956904529672,8.325749806833409,0.9984655508437837
HD liquid_2.0gcc_6000,0.75,2,4182,0.01447133062358375,8.325179001433009,0.9983970970057802
HD liquid_2.0gcc_6000,0.75,2,4182,0.016285103278298914,8.323783232140167,0.9982297093724545
HD liquid_2.0gcc_6000,0.75,2,4182,0.018326206185398135,8.319932707087226,0.9977679351530482
HD liquid_2.0gcc_6000,0.75,2,4182,0.020623131914506758,8.30885236010129,0.9964391245337604
HD liquid_2.0gcc_6000,0.75,2,4182,0.023207944168063883,8.278151375807965,0.9927573089729901
HD liquid_2.0gcc_6000,0.75,2,4182,0.026116725371334214,8.201577634965757,0.9835742030541174
HD liquid_2.0gcc_6000,0.75,2,4182,0.029390080361374554,8.03897536017929,0.9640741251476361
HD liquid_2.0gcc_6000,0.75,2,4182,0.03307370320615074,7.7534321391265975,0.9298303541825175
HD liquid_2.0gcc_6000,0.75,2,4182,0.03721901506625844,7.335798766904458,0.8797456717549628
HD liquid_2.0gcc_6000,0.75,2,4182,0.04188388200341457,6.810407565783308,0.8167381316286249
HD liquid_2.0gcc_6000,0.75,2,4182,0.047133422755894265,6.2196910493886115,0.7458964530268416
HD liquid_2.0gcc_6000,0.75,2,4182,0.05304091775697241,5.605928226074338,0.67229094605317
HD liquid_2.0gcc_6000,0.75,2,4182,0.05968883208572181,5.000834338762136,0.5997250612350228
HD liquid_2.0gcc_6000,0.75,2,4182,0.067169966629945,4.423756334309507,0.5305189811865073
HD liquid_2.0gcc_6000,0.75,2,4182,0.0755887535307831,3.8846570615771134,0.4658675005635317
HD liquid_2.0gcc_6000,0.75,2,4182,0.08506271399262945,3.387845714714679,0.4062873994772238
HD liquid_2.0gcc_6000,0.75,2,4182,0.09572409880849786,2.93468918807519,0.351942602733729
HD liquid_2.0gcc_6000,0.75,2,4182,0.10772173450159415,2.5251144653377757,0.3028243538507206
HD liquid_2.0gcc_6000,0.75,2,4182,0.1212231008541164,2.158309445380948,0.2588352616006912
HD liquid_2.0gcc_6000,0.75,2,4182,0.1364166688243384,1.832899862128777,0.21981051712361685
HD liquid_2.0gcc_6000,0.75,2,4182,0.15351453148789246,1.5468564159425706,0.18550675665904545
HD liquid_2.0gcc_6000,0.75,2,4182,0.1727553647296109,1.2974209447787255,0.15559320762215562
HD liquid_2.0gcc_6000,0.75,2,4182,0.19440775901540433,1.0813430363663927,0.12968006431931248
HD liquid_2.0gcc_6000,0.75,2,4182,0.2187739687537092,0.8953829523246797,0.10737880112314105
HD liquid_2.0gcc_6000,0.75,2,4182,0.24619413158533693,0.736635386786164,0.08834099922565543
HD liquid_2.0gcc_6000,0.75,2,4182,0.27705101650047453,0.6024388141761003,0.072247475170623
HD liquid_2.0gcc_6000,0.75,2,4182,0.3117753670636956,0.4901316744427485,0.05877904136715756
HD liquid_2.0gcc_6000,0.75,2,4182,0.35085191433519125,0.3969822764267355,0.04760809975124572
HD liquid_2.0gcc_6000,0.75,2,4182,0.3948261434249862,0.32029759725770907,0.03841168955345933
HD liquid_2.0gcc_6000,0.75,2,4182,0.4443119081371701,0.2575583274096501,0.030887682577299135
HD liquid_2.0gcc_6000,0.75,2,4182,0.5,0.20649983656169832,0.02476449303010541
HD liquid_2.0gcc_7000,1.0,0,1600,0.004999999999999999,7.377758908235007,1.000000000000967
HD liquid_2.0gcc_7000,1.0,0,1600,0.005626677913003822,7.377758908231057,1.0000000000004317
HD liquid_2.0gcc_7000,1.0,0,1600,0.006331900867337016,7.377758908062038,0.9999999999775224
HD liquid_2.0gcc_7000,1.0,0,1600,0.007125513351514988,7.377758903256836,0.9999999993262132
HD liquid_2.0gcc_7000,1.0,0,1600,0.008018593718756654,7.377758832857904,0.9999999897841648
HD liquid_2.0gcc_7000,1.0,0,1600,0.00902360883413585,7.377758209921054,0.9999999053497374
HD liquid_2.0gcc_7000,1.0,0,1600,0.010154588104523677,7.377754398600093,0.9999993887537075
HD liquid_2.0gcc_7000,1.0,0,1600,0.011427319320674952,7.377736387190915,0.9999969474420027
HD liquid_2.0gcc_7000,1.0,0,1600,0.01285956904529672,7.377664837401069,0.9999872494035148
HD liquid_2.0gcc_7000,1.0,0,1600,0.01447133062358375,7.377414384198123,0.9999533023464123
HD liquid_2.0gcc_7000,1.0,0,1600,0.016285103278298914,7.376633722900539,0.9998474895505086
HD liquid_2.0gcc_7000,1.0,0,1600,0.018326206185398135,7.374468696489025,0.9995540364249124
HD liquid_2.0gcc_7000,1.0,0,1600,0.020623131914506758,7.369054450432187,0.9988201758956939
HD liquid_2.0gcc_7000,1.0,0,1600,0.023207944168063883,7.356399358850017,0.9971048729507771
HD liquid_2.0gcc_7000,1.0,0,1600,0.026116725371334214,7.327611211299212,0.9932028550197358
HD liquid_2.0gcc_7000,1.0,0,1600,0.029390080361374554,7.263688596110355,0.9845386229698692
HD liquid_2.0gcc_7000,1.0,0,1600,0.03307370320615074,7.131880067283972,0.9666729634293566
HD liquid_2.0gcc_7000,1.0,0,1600,0.03721901506625844,6.89442307803141,0.9344874458207854
HD liquid_2.0gcc_7000,1.0,0,1600,0.04188388200341457,6.5311747968633584,0.885251860098006
HD liquid_2.0gcc_7000,1.0,0,1600,0.047133422755894265,6.055270572011166,0.8207466044001746
HD liquid_2.0gcc_7000,1.0,0,1600,0.05304091775697241,5.5055582997193095,0.7462372202999701
HD liquid_2.0gcc_7000,1.0,0,1600,0.05968883208572181,4.926259799547065,0.6677176444534084
HD liquid_2.0gcc_7000,1.0,0,1600,0.067169966629945,4.3519800389905035,0.5898783211981974
HD liquid_2.0gcc_7000,1.0,0,1600,0.0755887535307831,3.8042023319009393,0.5156311529316026
HD liquid_2.0gcc_7000,1.0,0,1600,0.08506271399262945,3.2942837409114714,0.4465155044897982
HD liquid_2.0gcc_7000,1.0,0,1600,0.09572409880849786,2.8274292761511632,0.38323687603805257
HD liquid_2.0gcc_7000,1.0,0,1600,0.10772173450159415,2.405584484119866,0.3260589718426682
HD liquid_2.0gcc_7000,1.0,0,1600,0.1212231008541164,2.0290546995621996,0.2750231777429517
HD liquid_2.0gcc_7000,1.0,0,1600,0.1364166688243384,1.6971510826641865,0.23003612665784978
HD liquid_2.0gcc_7000,1.0,0,1600,0.15351453148789246,1.4083039438496971,0.19088505891390936
HD liquid_2.0gcc_7000,1.0,0,1600,0.1727553647296109,1.1600781917202896,0.1572399160979006
HD liquid_2.0gcc_7000,1.0,0,1600,0.19440775901540433,0.949296317734285,0.12867001070956718
HD liquid_2.0gcc_7000,1.0,0,1600,0.2187739687537092,0.7722660657615829,0.10467488506575232
HD liquid_2.0gcc_7000,1.0,0,1600,0.24619413158533693,0.6250424180519165,0.08471982153752038
HD liquid_2.0gcc_7000,1.0,0,1600,0.27705101650047453,0.5036662415441274,0.06826818927119256
HD liquid_2.0gcc_7000,1.0,0,1600,0.3117753670636956,0.4043505709448765,0.05480669346540099
HD liquid_2.0gcc_7000,1.0,0,1600,0.35085191433519125,0.32360715911428,0.043862528328675085
HD liquid_2.0gcc_7000,1.0,0,1600,0.3948261434249862,0.25831823754137434,0.03501310367478815
HD liquid_2.0gcc_7000,1.0,0,1600,0.4443119081371701,0.20576406109444356,0.027889778407501228
HD liquid_2.0gcc_7000,1.0,0,1600,0.5,0.1636183306524984,0.022177240092520086
HD liquid_2.0gcc_7000,0.25,0,400,0.004999999999999999,5.991464547115227,1.0000000000012093
HD liquid_2.0gcc_7000,0.25,0,400,0.005626677913003822,5.991464547113691,1.0000000000009528
HD liquid_2.0gcc_7000,0.25,0,400,0.006331900867337016,5.9914645471125025,1.0000000000007545
HD liquid_2.0gcc_7000,0.25,0,400,0.007125513351514988,5.991464547111525,1.0000000000005913
HD liquid_2.0gcc_7000,0.25,0,400,0.008018593718756654,5.991464547102637,0.9999999999991079
HD liquid_2.0gcc_7000,0.25,0,400,0.00902360883413585,5.991464546510351,0.999999999900253
HD liquid_2.0gcc_7000,0.25,0,400,0.010154588104523677,5.991464528787415,0.9999999969422223
HD liquid_2.0gcc_7000,0.25,0,400,0.011427319320674952,5.991464263188952,0.9999999526127498
HD liquid_2.0gcc_7000,0.25,0,400,0.01285956904529672,5.99146191411624,0.9999995605428821
HD liquid_2.0gcc_7000,0.25,0,400,0.01447133062358375,5.991447738860347,0.9999971946345502
HD liquid_2.0gcc_7000,0.25,0,400,0.016285103278298914,5.99138199691842,0.9999862220348777
HD liquid_2.0gcc_7000,0.25,0,400,0.018326206185398135,5.991127956170589,0.9999438215924092
HD liquid_2.0gcc_7000,0.25,0,400,0.020623131914506758,5.9902727493322505,0.9998010840644452
HD liquid_2.0gcc_7000,0.25,0,400,0.023207944168063883,5.987701069637273,0.9993718601785727
HD liquid_2.0gcc_7000,0.25,0,400,0.026116725371334214,5.980667460736929,0.9981979220128634
HD liquid_2.0gcc_7000,0.25,0,400,0.029390080361374554,5.962959674784943,0.9952424199293981
HD liquid_2.0gcc_7000,0.25,0,400,0.03307370320615074,5.921940932272365,0.9883962236129438
HD liquid_2.0gcc_7000,0.25,0,400,0.03721901506625844,5.835991139722884,0.974050850812404
HD liquid_2.0gcc_7000,0.25,0,400,0.04188388200341457,5.6773368922406995,0.9475708063700539
HD liquid_2.0gcc_7000,0.25,0,400,0.047133422755894265,5.4240888507309295,0.905302669837057
HD liquid_2.0gcc_7000,0.25,0,400,0.05304091775697241,5.073882387180831,0.8468517751022897
HD liquid_2.0gcc_7000,0.25,0,400,0.05968883208572181,4.646607251439831,0.7755378029705109
HD liquid_2.0gcc_7000,0.25,0,400,0.067169966629945,4.174715200223934,0.6967770847011064
HD liquid_2.0gcc_7000,0.25,0,400,0.0755887535307831,3.690160507511514,0.6159029196446996
HD liquid_2.0gcc_7000,0.25,0,400,0.08506271399262945,3.217291713350784,0.5369791789728169
HD liquid_2.0gcc_7000,0.25,0,400,0.09572409880849786,2.771992791230856,0.46265696299060444
HD liquid_2.0gcc_7000,0.25,0,400,0.10772173450159415,2.36328457035555,0.3944418850807159
HD liquid_2.0gcc_7000,0.25,0,400,0.1212231008541164,1.9954673652364707,0.3330516853679227
HD liquid_2.0gcc_7000,0.25,0,400,0.1364166688243384,1.669872338234471,0.2787085403084795
HD liquid_2.0gcc_7000,0.25,0,400,0.15351453148789246,1.3859005074762516,0.23131247737169897
HD liquid_2.0gcc_7000,0.25,0,400,0.1727553647296109,1.1415917549360501,0.19053634482191584
HD liquid_2.0gcc_7000,0.25,0,400,0.19440775901540433,0.9340227925708087,0.15589223389824644
HD liquid_2.0gcc_7000,0.25,0,400,0.2187739687537092,0.7596570559749357,0.12678987750025397
HD liquid_2.0gcc_7000,0.25,0,400,0.24619413158533693,0.6146564153667526,0.1025886760297098
HD liquid_2.0gcc_7000,0.25,0,400,0.27705101650047453,0.49513971473995466,0.08264084863507262
HD liquid_2.0gcc_7000,0.25,0,400,0.3117753670636956,0.39737880004021436,0.06632415111794746
HD liquid_2.0gcc_7000,0.25,0,400,0.35085191433519125,0.3179314833770472,0.05306406820524532
HD liquid_2.0gcc_7000,0.25,0,400,0.3948261434249862,0.2537178237427506,0.04234654511395174
HD liquid_2.0gcc_7000,0.25,0,400,0.4443119081371701,0.20205051506844074,0.033723059442280844
HD liquid_2.0gcc_7000,0.25,0,400,0.5,0.16063180969058088,0.026810107683624067
HD liquid_2.0gcc_7000,0.25,1,400,0.004999999999999999,5.991464547115098,1.0000000000011877
HD liquid_2.0gcc_7000,0.25,1,400,0.005626677913003822,5.991464547113598,1.0000000000009373
HD liquid_2.0gcc_7000,0.25,1,400,0.006331900867337016,5.9914645471124235,1.0000000000007414
HD liquid_2.0gcc_7000,0.25,1,400,0.007125513351514988,5.9914645471114385,1.0000000000005769
HD liquid_2.0gcc_7000,0.25,1,400,0.008018593718756654,5.991464547098911,0.999999999998486
HD liquid_2.0gcc_7000,0.25,1,400,0.00902360883413585,5.991464546300493,0.9999999998652269
HD liquid_2.0gcc_7000,0.25,1,400,0.010154588104523677,5.99146452332011,0.9999999960297066
HD liquid_2.0gcc_7000,0.25,1,400,0.011427319320674952,5.991464181889532,0.9999999390435431
HD liquid_2.0gcc_7000,0.25,1,400,0.01285956904529672,5.991461139664903,0.9999994312837784
HD liquid_2.0gcc_7000,0.25,1,400,0.01447133062358375,5.991442764633026,0.9999963644156142
HD liquid_2.0gcc_7000,0.25,1,400,0.016285103278298914,5.991359197818859,0.9999824167716768
HD liquid_2.0gcc_7000,0.25,1,400,0.018326206185398135,5.991047427550355,0.9999303810354969
HD liquid_2.0gcc_7000,0.25,1,400,0.020623131914506758,5.990038469987289,0.9997619818811444
HD liquid_2.0gcc_7000,0.25,1,400,0.023207944168063883,5.987126801652545,0.9992760124972232
HD liquid_2.0gcc_7000,0.25,1,400,0.026116725371334214,5.9795097299487745,0.9980046919972216
HD liquid_2.0gcc_7000,0.25,1,400,0.029390080361374554,5.961162964727859,0.994942541653735
HD liquid_2.0gcc_7000,0.25,1,400,0.03307370320615074,5.920155855793005,0.9880982870291043
HD liquid_2.0gcc_7000,0.25,1,400,0.03721901506625844,5.836052612365965,0.9740611108485933
HD liquid_2.0gcc_7000,0.25,1,400,0.04188388200341457,5.6819876422484334,0.9483470356160365
HD liquid_2.0gcc_7000,0.25,1,400,0.047133422755894265,5.435418608886651,0.9071936529291943
HD liquid_2.0gcc_7000,0.25,1,400,0.05304091775697241,5.09166621150552,0.849819968301943
HD liquid_2.0gcc_7000,0.25,1,400,0.05968883208572181,4.668610307886487,0.7792102033116389
HD liquid_2.0gcc_7000,0.25,1,400,0.067169966629945,4.19864365088024,0.7007708412306106
HD liquid_2.0gcc_7000,0.25,1,400,0.0755887535307831,3.7150977517900765,0.6200650479661631
HD liquid_2.0gcc_7000,0.25,1,400,0.08506271399262945,3.2431609922996403,0.5412968677024186
HD liquid_2.0gcc_7000,0.25,1,400,0.09572409880849786,2.7983929916183405,0.46706326468527565
HD liquid_2.0gcc_7000,0.25,1,400,0.10772173450159415,2.389263726938192,0.3987779128379329
HD liquid_2.0gcc_7000,0.25,1,400,0.1212231008541164,2.019945639824543,0.337137209766108
HD liquid_2.0gcc_7000,0.25,1,400,0.1364166688243384,1.692026732016449,0.28240619947140855
HD liquid_2.0gcc_7000,0.25,1,400,0.15351453148789246,1.405322529443538,0.23455409247508155
HD liquid_2.0gcc_7000,0.25,1,400,0.1727553647296109,1.1582493618343612,0.19331656771522354
HD liquid_2.0gcc_7000,0.25,1,400,0.19440775901540433,0.9481199319744547,0.15824510426788763
HD liquid_2.0gcc_7000,0.25,1,400,0.2187739687537092,0.771494115950458,0.12876553134622992
HD liquid_2.0gcc_7000,0.25,1,400,0.24619413158533693,0.6245430965058034,0.1042388036506473
HD liquid_2.0gcc_7000,0.25,1,400,0.27705101650047453,0.5033583467718817,0.08401257202044993
HD liquid_2.0gcc_7000,0.25,1,400,0.3117753670636956,0.40417665856585466,0.06745874157946016
HD liquid_2.0gcc_7000,0.25,1,400,0.35085191433519125,0.3235240124634782,0.05399748424108425
HD liquid_2.0gcc_7000,0.25,1,400,0.3948261434249862,0.2582934757795501,0.043110240200657735
HD liquid_2.0gcc_7000,0.25,1,400,0.4443119081371701,0.20577428138393575,0.034344571309073486
HD liquid_2.0gcc_7000,0.25,1,400,0.5,0.16364741180598677,0.027313424041702408
HD liquid_2.0gcc_7000,0.25,2,400,0.004999999999999999,5.991464547115559,1.0000000000012645
HD liquid_2.0gcc_7000,0.25,2,400,0.005626677913003822,5.991464547113955,1.000000000000997
HD liquid_2.0gcc_7000,0.25,2,400,0.006331900867337016,5.9914645471127095,1.0000000000007891
HD liquid_2.0gcc_7000,0.25,2,400,0.007125513351514988,5.991464547111719,1.0000000000006237
HD liquid_2.0gcc_7000,0.25,2,400,0.008018593718756654,5.991464547110175,1.000000000000366
HD liquid_2.0gcc_7000,0.25,2,400,0.00902360883413585,5.991464546986546,0.999999999979732
HD liquid_2.0gcc_7000,0.25,2,400,0.010154588104523677,5.991464540131742,0.999999998835637
HD liquid_2.0gcc_7000,0.25,2,400,0.011427319320674952,5.991464374850192,0.9999999712494686
HD liquid_2.0gcc_7000,0.25,2,400,0.01285956904529672,5.991462313605199,0.9999996272192274
HD liquid_2.0gcc_7000,0.25,2,400,0.01447133062358375,5.991446891390042,0.9999970531882812
HD liquid_2.0gcc_7000,0.25,2,400,0.016285103278298914,5.9913683798407655,0.9999839492887824
HD liquid_2.0gcc_7000,0.25,2,400,0.018326206185398135,5.991066196157629,0.9999335135930087
HD liquid_2.0gcc_7000,0.25,2,400,0.020623131914506758,5.990108221337562,0.9997736236675097
HD liquid_2.0gcc_7000,0.25,2,400,0.023207944168063883,5.987430272481974,0.9993266630229907
HD liquid_2.0gcc_7000,0.25,2,400,0.026116725371334214,5.980489042960336,0.9981681433543751
HD liquid_2.0gcc_7000,0.25,2,400,0.029390080361374554,5.963400803356972,0.9953160460968503
HD liquid_2.0gcc_7000,0.25,2,400,0.03307370320615074,5.9237533675053795,0.9886987264849484
HD liquid_2.0gcc_7000,0.25,2,400,0.03721901506625844,5.839703727965628,0.9746704970130206
HD liquid_2.0gcc_7000,0.25,2,400,0.04188388200341457,5.682619849137224,0.9484525535380438
HD liquid_2.0gcc_7000,0.25,2,400,0.047133422755894265,5.429515861409929,0.9062084601720125
HD liquid_2.0gcc_7000,0.25,2,400,0.05304091775697241,5.077973717944749,0.8475346349826662
HD liquid_2.0gcc_7000,0.25,2,400,0.05968883208572181,4.648936708205605,0.7759265988563012
HD liquid_2.0gcc_7000,0.25,2,400,0.067169966629945,4.175552380376477,0.6969168135012954
HD liquid_2.0gcc_7000,0.25,2,400,0.0755887535307831,3.6898897397171884,0.6158577273895846
HD liquid_2.0gcc_7000,0.25,2,400,0.08506271399262945,3.216105444372192,0.5367811858161746
HD liquid_2.0gcc_7000,0.25,2,400,0.09572409880849786,2.769867562265947,0.4623022535621835
HD liquid_2.0gcc_7000,0.25,2,400,0.10772173450159415,2.3602086601939254,0.3939285030624397
HD liquid_2.0gcc_7000,0.25,2,400,0.1212231008541164,1.9916193541665554,0.3324094365421706
HD liquid_2.0gcc_7000,0.25,2,400,0.1364166688243384,1.6655960146399238,0.2779948043661361
HD liquid_2.0gcc_7000,0.25,2,400,0.15351453148789246,1.381568830792012,0.230589502771719
HD liquid_2.0gcc_7000,0.25,2,400,0.1727553647296109,1.1375017778042986,0.1898537108682983
HD liquid_2.0gcc_7000,0.25,2,400,0.19440775901540433,0.9303599885369981,0.15528089688623348
HD liquid_2.0gcc_7000,0.25,2,400,0.2187739687537092,0.7565044873867401,0.12626370087625688
HD liquid_2.0gcc_7000,0.25,2,400,0.24619413158533693,0.6120217066457091,0.10214893234094587
HD liquid_2.0gcc_7000,0.25,2,400,0.27705101650047453,0.4929841897365439,0.08228108267360144
HD liquid_2.0gcc_7000,0.25,2,400,0.3117753670636956,0.3956413716119775,0.06603416718921411
HD liquid_2.0gcc_7000,0.25,2,400,0.35085191433519125,0.3165449808835945,0.0528326552539458
HD liquid_2.0gcc_7000,0.25,2,400,0.3948261434249862,0.25261841573875576,0.04216304941012996
HD liquid_2.0gcc_7000,0.25,2,400,0.4443119081371701,0.20118210348979726,0.03357811798901585
HD liquid_2.0gcc_7000,0.25,2,400,0.5,0.15994732015482196,0.02669586357346083
HD liquid_2.0gcc_7000,0.5,0,800,0.004999999999999999,6.684611727674982,1.0000000000010554
HD liquid_2.0gcc_7000,0.5,0,800,0.005626677913003822,6.684611727673508,1.0000000000008349
HD liquid_2.0gcc_7000,0.5,0,800,0.006331900867337016,6.684611727672369,1.0000000000006646
HD liquid_2.0gcc_7000,0.5,0,800,0.007125513351514988,6.6846117276698545,1.0000000000002884
HD liquid_2.0gcc_7000,0.5,0,800,0.008018593718756654,6.684611727508448,0.9999999999761423
HD liquid_2.0gcc_7000,0.5,0,800,0.00902360883413585,6.684611721146171,0.9999999990243628
HD liquid_2.0gcc_7000,0.5,0,800,0.010154588104523677,6.684611600514852,0.9999999809782408
HD liquid_2.0gcc_7000,0.5,0,800,0.011427319320674952,6.684610295987296,0.9999997858244144
HD liquid_2.0gcc_7000,0.5,0,800,0.01285956904529672,6.684601033183088,0.9999984001337289
HD liquid_2.0gcc_7000,0.5,0,800,0.01447133062358375,6.6845530035576415,0.9999912150304793
HD liquid_2.0gcc_7000,0.5,0,800,0.016285103278298914,6.684356380663832,0.9999618007725058
HD liquid_2.0gcc_7000,0.5,0,800,0.018326206185398135,6.683682073200307,0.9998609261830763
HD liquid_2.0gcc_7000,0.5,0,800,0.020623131914506758,6.681652511074756,0.9995573091282292
HD liquid_2.0gcc_7000,0.5,0,800,0.023207944168063883,6.676091129519904,0.998725341351876
HD liquid_2.0gcc_7000,0.5,0,800,0.026116725371334214,6.661861761979772,0.996596666101938
HD liquid_2.0gcc_7000,0.5,0,800,0.029390080361374554,6.627677187126136,0.9914827453169589
HD liquid_2.0gcc_7000,0.5,0,800,0.03307370320615074,6.552153537957816,0.980184609801365
HD liquid_2.0gcc_7000,0.5,0,800,0.03721901506625844,6.404250493088483,0.9580587106624285
HD liquid_2.0gcc_7000,0.5,0,800,0.04188388200341457,6.154782784666419,0.9207390100447389
HD liquid_2.0gcc_7000,0.5,0,800,0.047133422755894265,5.794416456938416,0.8668291731821984
HD liquid_2.0gcc_7000,0.5,0,800,0.05304091775697241,5.341404302018142,0.7990597688583488
HD liquid_2.0gcc_7000,0.5,0,800,0.05968883208572181,4.831695689701391,0.7228087264519452
HD liquid_2.0gcc_7000,0.5,0,800,0.067169966629945,4.302320397510454,0.6436156014421817
HD liquid_2.0gcc_7000,0.5,0,800,0.0755887535307831,3.7812851526235716,0.5656701251581527
HD liquid_2.0gcc_7000,0.5,0,800,0.08506271399262945,3.2862488853468976,0.4916140262485189
HD liquid_2.0gcc_7000,0.5,0,800,0.09572409880849786,2.827151507595738,0.42293428889729273
HD liquid_2.0gcc_7000,0.5,0,800,0.10772173450159415,2.409103190357739,0.36039538098919727
HD liquid_2.0gcc_7000,0.5,0,800,0.1212231008541164,2.0343085826415352,0.30432711210756414
HD liquid_2.0gcc_7000,0.5,0,800,0.1364166688243384,1.7030999349802636,0.254779186041734
HD liquid_2.0gcc_7000,0.5,0,800,0.15351453148789246,1.414407304206252,0.2115915421612227
HD liquid_2.0gcc_7000,0.5,0,800,0.1727553647296109,1.1660268880748768,0.17443449755632565
HD liquid_2.0gcc_7000,0.5,0,800,0.19440775901540433,0.9548942189419889,0.1428496160801137
HD liquid_2.0gcc_7000,0.5,0,800,0.2187739687537092,0.7773862958394568,0.11629490649723422
HD liquid_2.0gcc_7000,0.5,0,800,0.24619413158533693,0.6296122508298404,0.09418830539159742
HD liquid_2.0gcc_7000,0.5,0,800,0.27705101650047453,0.5076586274704165,0.0759443701672594
HD liquid_2.0gcc_7000,0.5,0,800,0.3117753670636956,0.4077749279328382,0.06100203640026515
HD liquid_2.0gcc_7000,0.5,0,800,0.35085191433519125,0.32649893615690145,0.04884336584659162
HD liquid_2.0gcc_7000,0.5,0,800,0.3948261434249862,0.2607287754038958,0.039004326059018046
HD liquid_2.0gcc_7000,0.5,0,800,0.4443119081371701,0.2077520908441173,0.031079156024009815
HD liquid_2.0gcc_7000,0.5,0,800,0.5,0.16524369100548253,0.024720013328751917
HD liquid_2.0gcc_7000,0.5,1,800,0.004999999999999999,6.684611727674902,1.0000000000010434
HD liquid_2.0gcc_7000,0.5,1,800,0.005626677913003822,6.684611727668556,1.0000000000000941
HD liquid_2.0gcc_7000,0.5,1,800,0.006331900867337016,6.684611727336536,0.9999999999504248
HD liquid_2.0gcc_7000,0.5,1,800,0.007125513351514988,6.684611718120189,0.999999998571684
HD liquid_2.0gcc_7000,0.5,1,800,0.008018593718756654,6.684611590781585,0.99999997952217
HD liquid_2.0gcc_7000,0.5,1,800,0.00902360883413585,6.6846105754385725,0.9999998276295765
HD liquid_2.0gcc_7000,0.5,1,800,0.010154588104523677,6.6846052822381345,0.9999990357809765
HD liquid_2.0gcc_7000,0.5,1,800,0.011427319320674952,6.684585201726516,0.9999960317902532
HD liquid_2.0gcc_7000,0.5,1,800,0.01285956904529672,6.684524243049663,0.9999869125355625
HD liquid_2.0gcc_7000,0.5,1,800,0.01447133062358375,6.684362944507229,0.9999627827058872
HD liquid_2.0gcc_7000,0.5,1,800,0.016285103278298914,6.683963261634301,0.9999029912192294
HD liquid_2.0gcc_7000,0.5,1,800,0.018326206185398135,6.682990985919033,0.9997575413778805
HD liquid_2.0gcc_7000,0.5,1,800,0.020623131914506758,6.6806254669623195,0.9994036660814407
HD liquid_2.0gcc_7000,0.5,1,800,0.023207944168063883,6.6748656375346345,0.9985420110351432
HD liquid_2.0gcc_7000,0.5,1,800,0.026116725371334214,6.660926167710454,0.9964567037065987
HD liquid_2.0gcc_7000,0.5,1,800,0.029390080361374554,6.628021145246023,0.9915342005299016
HD liquid_2.0gcc_7000,0.5,1,800,0.03307370320615074,6.555085517506461,0.9806232260842689
HD liquid_2.0gcc_7000,0.5,1,800,0.03721901506625844,6.410533689697994,0.9589986600365267
HD liquid_2.0gcc_7000,0.5,1,800,0.04188388200341457,6.163791678961206,0.922086716487807
HD liquid_2.0gcc_7000,0.5,1,800,0.047133422755894265,5.804263521074578,0.8683022675872787
HD liquid_2.0gcc_7000,0.5,1,800,0.05304091775697241,5.3495315830413075,0.8002755883186664
HD liquid_2.0gcc_7000,0.5,1,800,0.05968883208572181,4.8359192214783935,0.7234405554869092
HD liquid_2.0gcc_7000,0.5,1,800,0.067169966629945,4.3020164347556085,0.6435701294286633
HD liquid_2.0gcc_7000,0.5,1,800,0.0755887535307831,3.7774886975972954,0.5651021856605507
HD liquid_2.0gcc_7000,0.5,1,800,0.08506271399262945,3.28065389689461,0.4907770309703744
HD liquid_2.0gcc_7000,0.5,1,800,0.09572409880849786,2.821113265298284,0.4220309840318117
HD liquid_2.0gcc_7000,0.5,1,800,0.10772173450159415,2.403350875758249,0.35953485014105835
HD liquid_2.0gcc_7000,0.5,1,800,0.1212231008541164,2.0291195772083133,0.3035508508010556
HD liquid_2.0gcc_7000,0.5,1,800,0.1364166688243384,1.6985236659924385,0.25409458846535066
HD liquid_2.0gcc_7000,0.5,1,800,0.15351453148789246,1.4104071970394196,0.2109931368491721
HD liquid_2.0gcc_7000,0.5,1,800,0.1727553647296109,1.162547338575745,0.17391396627629188
HD liquid_2.0gcc_7000,0.5,1,800,0.19440775901540433,0.9518835379608224,0.14239922627382096
HD liquid_2.0gcc_7000,0.5,1,800,0.2187739687537092,0.7747997972274068,0.11590797323657161
HD liquid_2.0gcc_7000,0.5,1,800,0.24619413158533693,0.6274093380446746,0.09385875554264392
HD liquid_2.0gcc_7000,0.5,1,800,0.27705101650047453,0.5058000033107544,0.0756663249740032
HD liquid_2.0gcc_7000,0.5,1,800,0.3117753670636956,0.4062214985727222,0.0607696475311127
HD liquid_2.0gcc_7000,0.5,1,800,0.35085191433519125,0.32521208903953974,0.048650856966526775
HD liquid_2.0gcc_7000,0.5,1,800,0.3948261434249862,0.25967130966337376,0.03884613201819663
HD liquid_2.0gcc_7000,0.5,1,800,0.4443119081371701,0.20688922981860533,0.030950074327022008
HD liquid_2.0gcc_7000,0.5,1,800,0.5,0.1645438621083479,0.02461532080125058
HD liquid_2.0gcc_7000,0.5,2,800,0.004999999999999999,6.684611727675244,1.0000000000010947
HD liquid_2.0gcc_7000,0.5,2,800,0.005626677913003822,6.684611727673703,1.000000000000864
HD liquid_2.0gcc_7000,0.5,2,800,0.006331900867337016,6.684611727668688,1.000000000000114
HD liquid_2.0gcc_7000,0.5,2,800,0.007125513351514988,6.684611727373486,0.9999999999559525
HD liquid_2.0gcc_7000,0.5,2,800,0.008018593718756654,6.684611717949024,0.9999999985460781
HD liquid_2.0gcc_7000,0.5,2,800,0.00902360883413585,6.684611565562707,0.9999999757494935
HD liquid_2.0gcc_7000,0.5,2,800,0.010154588104523677,6.684610118256362,0.999999759236343
HD liquid_2.0gcc_7000,0.5,2,800,0.011427319320674952,6.6846009922281215,0.9999983940069755
HD liquid_2.0gcc_7000,0.5,2,800,0.01285956904529672,6.684558746002083,0.9999920740847782
HD liquid_2.0gcc_7000,0.5,2,800,0.01447133062358375,6.684403398229818,0.9999688344743723
HD liquid_2.0gcc_7000,0.5,2,800,0.016285103278298914,6.6839238903151275,0.9998971013753943
HD liquid_2.0gcc_7000,0.5,2,800,0.018326206185398135,6.682634599010275,0.9997042268514312
HD liquid_2.0gcc_7000,0.5,2,800,0.020623131914506758,6.679512082519896,0.9992371067526744
HD liquid_2.0gcc_7000,0.5,2,800,0.023207944168063883,6.6724082533297455,0.998174392943771
HD liquid_2.0gcc_7000,0.5,2,800,0.026116725371334214,6.656573617189025,0.9958055738132328
HD liquid_2.0gcc_7000,0.5,2,800,0.029390080361374554,6.621517494475609,0.9905612718041396
HD liquid_2.0gcc_7000,0.5,2,800,0.03307370320615074,6.546737037409104,0.9793743158352558
HD liquid_2.0gcc_7000,0.5,2,800,0.03721901506625844,6.401266661175401,0.9576123374047669
HD liquid_2.0gcc_7000,0.5,2,800,0.04188388200341457,6.154822623175968,0.920744969779002
HD liquid_2.0gcc_7000,0.5,2,800,0.047133422755894265,5.797000985163594,0.8672158116782654
HD liquid_2.0gcc_7000,0.5,2,800,0.05304091775697241,5.345583690542571,0.79968499418103
HD liquid_2.0gcc_7000,0.5,2,800,0.05968883208572181,4.836292725030555,0.7234964306173399
HD liquid_2.0gcc_7000,0.5,2,800,0.067169966629945,4.306316303373427,0.6442133782504342
HD liquid_2.0gcc_7000,0.5,2,800,0.0755887535307831,3.784094478018571,0.5660903927083788
HD liquid_2.0gcc_7000,0.5,2,800,0.08506271399262945,3.287753991949699,0.49183918616267996
HD liquid_2.0gcc_7000,0.5,2,800,0.09572409880849786,2.8275088961075663,0.42298775326087706
HD liquid_2.0gcc_7000,0.5,2,800,0.10772173450159415,2.408531309070571,0.3603098290812531
HD liquid_2.0gcc_7000,0.5,2,800,0.1212231008541164,2.033027745834018,0.30413550235374465
HD liquid_2.0gcc_7000,0.5,2,800,0.1364166688243384,1.7013204659328836,0.25451298224114305
HD liquid_2.0gcc_7000,0.5,2,800,0.15351453148789246,1.4123191112149047,0.21127915408598055
HD liquid_2.0gcc_7000,0.5,2,800,0.1727553647296109,1.1637956546355475,0.17410071101340735
HD liquid_2.0gcc_7000,0.5,2,800,0.19440775901540433,0.9526585810537342,0.1425151706434399
HD liquid_2.0gcc_7000,0.5,2,800,0.2187739687537092,0.7752534614336112,0.1159758401860201
HD liquid_2.0gcc_7000,0.5,2,800,0.24619413158533693,0.6276554009192691,0.0938955658892458
HD liquid_2.0gcc_7000,0.5,2,800,0.27705101650047453,0.5059186947565104,0.07568408089620056
HD liquid_2.0gcc_7000,0.5,2,800,0.3117753670636956,0.40626625273508865,0.06077634263386357
HD liquid_2.0gcc_7000,0.5,2,800,0.35085191433519125,0.3252166653640425,0.04865154157240804
HD liquid_2.0gcc_7000,0.5,2,800,0.3948261434249862,0.25965601441125863,0.0388438438894708
HD liquid_2.0gcc_7000,0.5,2,800,0.4443119081371701,0.20686569567519514,0.03094655368223829
HD liquid_2.0gcc_7000,0.5,2,800,0.5,0.16451839526697853,0.024611511030031712
HD liquid_2.0gcc_7000,0.75,0,1200,0.004999999999999999,7.09007683578336,1.0000000000010252
HD liquid_2.0gcc_7000,0.75,0,1200,0.005626677913003822,7.090076835778587,1.000000000000352
HD liquid_2.0gcc_7000,0.75,0,1200,0.006331900867337016,7.090076835555634,0.9999999999689062
HD liquid_2.0gcc_7000,0.75,0,1200,0.007125513351514988,7.090076829303942,0.9999999990871538
HD liquid_2.0gcc_7000,0.75,0,1200,0.008018593718756654,7.090076740253545,0.9999999865272904
HD liquid_2.0gcc_7000,0.75,0,1200,0.00902360883413585,7.0900759860810725,0.9999998801571494
HD liquid_2.0gcc_7000,0.75,0,1200,0.010154588104523677,7.0900716481513975,0.999999268326026
HD liquid_2.0gcc_7000,0.75,0,1200,0.011427319320674952,7.090052757876248,0.9999966040001538
HD liquid_2.0gcc_7000,0.75,0,1200,0.01285956904529672,7.08998473977358,0.9999870105776503
HD liquid_2.0gcc_7000,0.75,0,1200,0.01447133062358375,7.089769184696541,0.9999566082164303
HD liquid_2.0gcc_7000,0.75,0,1200,0.016285103278298914,7.089149107650346,0.9998691511887341
HD liquid_2.0gcc_7000,0.75,0,1200,0.018326206185398135,7.087509230851641,0.999637859365431
HD liquid_2.0gcc_7000,0.75,0,1200,0.020623131914506758,7.083458253011072,0.9990665005586932
HD liquid_2.0gcc_7000,0.75,0,1200,0.023207944168063883,7.073868028211429,0.9977138742019164
HD liquid_2.0gcc_7000,0.75,0,1200,0.026116725371334214,7.051635016076519,0.9945780813678072
HD liquid_2.0gcc_7000,0.75,0,1200,0.029390080361374554,7.001477073729182,0.987503695079884
HD liquid_2.0gcc_7000,0.75,0,1200,0.03307370320615074,6.895859273889543,0.9726071287540159
HD liquid_2.0gcc_7000,0.75,0,1200,0.03721901506625844,6.699127798779089,0.9448596896687638
HD liquid_2.0gcc_7000,0.75,0,1200,0.04188388200341457,6.385433099355814,0.9006155006861578
HD liquid_2.0gcc_7000,0.75,0,1200,0.047133422755894265,5.957033114122707,0.8401930264089501
HD liquid_2.0gcc_7000,0.75,0,1200,0.05304091775697241,5.444384430248606,0.7678879307452039
HD liquid_2.0gcc_7000,0.75,0,1200,0.05968883208572181,4.889892485359582,0.68968116969981
HD liquid_2.0gcc_7000,0.75,0,1200,0.067169966629945,4.3306034623684315,0.6107978182290597
HD liquid_2.0gcc_7000,0.75,0,1200,0.0755887535307831,3.791181947675179,0.5347166237388441
HD liquid_2.0gcc_7000,0.75,0,1200,0.08506271399262945,3.285517249316887,0.46339656472245394
HD liquid_2.0gcc_7000,0.75,0,1200,0.09572409880849786,2.8206099893855066,0.39782502428646216
HD liquid_2.0gcc_7000,0.75,0,1200,0.10772173450159415,2.399588601827818,0.3384432436217957
HD liquid_2.0gcc_7000,0.75,0,1200,0.1212231008541164,2.0234434127201566,0.28539090049207727
HD liquid_2.0gcc_7000,0.75,0,1200,0.1364166688243384,1.6918262582185677,0.2386188891045181
HD liquid_2.0gcc_7000,0.75,0,1200,0.15351453148789246,1.4033058452369425,0.19792533674049165
HD liquid_2.0gcc_7000,0.75,0,1200,0.1727553647296109,1.1554821251619751,0.16297173527534756
HD liquid_2.0gcc_7000,0.75,0,1200,0.19440775901540433,0.9451659694325294,0.13330828301652248
HD liquid_2.0gcc_7000,0.75,0,1200,0.2187739687537092,0.7686358593810934,0.10841008880222625
HD liquid_2.0gcc_7000,0.75,0,1200,0.24619413158533693,0.6219150235099407,0.08771626005120223
HD liquid_2.0gcc_7000,0.75,0,1200,0.27705101650047453,0.5010179839325811,0.07066467621401155
HD liquid_2.0gcc_7000,0.75,0,1200,0.3117753670636956,0.4021399345982028,0.05671869909350339
HD liquid_2.0gcc_7000,0.75,0,1200,0.35085191433519125,0.3217832051951655,0.04538500959135834
HD liquid_2.0gcc_7000,0.75,0,1200,0.3948261434249862,0.25682730793328906,0.036223487260018714
HD liquid_2.0gcc_7000,0.75,0,1200,0.4443119081371701,0.20455433634382789,0.028850792605188604
HD liquid_2.0gcc_7000,0.75,0,1200,0.5,0.16264248003946702,0.022939452393348273
HD liquid_2.0gcc_7000,0.75,1,1200,0.004999999999999999,7.090076835783551,1.000000000001052
HD liquid_2.0gcc_7000,0.75,1,1200,0.005626677913003822,7.090076835781989,1.0000000000008318
HD liquid_2.0gcc_7000,0.75,1,1200,0.006331900867337016,7.090076835777739,1.0000000000002325
HD liquid_2.0gcc_7000,0.75,1,1200,0.007125513351514988,7.090076835542976,0.9999999999671209
HD liquid_2.0gcc_7000,0.75,1,1200,0.008018593718756654,7.09007682811713,0.9999999989197632
HD liquid_2.0gcc_7000,0.75,1,1200,0.00902360883413585,7.090076713008131,0.9999999826845373
HD liquid_2.0gcc_7000,0.75,1,1200,0.010154588104523677,7.090075684047846,0.99999983755772
HD liquid_2.0gcc_7000,0.75,1,1200,0.011427319320674952,7.0900695291392015,0.9999989694558946
HD liquid_2.0gcc_7000,0.75,1,1200,0.01285956904529672,7.090041455594437,0.9999950099015181
HD liquid_2.0gcc_7000,0.75,1,1200,0.01447133062358375,7.089934286677137,0.9999798945621808
HD liquid_2.0gcc_7000,0.75,1,1200,0.016285103278298914,7.089575593932162,0.9999293037500806
HD liquid_2.0gcc_7000,0.75,1,1200,0.018326206185398135,7.0884984948785315,0.9997773873352689
HD liquid_2.0gcc_7000,0.75,1,1200,0.020623131914506758,7.085524211813319,0.9993578879230476
HD liquid_2.0gcc_7000,0.75,1,1200,0.023207944168063883,7.077754585439058,0.9982620427644935
HD liquid_2.0gcc_7000,0.75,1,1200,0.026116725371334214,7.058224189424391,0.9955074328403644
HD liquid_2.0gcc_7000,0.75,1,1200,0.029390080361374554,7.011506645817675,0.9889182879426699
HD liquid_2.0gcc_7000,0.75,1,1200,0.03307370320615074,6.909364843397722,0.974511983922867
HD liquid_2.0gcc_7000,0.75,1,1200,0.03721901506625844,6.714875963468428,0.947080845384577
HD liquid_2.0gcc_7000,0.75,1,1200,0.04188388200341457,6.4012288957740475,0.9028433744855684
HD liquid_2.0gcc_7000,0.75,1,1200,0.047133422755894265,5.971081311826747,0.8421744150496421
HD liquid_2.0gcc_7000,0.75,1,1200,0.05304091775697241,5.45600679298812,0.769527174297667
HD liquid_2.0gcc_7000,0.75,1,1200,0.05968883208572181,4.898932342569114,0.6909561710035923
HD liquid_2.0gcc_7000,0.75,1,1200,0.067169966629945,4.337077780212189,0.6117109702292027
HD liquid_2.0gcc_7000,0.75,1,1200,0.0755887535307831,3.795440913145391,0.5353173175774104
HD liquid_2.0gcc_7000,0.75,1,1200,0.08506271399262945,3.2882346534214486,0.46377983336220263
HD liquid_2.0gcc_7000,0.75,1,1200,0.09572409880849786,2.822479477776792,0.3980887010327919
HD liquid_2.0gcc_7000,0.75,1,1200,0.10772173450159415,2.401119934890921,0.3386592261983703
HD liquid_2.0gcc_7000,0.75,1,1200,0.1212231008541164,2.024953555932885,0.28560389440564227
HD liquid_2.0gcc_7000,0.75,1,1200,0.1364166688243384,1.6934769959656182,0.23885171277981607
HD liquid_2.0gcc_7000,0.75,1,1200,0.15351453148789246,1.4051379143469873,0.198183735789258
HD liquid_2.0gcc_7000,0.75,1,1200,0.1727553647296109,1.1574522861681926,0.16324961110826888
HD liquid_2.0gcc_7000,0.75,1,1200,0.19440775901540433,0.9471879818664947,0.1335934720886299
HD liquid_2.0gcc_7000,0.75,1,1200,0.2187739687537092,0.7706162507088269,0.10868940754215027
HD liquid_2.0gcc_7000,0.75,1,1200,0.24619413158533693,0.6237760864458401,0.08797874845281005
HD liquid_2.0gcc_7000,0.75,1,1200,0.27705101650047453,0.502707360783102,0.07090294963327781
HD liquid_2.0gcc_7000,0.75,1,1200,0.3117753670636956,0.4036306892523169,0.05692895840220253
HD liquid_2.0gcc_7000,0.75,1,1200,0.35085191433519125,0.3230690335468903,0.045566365644544755
HD liquid_2.0gcc_7000,0.75,1,1200,0.3948261434249862,0.2579163241708983,0.0363770845006176
HD liquid_2.0gcc_7000,0.75,1,1200,0.4443119081371701,0.20546334731987376,0.028979001508575807
HD liquid_2.0gcc_7000,0.75,1,1200,0.5,0.16339251723446033,0.023045239285700226
HD liquid_2.0gcc_7000,0.75,2,1200,0.004999999999999999,7.090076835783126,1.000000000000992
HD liquid_2.0gcc_7000,0.75,2,1200,0.005626677913003822,7.090076835781662,1.0000000000007856
HD liquid_2.0gcc_7000,0.75,2,1200,0.006331900867337016,7.0900768357795005,1.0000000000004807
HD liquid_2.0gcc_7000,0.75,2,1200,0.007125513351514988,7.090076835693862,0.9999999999884022
HD liquid_2.0gcc_7000,0.75,2,1200,0.008018593718756654,7.090076832658245,0.9999999995602521
HD liquid_2.0gcc_7000,0.75,2,1200,0.00902360883413585,7.090076780175673,0.999999992157995
HD liquid_2.0gcc_7000,0.75,2,1200,0.010154588104523677,7.090076254539361,0.9999999180210957
HD liquid_2.0gcc_7000,0.75,2,1200,0.011427319320674952,7.090072644695271,0.9999994088807613
HD liquid_2.0gcc_7000,0.75,2,1200,0.01285956904529672,7.090053205248092,0.9999966670984607
HD liquid_2.0gcc_7000,0.75,2,1200,0.01447133062358375,7.089965561850892,0.9999843056813379
HD liquid_2.0gcc_7000,0.75,2,1200,0.016285103278298914,7.089629810223784,0.9999369505348584
HD liquid_2.0gcc_7000,0.75,2,1200,0.018326206185398135,7.0885253777600425,0.9997811789558866
HD liquid_2.0gcc_7000,0.75,2,1200,0.020623131914506758,7.0853303987244365,0.9993305520995619
HD liquid_2.0gcc_7000,0.75,2,1200,0.023207944168063883,7.076930278849592,0.9981457807537201
HD liquid_2.0gcc_7000,0.75,2,1200,0.026116725371334214,7.056234268299789,0.9952267699969717
HD liquid_2.0gcc_7000,0.75,2,1200,0.029390080361374554,7.008039590849868,0.9884292868996469
HD liquid_2.0gcc_7000,0.75,2,1200,0.03307370320615074,6.904860535112754,0.9738766863951674
HD liquid_2.0gcc_7000,0.75,2,1200,0.03721901506625844,6.710880943071978,0.9465173789385872
HD liquid_2.0gcc_7000,0.75,2,1200,0.04188388200341457,6.399849487482764,0.9026488197122938
HD liquid_2.0gcc_7000,0.75,2,1200,0.047133422755894265,5.9738806162253955,0.842569235086644
HD liquid_2.0gcc_7000,0.75,2,1200,0.05304091775697241,5.463529793421459,0.7705882347921568
HD liquid_2.0gcc_7000,0.75,2,1200,0.05968883208572181,4.910909118561909,0.6926454017792535
HD liquid_2.0gcc_7000,0.75,2,1200,0.067169966629945,4.352728541147491,0.6139183879057404
HD liquid_2.0gcc_7000,0.75,2,1200,0.0755887535307831,3.8136172042131973,0.5378809415675045
HD liquid_2.0gcc_7000,0.75,2,1200,0.08506271399262945,3.3076736203320496,0.4665215479248027
HD liquid_2.0gcc_7000,0.75,2,1200,0.09572409880849786,2.8420684954783026,0.4008515790883111
HD liquid_2.0gcc_7000,0.75,2,1200,0.10772173450159415,2.4200061122742906,0.34132297411264834
HD liquid_2.0gcc_7000,0.75,2,1200,0.1212231008541164,2.0425487583255095,0.28808556037346933
HD liquid_2.0gcc_7000,0.75,2,1200,0.1364166688243384,1.7094271384901631,0.24110135589285844
HD liquid_2.0gcc_7000,0.75,2,1200,0.15351453148789246,1.4192795860904817,0.20017830821365493
HD liquid_2.0gcc_7000,0.75,2,1200,0.1727553647296109,1.1697648524399789,0.1649862024819558
HD liquid_2.0gcc_7000,0.75,2,1200,0.19440775901540433,0.9577477152910144,0.1350828400699804
HD liquid_2.0gcc_7000,0.75,2,1200,0.2187739687537092,0.7795580250140497,0.10995057501781191
HD liquid_2.0gcc_7000,0.75,2,1200,0.24619413158533693,0.6312650968565405,0.08903501491989702
HD liquid_2.0gcc_7000,0.75,2,1200,0.27705101650047453,0.5089198968691816,0.07177917935969369
HD liquid_2.0gcc_7000,0.75,2,1200,0.3117753670636956,0.40874153159546833,0.05764980282484157
HD liquid_2.0gcc_7000,0.75,2,1200,0.35085191433519125,0.3272433704615747,0.04615512328587538
HD liquid_2.0gcc_7000,0.75,2,1200,0.3948261434249862,0.26130486224560817,0.036855011348689466
HD liquid_2.0gcc_7000,0.75,2,1200,0.4443119081371701,0.20819980019281784,0.029364956828430187
HD liquid_2.0gcc_7000,0.75,2,1200,0.5,0.1655928669727185,0.023355581442664638
HD liquid_2.5gcc_6000,1.0,0,5000,0.004999999999999999,8.51719319142355,1.0000000000008584
HD liquid_2.5gcc_6000,1.0,0,5000,0.005626677913003822,8.5171931914218,1.000000000000653
HD liquid_2.5gcc_6000,1.0,0,5000,0.006331900867337016,8.517193191419052,1.0000000000003304
HD liquid_2.5gcc_6000,1.0,0,5000,0.007125513351514988,8.517193191279157,0.9999999999839053
HD liquid_2.5gcc_6000,1.0,0,5000,0.008018593718756654,8.517193186098773,0.9999999993756786
HD liquid_2.5gcc_6000,1.0,0,5000,0.00902360883413585,8.517193086373847,0.9999999876670179
HD liquid_2.5gcc_6000,1.0,0,5000,0.010154588104523677,8.517191927440736,0.9999998515971784
HD liquid_2.5gcc_6000,1.0,0,5000,0.011427319320674952,8.517182635714704,0.9999987606596097
HD liquid_2.5gcc_6000,1.0,0,5000,0.01285956904529672,8.517125344589777,0.9999920341332014
HD liquid_2.5gcc_6000,1.0,0,5000,0.01447133062358375,8.51683153780587,0.9999575384047021
HD liquid_2.5gcc_6000,1.0,0,5000,0.016285103278298914,8.515518611851427,0.9998033883314401
HD liquid_2.5gcc_6000,1.0,0,5000,0.018326206185398135,8.510307615419137,0.9991915674750643
HD liquid_2.5gcc_6000,1.0,0,5000,0.020623131914506758,8.492009998659912,0.9970432521383092
HD liquid_2.5gcc_6000,1.0,0,5000,0.023207944168063883,8.436629506399624,0.9905410522919913
HD liquid_2.5gcc_6000,1.0,0,5000,0.026116725371334214,8.297972299383515,0.9742613690794689
HD liquid_2.5gcc_6000,1.0,0,5000,0.029390080361374554,8.020081693172077,0.9416343521777623
HD liquid_2.5gcc_6000,1.0,0,5000,0.03307370320615074,7.574973912575129,0.8893744385426536
HD liquid_2.5gcc_6000,1.0,0,5000,0.03721901506625844,6.98697199904161,0.8203373860397097
HD liquid_2.5gcc_6000,1.0,0,5000,0.04188388200341457,6.3147720271228325,0.7414146756101482
HD liquid_2.5gcc_6000,1.0,0,5000,0.047133422755894265,5.617781701819948,0.6595813404211187
HD liquid_2.5gcc_6000,1.0,0,5000,0.05304091775697241,4.937828249661365,0.5797482972016869
HD liquid_2.5gcc_6000,1.0,0,5000,0.05968883208572181,4.29826460951284,0.5046574044891572
HD liquid_2.5gcc_6000,1.0,0,5000,0.067169966629945,3.709841437845196,0.43557089224934253
HD liquid_2.5gcc_6000,1.0,0,5000,0.0755887535307831,3.1762576651806973,0.37292305032857304
HD liquid_2.5gcc_6000,1.0,0,5000,0.08506271399262945,2.697751058782165,0.3167417948792099
HD liquid_2.5gcc_6000,1.0,0,5000,0.09572409880849786,2.2730081358871352,0.26687291045340017
HD liquid_2.5gcc_6000,1.0,0,5000,0.10772173450159415,1.899955353142167,0.22307294321525686
HD liquid_2.5gcc_6000,1.0,0,5000,0.1212231008541164,1.575954074305114,0.1850320920151706
HD liquid_2.5gcc_6000,1.0,0,5000,0.1364166688243384,1.2977911177806702,0.1523730985800116
HD liquid_2.5gcc_6000,1.0,0,5000,0.15351453148789246,1.0616956194451108,0.12465322737015105
HD liquid_2.5gcc_6000,1.0,0,5000,0.1727553647296109,0.8634613155345296,0.10137862276092781
HD liquid_2.5gcc_6000,1.0,0,5000,0.19440775901540433,0.6986507686629753,0.08202828713185542
HD liquid_2.5gcc_6000,1.0,0,5000,0.2187739687537092,0.5628212112615917,0.06608059704795845
HD liquid_2.5gcc_6000,1.0,0,5000,0.24619413158533693,0.45172118062723876,0.05303639009650392
HD liquid_2.5gcc_6000,1.0,0,5000,0.27705101650047453,0.36143229798105014,0.04243561110546457
HD liquid_2.5gcc_6000,1.0,0,5000,0.3117753670636956,0.28845216942576163,0.033867045509366665
HD liquid_2.5gcc_6000,1.0,0,5000,0.35085191433519125,0.22972686674647166,0.026972132906177827
HD liquid_2.5gcc_6000,1.0,0,5000,0.3948261434249862,0.18264614059624462,0.021444405039481584
HD liquid_2.5gcc_6000,1.0,0,5000,0.4443119081371701,0.14501446497120288,0.017026086142715505
HD liquid_2.5gcc_6000,1.0,0,5000,0.5,0.11500874633676926,0.01350312758581981
HD liquid_2.5gcc_6000,0.25,0,1250,0.004999999999999999,7.130898830304184,1.0000000000010991
HD liquid_2.5gcc_6000,0.25,0,1250,0.005626677913003822,7.130898830302553,1.0000000000008704
HD liquid_2.5gcc_6000,0.25,0,1250,0.006331900867337016,7.130898830301133,1.0000000000006712
HD liquid_2.5gcc_6000,0.25,0,1250,0.007125513351514988,7.130898830288601,0.9999999999989138
HD liquid_2.5gcc_6000,0.25,0,1250,0.008018593718756654,7.130898829689625,0.9999999999149165
HD liquid_2.5gcc_6000,0.25,0,1250,0.00902360883413585,7.130898815833213,0.9999999979717656
HD liquid_2.5gcc_6000,0.25,0,1250,0.010154588104523677,7.130898638874681,0.9999999731560256
HD liquid_2.5gcc_6000,0.25,0,1250,0.011427319320674952,7.13089713297722,0.9999997619768326
HD liquid_2.5gcc_6000,0.25,0,1250,0.01285956904529672,7.130887209197841,0.9999983703178544
HD liquid_2.5gcc_6000,0.25,0,1250,0.01447133062358375,7.130831712699758,0.9999905877788781
HD liquid_2.5gcc_6000,0.25,0,1250,0.016285103278298914,7.130558385349346,0.999952257779124
HD liquid_2.5gcc_6000,0.25,0,1250,0.018326206185398135,7.129368133649623,0.999785343098654
HD liquid_2.5gcc_6000,0.25,0,1250,0.020623131914506758,7.124816689348522,0.9991470723267053
HD liquid_2.5gcc_6000,0.25,0,1250,0.023207944168063883,7.109650244473854,0.9970202093272988
HD liquid_2.5gcc_6000,0.25,0,1250,0.026116725371334214,7.066159993525828,0.9909213637283045
HD liquid_2.5gcc_6000,0.25,0,1250,0.029390080361374554,6.961047451739284,0.9761809299782194
HD liquid_2.5gcc_6000,0.25,0,1250,0.03307370320615074,6.751307217054214,0.946768055153244
HD liquid_2.5gcc_6000,0.25,0,1250,0.03721901506625844,6.407827123091633,0.8986002011229398
HD liquid_2.5gcc_6000,0.25,0,1250,0.04188388200341457,5.9377608810971285,0.8326805669812548
HD liquid_2.5gcc_6000,0.25,0,1250,0.047133422755894265,5.380781177314887,0.7545726429961526
HD liquid_2.5gcc_6000,0.25,0,1250,0.05304091775697241,4.786537453555244,0.671239007517419
HD liquid_2.5gcc_6000,0.25,0,1250,0.05968883208572181,4.195839699615961,0.5884026403220742
HD liquid_2.5gcc_6000,0.25,0,1250,0.067169966629945,3.6346370145164766,0.5097025074979823
HD liquid_2.5gcc_6000,0.25,0,1250,0.0755887535307831,3.116562718414052,0.43705047464325525
HD liquid_2.5gcc_6000,0.25,0,1250,0.08506271399262945,2.64761505862729,0.37128770462688787
HD liquid_2.5gcc_6000,0.25,0,1250,0.09572409880849786,2.229592690781007,0.3126664315174907
HD liquid_2.5gcc_6000,0.25,0,1250,0.10772173450159415,1.8619619743903832,0.2611118203612214
HD liquid_2.5gcc_6000,0.25,0,1250,0.1212231008541164,1.542771094041184,0.21635015876071115
HD liquid_2.5gcc_6000,0.25,0,1250,0.1364166688243384,1.2690586922948808,0.17796616141897237
HD liquid_2.5gcc_6000,0.25,0,1250,0.15351453148789246,1.0371001041648522,0.14543750077600698
HD liquid_2.5gcc_6000,0.25,0,1250,0.1727553647296109,0.8426573841665602,0.11816986949617696
HD liquid_2.5gcc_6000,0.25,0,1250,0.19440775901540433,0.6812506771933607,0.09553503610218086
HD liquid_2.5gcc_6000,0.25,0,1250,0.2187739687537092,0.5484127383901075,0.0769065375125111
HD liquid_2.5gcc_6000,0.25,0,1250,0.24619413158533693,0.4398920777657165,0.06168816698068838
HD liquid_2.5gcc_6000,0.25,0,1250,0.27705101650047453,0.35179092234358994,0.04933332118652007
HD liquid_2.5gcc_6000,0.25,0,1250,0.3117753670636956,0.28064114140295515,0.03935564759531054
HD liquid_2.5gcc_6000,0.25,0,1250,0.35085191433519125,0.2234300700822941,0.03133266582510311
HD liquid_2.5gcc_6000,0.25,0,1250,0.3948261434249862,0.17759062146326252,0.024904381016983546
HD liquid_2.5gcc_6000,0.25,0,1250,0.4443119081371701,0.1409689284800311,0.01976874610548537
HD liquid_2.5gcc_6000,0.25,0,1250,0.5,0.1117800679897308,0.015675452793527493
HD liquid_2.5gcc_6000,0.25,1,1250,0.004999999999999999,7.1308988303036,1.0000000000010172
HD liquid_2.5gcc_6000,0.25,1,1250,0.005626677913003822,7.13089883030209,1.0000000000008056
HD liquid_2.5gcc_6000,0.25,1,1250,0.006331900867337016,7.13089883030084,1.0000000000006302
HD liquid_2.5gcc_6000,0.25,1,1250,0.007125513351514988,7.13089883029972,1.000000000000473
HD liquid_2.5gcc_6000,0.25,1,1250,0.008018593718756654,7.130898830267749,0.9999999999959897
HD liquid_2.5gcc_6000,0.25,1,1250,0.00902360883413585,7.1308988284907375,0.9999999997467909
HD liquid_2.5gcc_6000,0.25,1,1250,0.010154588104523677,7.13089878147032,0.9999999931528931
HD liquid_2.5gcc_6000,0.25,1,1250,0.011427319320674952,7.130898082735758,0.9999998951660083
HD liquid_2.5gcc_6000,0.25,1,1250,0.01285956904529672,7.130891334199378,0.9999989487865208
HD liquid_2.5gcc_6000,0.25,1,1250,0.01447133062358375,7.130844185913568,0.9999923369572224
HD liquid_2.5gcc_6000,0.25,1,1250,0.016285103278298914,7.130586823186185,0.9999562457528025
HD liquid_2.5gcc_6000,0.25,1,1250,0.018326206185398135,7.129426681290167,0.9997935535139097
HD liquid_2.5gcc_6000,0.25,1,1250,0.020623131914506758,7.1249563143838825,0.9991666526122602
HD liquid_2.5gcc_6000,0.25,1,1250,0.023207944168063883,7.1100503821103525,0.9970763225391143
HD liquid_2.5gcc_6000,0.25,1,1250,0.026116725371334214,7.06736559468004,0.9910904309360863
HD liquid_2.5gcc_6000,0.25,1,1250,0.029390080361374554,6.9643557615527785,0.976644870063786
HD liquid_2.5gcc_6000,0.25,1,1250,0.03307370320615074,6.75849074717959,0.947775435891119
HD liquid_2.5gcc_6000,0.25,1,1250,0.03721901506625844,6.419651340752599,0.9002583676377597
HD liquid_2.5gcc_6000,0.25,1,1250,0.04188388200341457,5.953718270605207,0.8349183479241399
HD liquid_2.5gcc_6000,0.25,1,1250,0.047133422755894265,5.400356737727511,0.7573178173252925
HD liquid_2.5gcc_6000,0.25,1,1250,0.05304091775697241,4.8093076625574955,0.6744321826758591
HD liquid_2.5gcc_6000,0.25,1,1250,0.05968883208572181,4.221078692339711,0.5919420248126408
HD liquid_2.5gcc_6000,0.25,1,1250,0.067169966629945,3.661575329163766,0.5134801960178137
HD liquid_2.5gcc_6000,0.25,1,1250,0.0755887535307831,3.144655237899084,0.4409900228199421
HD liquid_2.5gcc_6000,0.25,1,1250,0.08506271399262945,2.676314014404384,0.3753122962611379
HD liquid_2.5gcc_6000,0.25,1,1250,0.09572409880849786,2.2581602796340063,0.31667260094056915
HD liquid_2.5gcc_6000,0.25,1,1250,0.10772173450159415,1.8895557077543057,0.2649814213779526
HD liquid_2.5gcc_6000,0.25,1,1250,0.1212231008541164,1.5686045679207687,0.21997291018299028
HD liquid_2.5gcc_6000,0.25,1,1250,0.1364166688243384,1.2925305454698088,0.1812577314907851
HD liquid_2.5gcc_6000,0.25,1,1250,0.15351453148789246,1.0578574328432333,0.14834840011315528
HD liquid_2.5gcc_6000,0.25,1,1250,0.1727553647296109,0.8605921516595163,0.12068494759779838
HD liquid_2.5gcc_6000,0.25,1,1250,0.19440775901540433,0.6964508497056415,0.09766662888929226
HD liquid_2.5gcc_6000,0.25,1,1250,0.2187739687537092,0.5610965645711019,0.0786852510355674
HD liquid_2.5gcc_6000,0.25,1,1250,0.24619413158533693,0.45034677114868493,0.06315427856518466
HD liquid_2.5gcc_6000,0.25,1,1250,0.27705101650047453,0.36032584289277225,0.05053021385773858
HD liquid_2.5gcc_6000,0.25,1,1250,0.3117753670636956,0.2875570758203849,0.040325502109028605
HD liquid_2.5gcc_6000,0.25,1,1250,0.35085191433519125,0.22900192920569598,0.032114034241063426
HD liquid_2.5gcc_6000,0.25,1,1250,0.3948261434249862,0.18205968737482717,0.025531099473930008
HD liquid_2.5gcc_6000,0.25,1,1250,0.4443119081371701,0.14454115799134568,0.020269696910752387
HD liquid_2.5gcc_6000,0.25,1,1250,0.5,0.11462783768668067,0.016074809139020832
HD liquid_2.5gcc_6000,0.25,2,1250,0.004999999999999999,7.130898830303545,1.0000000000010094
HD liquid_2.5gcc_6000,0.25,2,1250,0.005626677913003822,7.130898830302047,1.0000000000007994
HD liquid_2.5gcc_6000,0.25,2,1250,0.006331900867337016,7.130898830300812,1.0000000000006262
HD liquid_2.5gcc_6000,0.25,2,1250,0.007125513351514988,7.13089883029949,1.0000000000004408
HD liquid_2.5gcc_6000,0.25,2,1250,0.008018593718756654,7.130898830240159,0.9999999999921205
HD liquid_2.5gcc_6000,0.25,2,1250,0.00902360883413585,7.130898827137436,0.9999999995570109
HD liquid_2.5gcc_6000,0.25,2,1250,0.010154588104523677,7.130898752000218,0.99999998902016
HD liquid_2.5gcc_6000,0.25,2,1250,0.011427319320674952,7.130897748881292,0.9999998483480022
HD liquid_2.5gcc_6000,0.25,2,1250,0.01285956904529672,7.130889106741263,0.9999986364194311
HD liquid_2.5gcc_6000,0.25,2,1250,0.01447133062358375,7.1308346013712915,0.9999909928710835
HD liquid_2.5gcc_6000,0.25,2,1250,0.016285103278298914,7.1305595394140004,0.9999524196191223
HD liquid_2.5gcc_6000,0.25,2,1250,0.018326206185398135,7.129386762433265,0.9997879555019548
HD liquid_2.5gcc_6000,0.25,2,1250,0.020623131914506758,7.125035710575145,0.9991777867193555
HD liquid_2.5gcc_6000,0.25,2,1250,0.023207944168063883,7.110839798769985,0.9971870262075324
HD liquid_2.5gcc_6000,0.25,2,1250,0.026116725371334214,7.07043327694631,0.9915206266714733
HD liquid_2.5gcc_6000,0.25,2,1250,0.029390080361374554,6.972434055327022,0.9777777277815146
HD liquid_2.5gcc_6000,0.25,2,1250,0.03307370320615074,6.774961129641974,0.9500851562860301
HD liquid_2.5gcc_6000,0.25,2,1250,0.03721901506625844,6.447064852629901,0.904102695334688
HD liquid_2.5gcc_6000,0.25,2,1250,0.04188388200341457,5.991458744230895,0.8402108747884033
HD liquid_2.5gcc_6000,0.25,2,1250,0.047133422755894265,5.444865155541984,0.7635594453267128
HD liquid_2.5gcc_6000,0.25,2,1250,0.05304091775697241,4.85677572846789,0.6810888562649895
HD liquid_2.5gcc_6000,0.25,2,1250,0.05968883208572181,4.2688801995566825,0.5986454584687013
HD liquid_2.5gcc_6000,0.25,2,1250,0.067169966629945,3.708046835715371,0.5199971173285138
HD liquid_2.5gcc_6000,0.25,2,1250,0.0755887535307831,3.1885136883344827,0.4471405027915638
HD liquid_2.5gcc_6000,0.25,2,1250,0.08506271399262945,2.7165484015975783,0.3809545565358531
HD liquid_2.5gcc_6000,0.25,2,1250,0.09572409880849786,2.2941444208268167,0.3217188289195622
HD liquid_2.5gcc_6000,0.25,2,1250,0.10772173450159415,1.9210624495335855,0.26939976225321793
HD liquid_2.5gcc_6000,0.25,2,1250,0.1212231008541164,1.5957289051948302,0.22377668554421418
HD liquid_2.5gcc_6000,0.25,2,1250,0.1364166688243384,1.3155811646375113,0.1844902299059596
HD liquid_2.5gcc_6000,0.25,2,1250,0.15351453148789246,1.0772537037389043,0.15106843181704988
HD liquid_2.5gcc_6000,0.25,2,1250,0.1727553647296109,0.8767867435522992,0.12295599256396429
HD liquid_2.5gcc_6000,0.25,2,1250,0.19440775901540433,0.7098832644762353,0.09955032056551193
HD liquid_2.5gcc_6000,0.25,2,1250,0.2187739687537092,0.572171367380849,0.08023832352661082
HD liquid_2.5gcc_6000,0.25,2,1250,0.24619413158533693,0.45942646746453947,0.06442756774400157
HD liquid_2.5gcc_6000,0.25,2,1250,0.27705101650047453,0.3677304333414564,0.05156859494053069
HD liquid_2.5gcc_6000,0.25,2,1250,0.3117753670636956,0.2935659680497164,0.04116815776469463
HD liquid_2.5gcc_6000,0.25,2,1250,0.35085191433519125,0.2338565461295587,0.03279482035784822
HD liquid_2.5gcc_6000,0.25,2,1250,0.3948261434249862,0.1859663734218125,0.026078952716551734
HD liquid_2.5gcc_6000,0.25,2,1250,0.4443119081371701,0.14767434718753444,0.020709078995781713
HD liquid_2.5gcc_6000,0.25,2,1250,0.5,0.11713344144845637,0.01642618192124716
HD liquid_2.5gcc_6000,0.5,0,2500,0.004999999999999999,7.8240460108634755,1.0000000000009182
HD liquid_2.5gcc_6000,0.5,0,2500,0.005626677913003822,7.824046010861997,1.0000000000007292
HD liquid_2.5gcc_6000,0.5,0,2500,0.006331900867337016,7.824046010858135,1.0000000000002356
HD liquid_2.5gcc_6000,0.5,0,2500,0.007125513351514988,7.824046010646852,0.9999999999732313
HD liquid_2.5gcc_6000,0.5,0,2500,0.008018593718756654,7.824046004000389,0.9999999991237395
HD liquid_2.5gcc_6000,0.5,0,2500,0.00902360883413585,7.824045899075716,0.9999999857132006
HD liquid_2.5gcc_6000,0.5,0,2500,0.010154588104523677,7.824044919246828,0.9999998604801834
HD liquid_2.5gcc_6000,0.5,0,2500,0.011427319320674952,7.824038580341029,0.9999990502976015
HD liquid_2.5gcc_6000,0.5,0,2500,0.01285956904529672,7.824005789101871,0.9999948592129487
HD liquid_2.5gcc_6000,0.5,0,2500,0.01447133062358375,7.823855314246751,0.9999756268547915
HD liquid_2.5gcc_6000,0.5,0,2500,0.016285103278298914,7.823215711243696,0.9998938784854481
HD liquid_2.5gcc_6000,0.5,0,2500,0.018326206185398135,7.820702350740806,0.9995726430914585
HD liquid_2.5gcc_6000,0.5,0,2500,0.020623131914506758,7.811734573311819,0.9984264615101457
HD liquid_2.5gcc_6000,0.5,0,2500,0.023207944168063883,7.783376034914752,0.9948019252589889
HD liquid_2.5gcc_6000,0.5,0,2500,0.026116725371334214,7.706500950416272,0.984976435430349
HD liquid_2.5gcc_6000,0.5,0,2500,0.029390080361374554,7.534214387674949,0.962956298725853
HD liquid_2.5gcc_6000,0.5,0,2500,0.03307370320615074,7.221488284093997,0.9229864285145802
HD liquid_2.5gcc_6000,0.5,0,2500,0.03721901506625844,6.758093389053999,0.8637594129273748
HD liquid_2.5gcc_6000,0.5,0,2500,0.04188388200341457,6.178914662242497,0.7897339373604034
HD liquid_2.5gcc_6000,0.5,0,2500,0.047133422755894265,5.5408818208920225,0.708186252126297
HD liquid_2.5gcc_6000,0.5,0,2500,0.05304091775697241,4.894826021604622,0.6256131437382632
HD liquid_2.5gcc_6000,0.5,0,2500,0.05968883208572181,4.27381045909499,0.5462404557903728
HD liquid_2.5gcc_6000,0.5,0,2500,0.067169966629945,3.6952971055286112,0.47230002231597107
HD liquid_2.5gcc_6000,0.5,0,2500,0.0755887535307831,3.1669512715254937,0.40477155516866536
HD liquid_2.5gcc_6000,0.5,0,2500,0.08506271399262945,2.691201122394868,0.3439654008502352
HD liquid_2.5gcc_6000,0.5,0,2500,0.09572409880849786,2.2679387607758037,0.2898677688792876
HD liquid_2.5gcc_6000,0.5,0,2500,0.10772173450159415,1.8957339420186556,0.2422958581005558
HD liquid_2.5gcc_6000,0.5,0,2500,0.1212231008541164,1.5722780806927081,0.20095460564918538
HD liquid_2.5gcc_6000,0.5,0,2500,0.1364166688243384,1.2945253743846519,0.1654547241399689
HD liquid_2.5gcc_6000,0.5,0,2500,0.15351453148789246,1.0587865983765041,0.13532468966917882
HD liquid_2.5gcc_6000,0.5,0,2500,0.1727553647296109,0.860889764828848,0.11003127584299945
HD liquid_2.5gcc_6000,0.5,0,2500,0.19440775901540433,0.6964061259095523,0.08900843948811787
HD liquid_2.5gcc_6000,0.5,0,2500,0.2187739687537092,0.5608896758699544,0.07168793167776484
HD liquid_2.5gcc_6000,0.5,0,2500,0.24619413158533693,0.4500820867784203,0.05752549079515979
HD liquid_2.5gcc_6000,0.5,0,2500,0.27705101650047453,0.3600588512651597,0.04601952119984447
HD liquid_2.5gcc_6000,0.5,0,2500,0.3117753670636956,0.28731388678091796,0.03672190659183934
HD liquid_2.5gcc_6000,0.5,0,2500,0.35085191433519125,0.2287921890927064,0.029242183491155947
HD liquid_2.5gcc_6000,0.5,0,2500,0.3948261434249862,0.1818845212698064,0.023246862431206522
HD liquid_2.5gcc_6000,0.5,0,2500,0.4443119081371701,0.14439774710085138,0.018455636239931565
HD liquid_2.5gcc_6000,0.5,0,2500,0.5,0.1145118963956282,0.014635892508394848
HD liquid_2.5gcc_6000,0.5,1,2500,0.004999999999999999,7.824046010863557,1.0000000000009286
HD liquid_2.5gcc_6000,0.5,1,2500,0.005626677913003822,7.824046010862062,1.0000000000007376
HD liquid_2.5gcc_6000,0.5,1,2500,0.006331900867337016,7.824046010858529,1.000000000000286
HD liquid_2.5gcc_6000,0.5,1,2500,0.007125513351514988,7.824046010680779,0.9999999999775675
HD liquid_2.5gcc_6000,0.5,1,2500,0.008018593718756654,7.824046005271818,0.9999999992862422
HD liquid_2.5gcc_6000,0.5,1,2500,0.00902360883413585,7.8240459205251085,0.9999999884546712
HD liquid_2.5gcc_6000,0.5,1,2500,0.010154588104523677,7.824045107622042,0.9999998845566285
HD liquid_2.5gcc_6000,0.5,1,2500,0.011427319320674952,7.82403954818467,0.9999991739987708
HD liquid_2.5gcc_6000,0.5,1,2500,0.01285956904529672,7.824009003269323,0.9999952700192563
HD liquid_2.5gcc_6000,0.5,1,2500,0.01447133062358375,7.823862906888871,0.9999765972788034
HD liquid_2.5gcc_6000,0.5,1,2500,0.016285103278298914,7.823229686840782,0.9998956647220151
HD liquid_2.5gcc_6000,0.5,1,2500,0.018326206185398135,7.8207211114990525,0.9995750409247817
HD liquid_2.5gcc_6000,0.5,1,2500,0.020623131914506758,7.8117251567124475,0.9984252579641341
HD liquid_2.5gcc_6000,0.5,1,2500,0.023207944168063883,7.783172336727032,0.9947758903676505
HD liquid_2.5gcc_6000,0.5,1,2500,0.026116725371334214,7.70570372192249,0.9848745407721791
HD liquid_2.5gcc_6000,0.5,1,2500,0.029390080361374554,7.532559802376069,0.9627448243433423
HD liquid_2.5gcc_6000,0.5,1,2500,0.03307370320615074,7.2198360122762795,0.9227752498206634
HD liquid_2.5gcc_6000,0.5,1,2500,0.03721901506625844,6.75837113378136,0.8637949117890859
HD liquid_2.5gcc_6000,0.5,1,2500,0.04188388200341457,6.182227300412486,0.7901573293196777
HD liquid_2.5gcc_6000,0.5,1,2500,0.047133422755894265,5.546533291072287,0.7089085727993124
HD liquid_2.5gcc_6000,0.5,1,2500,0.05304091775697241,4.901200427773392,0.626427863661935
HD liquid_2.5gcc_6000,0.5,1,2500,0.05968883208572181,4.279685822413756,0.5469913924937888
HD liquid_2.5gcc_6000,0.5,1,2500,0.067169966629945,3.700187533704665,0.4729250733661909
HD liquid_2.5gcc_6000,0.5,1,2500,0.0755887535307831,3.170849060910727,0.40526973595387866
HD liquid_2.5gcc_6000,0.5,1,2500,0.08506271399262945,2.694320637686655,0.3443641095602119
HD liquid_2.5gcc_6000,0.5,1,2500,0.09572409880849786,2.270507379266739,0.2901960668580279
HD liquid_2.5gcc_6000,0.5,1,2500,0.10772173450159415,1.897918226306865,0.24257503389849697
HD liquid_2.5gcc_6000,0.5,1,2500,0.1212231008541164,1.5741835937467363,0.20119815138644
HD liquid_2.5gcc_6000,0.5,1,2500,0.1364166688243384,1.2962112520734481,0.16567019803754784
HD liquid_2.5gcc_6000,0.5,1,2500,0.15351453148789246,1.0602815898023612,0.135515766181738
HD liquid_2.5gcc_6000,0.5,1,2500,0.1727553647296109,0.8622065126772482,0.11019957084619512
HD liquid_2.5gcc_6000,0.5,1,2500,0.19440775901540433,0.697551830356466,0.08915487324442808
HD liquid_2.5gcc_6000,0.5,1,2500,0.2187739687537092,0.5618723690151425,0.0718135307787702
HD liquid_2.5gcc_6000,0.5,1,2500,0.24619413158533693,0.45091304578240987,0.0576316965872572
HD liquid_2.5gcc_6000,0.5,1,2500,0.27705101650047453,0.3607524941711413,0.04610817646912831
HD liquid_2.5gcc_6000,0.5,1,2500,0.3117753670636956,0.2878865317566347,0.03679509698143089
HD liquid_2.5gcc_6000,0.5,1,2500,0.35085191433519125,0.2292606299479171,0.02930205543651014
HD liquid_2.5gcc_6000,0.5,1,2500,0.3948261434249862,0.182264886752861,0.023295477365541883
HD liquid_2.5gcc_6000,0.5,1,2500,0.4443119081371701,0.14470477226472608,0.01849487746671483
HD liquid_2.5gcc_6000,0.5,1,2500,0.5,0.1147585624933167,0.014667419175971474
HD liquid_2.5gcc_6000,0.5,2,2500,0.004999999999999999,7.824046010863532,1.0000000000009255
HD liquid_2.5gcc_6000,0.5,2,2500,0.005626677913003822,7.824046010862056,1.0000000000007367
HD liquid_2.5gcc_6000,0.5,2,2500,0.006331900867337016,7.824046010860821,1.0000000000005789
HD liquid_2.5gcc_6000,0.5,2,2500,0.007125513351514988,7.824046010846587,0.9999999999987595
HD liquid_2.5gcc_6000,0.5,2,2500,0.008018593718756654,7.824046010136151,0.999999999907958
HD liquid_2.5gcc_6000,0.5,2,2500,0.00902360883413585,7.824045991623342,0.9999999975418152
HD liquid_2.5gcc_6000,0.5,2,2500,0.010154588104523677,7.824045709782258,0.9999999615193937
HD liquid_2.5gcc_6000,0.5,2,2500,0.011427319320674952,7.824042844948689,0.9999995953618372
HD liquid_2.5gcc_6000,0.5,2,2500,0.01285956904529672,7.8240215132823066,0.9999968689378933
HD liquid_2.5gcc_6000,0.5,2,2500,0.01447133062358375,7.8238967220788584,0.9999809192357475
HD liquid_2.5gcc_6000,0.5,2,2500,0.016285103278298914,7.823291119162071,0.9999035164551469
HD liquid_2.5gcc_6000,0.5,2,2500,0.018326206185398135,7.820761998695517,0.9995802667627186
HD liquid_2.5gcc_6000,0.5,2,2500,0.020623131914506758,7.811520526756575,0.9983991039824744
HD liquid_2.5gcc_6000,0.5,2,2500,0.023207944168063883,7.7821174437817655,0.9946410633301046
HD liquid_2.5gcc_6000,0.5,2,2500,0.026116725371334214,7.702669114282097,0.9844866842033165
HD liquid_2.5gcc_6000,0.5,2,2500,0.029390080361374554,7.526167460815725,0.9619278120773773
HD liquid_2.5gcc_6000,0.5,2,2500,0.03307370320615074,7.209340771529893,0.9214338414583118
HD liquid_2.5gcc_6000,0.5,2,2500,0.03721901506625844,6.744485041962625,0.8620201149896465
HD liquid_2.5gcc_6000,0.5,2,2500,0.04188388200341457,6.1668784236731256,0.78819557235684
HD liquid_2.5gcc_6000,0.5,2,2500,0.047133422755894265,5.5316246446729735,0.7070030821645913
HD liquid_2.5gcc_6000,0.5,2,2500,0.05304091775697241,4.8878369712160445,0.624719865455022
HD liquid_2.5gcc_6000,0.5,2,2500,0.05968883208572181,4.2680795390169965,0.5455079805377937
HD liquid_2.5gcc_6000,0.5,2,2500,0.067169966629945,3.6901118227344063,0.47163728556991796
HD liquid_2.5gcc_6000,0.5,2,2500,0.0755887535307831,3.1620666933810826,0.40414725181747935
HD liquid_2.5gcc_6000,0.5,2,2500,0.08506271399262945,2.686678296158924,0.34338733341176814
HD liquid_2.5gcc_6000,0.5,2,2500,0.09572409880849786,2.2639113296877147,0.28935301844421846
HD liquid_2.5gcc_6000,0.5,2,2500,0.10772173450159415,1.8923010447128457,0.2418570956877266
HD liquid_2.5gcc_6000,0.5,2,2500,0.1212231008541164,1.5694765170953755,0.2005965346979863
HD liquid_2.5gcc_6000,0.5,2,2500,0.1364166688243384,1.2923291785018034,0.16517402590790314
HD liquid_2.5gcc_6000,0.5,2,2500,0.15351453148789246,1.0571236971753988,0.13511215242197985
HD liquid_2.5gcc_6000,0.5,2,2500,0.1727553647296109,0.859665641414191,0.10987481927143039
HD liquid_2.5gcc_6000,0.5,2,2500,0.19440775901540433,0.6955242311004324,0.08889572353426277
HD liquid_2.5gcc_6000,0.5,2,2500,0.2187739687537092,0.5602640430235093,0.07160796884963512
HD liquid_2.5gcc_6000,0.5,2,2500,0.24619413158533693,0.44964261059200206,0.05746932085625498
HD liquid_2.5gcc_6000,0.5,2,2500,0.27705101650047453,0.35975168686706904,0.04598026217738161
HD liquid_2.5gcc_6000,0.5,2,2500,0.3117753670636956,0.2870993801711354,0.03669449026408706
HD liquid_2.5gcc_6000,0.5,2,2500,0.35085191433519125,0.22864198855062914,0.029222986193252937
HD liquid_2.5gcc_6000,0.5,2,2500,0.3948261434249862,0.18177876589394376,0.02323334571930121
HD liquid_2.5gcc_6000,0.5,2,2500,0.4443119081371701,0.1443227087160408,0.01844604550072752
HD liquid_2.5gcc_6000,0.5,2,2500,0.5,0.11445815885035418,0.014629024253121367
HD liquid_2.5gcc_6000,0.75,0,3750,0.004999999999999999,8.229511118971677,1.0000000000008775
HD liquid_2.5gcc_6000,0.75,0,3750,0.005626677913003822,8.229511118969993,1.0000000000006728
HD liquid_2.5gcc_6000,0.75,0,3750,0.006331900867337016,8.229511118968063,1.000000000000438
HD liquid_2.5gcc_6000,0.75,0,3750,0.007125513351514988,8.229511118895717,0.9999999999916471
HD liquid_2.5gcc_6000,0.75,0,3750,0.008018593718756654,8.229511115987744,0.9999999996382881
HD liquid_2.5gcc_6000,0.75,0,3750,0.00902360883413585,8.229511055749192,0.9999999923184667
HD liquid_2.5gcc_6000,0.75,0,3750,0.010154588104523677,8.22951030144332,0.9999999006598175
HD liquid_2.5gcc_6000,0.75,0,3750,0.011427319320674952,8.229503790396027,0.9999991094770608
HD liquid_2.5gcc_6000,0.75,0,3750,0.01285956904529672,8.22946119753167,0.9999939338519549
HD liquid_2.5gcc_6000,0.75,0,3750,0.01447133062358375,8.22923503274333,0.9999664516862381
HD liquid_2.5gcc_6000,0.75,0,3750,0.016285103278298914,8.228210096020579,0.9998419076267022
HD liquid_2.5gcc_6000,0.75,0,3750,0.018326206185398135,8.224124521357332,0.9993454535112406
HD liquid_2.5gcc_6000,0.75,0,3750,0.020623131914506758,8.209709750801899,0.9975938585079585
HD liquid_2.5gcc_6000,0.75,0,3750,0.023207944168063883,8.16550821836959,0.9922227578686448
HD liquid_2.5gcc_6000,0.75,0,3750,0.026116725371334214,8.051922806017105,0.9784205513085572
HD liquid_2.5gcc_6000,0.75,0,3750,0.029390080361374554,7.815654362371805,0.9497106510204547
HD liquid_2.5gcc_6000,0.75,0,3750,0.03307370320615074,7.421332538114967,0.9017950678762574
HD liquid_2.5gcc_6000,0.75,0,3750,0.03721901506625844,6.880621253675889,0.8360911303491497
HD liquid_2.5gcc_6000,0.75,0,3750,0.04188388200341457,6.24419778889778,0.758756832408716
HD liquid_2.5gcc_6000,0.75,0,3750,0.047133422755894265,5.570805728575225,0.6769303362064375
HD liquid_2.5gcc_6000,0.75,0,3750,0.05304091775697241,4.905430155274313,0.5960779546150705
HD liquid_2.5gcc_6000,0.75,0,3750,0.05968883208572181,4.2748213310548655,0.5194502163322648
HD liquid_2.5gcc_6000,0.75,0,3750,0.067169966629945,3.692132270821464,0.4486453955099651
HD liquid_2.5gcc_6000,0.75,0,3750,0.0755887535307831,3.1624960295821,0.38428722968662155
HD liquid_2.5gcc_6000,0.75,0,3750,0.08506271399262945,2.6868952071792784,0.32649511840229195
HD liquid_2.5gcc_6000,0.75,0,3750,0.09572409880849786,2.264381906359267,0.2751538789638577
HD liquid_2.5gcc_6000,0.75,0,3750,0.10772173450159415,1.8930694634748035,0.23003425551152473
HD liquid_2.5gcc_6000,0.75,0,3750,0.1212231008541164,1.5704316241981555,0.1908292730268244
HD liquid_2.5gcc_6000,0.75,0,3750,0.1364166688243384,1.2933379667192333,0.15715854174360455
HD liquid_2.5gcc_6000,0.75,0,3750,0.15351453148789246,1.058084826711921,0.12857201496132895
HD liquid_2.5gcc_6000,0.75,0,3750,0.1727553647296109,0.860520158168197,0.10456516137212277
HD liquid_2.5gcc_6000,0.75,0,3750,0.19440775901540433,0.696248301218915,0.08460384719749015
HD liquid_2.5gcc_6000,0.75,0,3750,0.2187739687537092,0.5608571900831938,0.0681519451125996
HD liquid_2.5gcc_6000,0.75,0,3750,0.24619413158533693,0.45011722412875926,0.05469549984463704
HD liquid_2.5gcc_6000,0.75,0,3750,0.27705101650047453,0.36012551028847484,0.043760255631538715
HD liquid_2.5gcc_6000,0.75,0,3750,0.3117753670636956,0.28739090592216593,0.034921990111890046
HD liquid_2.5gcc_6000,0.75,0,3750,0.35085191433519125,0.22886806737378654,0.027810651697932898
HD liquid_2.5gcc_6000,0.75,0,3750,0.3948261434249862,0.18195365971082553,0.022109899006214757
HD liquid_2.5gcc_6000,0.75,0,3750,0.4443119081371701,0.14445796245362644,0.01755365055899019
HD liquid_2.5gcc_6000,0.75,0,3750,0.5,0.11456286542073779,0.013920980695528069
HD liquid_2.5gcc_6000,0.75,1,3750,0.004999999999999999,8.229511118971626,1.000000000000871
HD liquid_2.5gcc_6000,0.75,1,3750,0.005626677913003822,8.229511118969953,1.000000000000668
HD liquid_2.5gcc_6000,0.75,1,3750,0.006331900867337016,8.229511118967816,1.0000000000004081
HD liquid_2.5gcc_6000,0.75,1,3750,0.007125513351514988,8.22951111887533,0.9999999999891699
HD liquid_2.5gcc_6000,0.75,1,3750,0.008018593718756654,8.229511115288451,0.9999999995533143
HD liquid_2.5gcc_6000,0.75,1,3750,0.00902360883413585,8.229511045948595,0.9999999911275578
HD liquid_2.5gcc_6000,0.75,1,3750,0.010154588104523677,8.229510248925326,0.9999998942781512
HD liquid_2.5gcc_6000,0.75,1,3750,0.011427319320674952,8.229503857906352,0.9999991176805038
HD liquid_2.5gcc_6000,0.75,1,3750,0.01285956904529672,8.229463611432324,0.9999942271744402
HD liquid_2.5gcc_6000,0.75,1,3750,0.01447133062358375,8.229250597915696,0.9999683430710531
HD liquid_2.5gcc_6000,0.75,1,3750,0.016285103278298914,8.228272325367485,0.999849469357406
HD liquid_2.5gcc_6000,0.75,1,3750,0.018326206185398135,8.224318023844486,0.9993689667533222
HD liquid_2.5gcc_6000,0.75,1,3750,0.020623131914506758,8.210240903756523,0.9976584009755419
HD liquid_2.5gcc_6000,0.75,1,3750,0.023207944168063883,8.166872777327836,0.9923885707509071
HD liquid_2.5gcc_6000,0.75,1,3750,0.026116725371334214,8.055170541932977,0.9788151963693541
HD liquid_2.5gcc_6000,0.75,1,3750,0.029390080361374554,7.822395504384538,0.950529793484118
HD liquid_2.5gcc_6000,0.75,1,3750,0.03307370320615074,7.432774367560853,0.9031854092076542
HD liquid_2.5gcc_6000,0.75,1,3750,0.03721901506625844,6.896263745956134,0.8379919106086475
HD liquid_2.5gcc_6000,0.75,1,3750,0.04188388200341457,6.262186821220822,0.7609427499028413
HD liquid_2.5gcc_6000,0.75,1,3750,0.047133422755894265,5.589289872775156,0.6791764166761917
HD liquid_2.5gcc_6000,0.75,1,3750,0.05304091775697241,4.923201485515764,0.5982374182799896
HD liquid_2.5gcc_6000,0.75,1,3750,0.05968883208572181,4.291249186108716,0.5214464290861419
HD liquid_2.5gcc_6000,0.75,1,3750,0.067169966629945,3.7068801936625038,0.4504374731471231
HD liquid_2.5gcc_6000,0.75,1,3750,0.0755887535307831,3.1754092633244806,0.38585636709414295
HD liquid_2.5gcc_6000,0.75,1,3750,0.08506271399262945,2.697984198296186,0.32784258497188606
HD liquid_2.5gcc_6000,0.75,1,3750,0.09572409880849786,2.2737658916378787,0.27629416362268594
HD liquid_2.5gcc_6000,0.75,1,3750,0.10772173450159415,1.9009223788841614,0.23098849389772258
HD liquid_2.5gcc_6000,0.75,1,3750,0.1212231008541164,1.5769468934488777,0.19162096881002932
HD liquid_2.5gcc_6000,0.75,1,3750,0.1364166688243384,1.2987073493898038,0.1578109963782665
HD liquid_2.5gcc_6000,0.75,1,3750,0.15351453148789246,1.0624867271501046,0.12910690705571345
HD liquid_2.5gcc_6000,0.75,1,3750,0.1727553647296109,0.8641139080654108,0.1050018519416187
HD liquid_2.5gcc_6000,0.75,1,3750,0.19440775901540433,0.6991721592337071,0.084959136591055
HD liquid_2.5gcc_6000,0.75,1,3750,0.2187739687537092,0.5632287478143665,0.0684401223441374
HD liquid_2.5gcc_6000,0.75,1,3750,0.24619413158533693,0.45203523906663223,0.05492856532205684
HD liquid_2.5gcc_6000,0.75,1,3750,0.27705101650047453,0.36167233609244454,0.043948216469261524
HD liquid_2.5gcc_6000,0.75,1,3750,0.3117753670636956,0.2886349446342511,0.03507315810888301
HD liquid_2.5gcc_6000,0.75,1,3750,0.35085191433519125,0.22986596330354783,0.027931909925224395
HD liquid_2.5gcc_6000,0.75,1,3750,0.3948261434249862,0.18275216743717793,0.022206928795081834
HD liquid_2.5gcc_6000,0.75,1,3750,0.4443119081371701,0.14509552141925192,0.017631122836068262
HD liquid_2.5gcc_6000,0.75,1,3750,0.5,0.11507093683278152,0.013982718434829849
HD liquid_2.5gcc_6000,0.75,2,3750,0.004999999999999999,8.229511118971839,1.000000000000897
HD liquid_2.5gcc_6000,0.75,2,3750,0.005626677913003822,8.229511118970118,1.000000000000688
HD liquid_2.5gcc_6000,0.75,2,3750,0.006331900867337016,8.229511118968091,1.0000000000004416
HD liquid_2.5gcc_6000,0.75,2,3750,0.007125513351514988,8.229511118888338,0.9999999999907505
HD liquid_2.5gcc_6000,0.75,2,3750,0.008018593718756654,8.229511115706831,0.9999999996041532
HD liquid_2.5gcc_6000,0.75,2,3750,0.00902360883413585,8.229511051310034,0.9999999917790472
HD liquid_2.5gcc_6000,0.75,2,3750,0.010154588104523677,8.229510277272816,0.9999998977227652
HD liquid_2.5gcc_6000,0.75,2,3750,0.011427319320674952,8.229503896632881,0.9999991223863154
HD liquid_2.5gcc_6000,0.75,2,3750,0.01285956904529672,8.229463457575838,0.9999942084787383
HD liquid_2.5gcc_6000,0.75,2,3750,0.01447133062358375,8.22925093166166,0.9999683836258272
HD liquid_2.5gcc_6000,0.75,2,3750,0.016285103278298914,8.22828540495974,0.9998510587096855
HD liquid_2.5gcc_6000,0.75,2,3750,0.018326206185398135,8.22441690792319,0.9993809825434798
HD liquid_2.5gcc_6000,0.75,2,3750,0.020623131914506758,8.210702999323404,0.9977145520105428
HD liquid_2.5gcc_6000,0.75,2,3750,0.023207944168063883,8.168401535187012,0.9925743360821737
HD liquid_2.5gcc_6000,0.75,2,3750,0.026116725371334214,8.05883359293872,0.9792603079868962
HD liquid_2.5gcc_6000,0.75,2,3750,0.029390080361374554,7.828848419660117,0.9513139123925558
HD liquid_2.5gcc_6000,0.75,2,3750,0.03307370320615074,7.441608321719816,0.9042588574394216
HD liquid_2.5gcc_6000,0.75,2,3750,0.03721901506625844,6.906554339481439,0.8392423607722778
HD liquid_2.5gcc_6000,0.75,2,3750,0.04188388200341457,6.27302278805231,0.7622594705044475
HD liquid_2.5gcc_6000,0.75,2,3750,0.047133422755894265,5.599779343213841,0.6804510331494003
HD liquid_2.5gcc_6000,0.75,2,3750,0.05304091775697241,4.932576587625231,0.5993766235102811
HD liquid_2.5gcc_6000,0.75,2,3750,0.05968883208572181,4.2991239367205365,0.5224033207529718
HD liquid_2.5gcc_6000,0.75,2,3750,0.067169966629945,3.7133088390753204,0.45121864292985814
HD liquid_2.5gcc_6000,0.75,2,3750,0.0755887535307831,3.180661097663524,0.3864945379724763
HD liquid_2.5gcc_6000,0.75,2,3750,0.08506271399262945,2.7023410548084508,0.3283720036031125
HD liquid_2.5gcc_6000,0.75,2,3750,0.09572409880849786,2.277445771718931,0.27674132020682035
HD liquid_2.5gcc_6000,0.75,2,3750,0.10772173450159415,1.9040729208656875,0.23137132854439627
HD liquid_2.5gcc_6000,0.75,2,3750,0.1212231008541164,1.5796611571838617,0.19195078958501183
HD liquid_2.5gcc_6000,0.75,2,3750,0.1364166688243384,1.301044064792982,0.15809493978260716
HD liquid_2.5gcc_6000,0.75,2,3750,0.15351453148789246,1.0644871002340688,0.12934998019275004
HD liquid_2.5gcc_6000,0.75,2,3750,0.1727553647296109,0.865812138833356,0.1052082105871562
HD liquid_2.5gcc_6000,0.75,2,3750,0.19440775901540433,0.7006004530932699,0.08513269414981099
HD liquid_2.5gcc_6000,0.75,2,3750,0.2187739687537092,0.5644188553945564,0.06858473695890441
HD liquid_2.5gcc_6000,0.75,2,3750,0.24619413158533693,0.45301828653304244,0.05504801925464159
HD liquid_2.5gcc_6000,0.75,2,3750,0.27705101650047453,0.3624780545162433,0.044046122458104776
HD liquid_2.5gcc_6000,0.75,2,3750,0.3117753670636956,0.2892908792211417,0.03515286327938567
HD liquid_2.5gcc_6000,0.75,2,3750,0.35085191433519125,0.23039690974086843,0.02799642729808474
HD liquid_2.5gcc_6000,0.75,2,3750,0.3948261434249862,0.1831798939589965,0.022258903513340967
HD liquid_2.5gcc_6000,0.75,2,3750,0.4443119081371701,0.14543874173770582,0.017672828875891573
HD liquid_2.5gcc_6000,0.75,2,3750,0.5,0.11534546462506874,0.014016077377823994
HD liquid_3.0gcc_8000,1.0,0,29664,0.004999999999999999,10.228489676791568,0.9932800661947911
HD liquid_3.0gcc_8000,1.0,0,29664,0.005626677913003822,10.222418294515373,0.9926904793467078
HD liquid_3.0gcc_8000,1.0,0,29664,0.006331900867337016,10.216350023779688,0.9921011946577174
HD liquid_3.0gcc_8000,1.0,0,29664,0.007125513351514988,10.210477663910726,0.9915309347089201
HD liquid_3.0gcc_8000,1.0,0,29664,0.008018593718756654,10.204912435602287,0.9909905000487436
HD liquid_3.0gcc_8000,1.0,0,29664,0.00902360883413585,10.199670002710889,0.990481411781176
HD liquid_3.0gcc_8000,1.0,0,29664,0.010154588104523677,10.194666881705993,0.9899955628904841
HD liquid_3.0gcc_8000,1.0,0,29664,0.011427319320674952,10.189717562219624,0.9895149386201977
HD liquid_3.0gcc_8000,1.0,0,29664,0.01285956904529672,10.184494459417623,0.9890077274814226
HD liquid_3.0gcc_8000,1.0,0,29664,0.01447133062358375,10.17829508791552,0.9884057117068019
HD liquid_3.0gcc_8000,1.0,0,29664,0.016285103278298914,10.169047290339803,0.9875076658292168
HD liquid_3.0gcc_8000,1.0,0,29664,0.018326206185398135,10.14988098209276,0.9856464416870515
HD liquid_3.0gcc_8000,1.0,0,29664,0.020623131914506758,10.100236141379726,0.9808254727827607
HD liquid_3.0gcc_8000,1.0,0,29664,0.023207944168063883,9.973076145263073,0.9684770720558512
HD liquid_3.0gcc_8000,1.0,0,29664,0.026116725371334214,9.699672554002134,0.9419270782828955
HD liquid_3.0gcc_8000,1.0,0,29664,0.029390080361374554,9.233518242352035,0.8966592234808914
HD liquid_3.0gcc_8000,1.0,0,29664,0.03307370320615074,8.591313346207984,0.834295243860327
HD liquid_3.0gcc_8000,1.0,0,29664,0.03721901506625844,7.837943209367799,0.7611361008161973
HD liquid_3.0gcc_8000,1.0,0,29664,0.04188388200341457,7.043228292838201,0.6839620008425134
HD liquid_3.0gcc_8000,1.0,0,29664,0.047133422755894265,6.257090467675495,0.6076208150281892
HD liquid_3.0gcc_8000,1.0,0,29664,0.05304091775697241,5.507851202180046,0.5348628174407589
HD liquid_3.0gcc_8000,1.0,0,29664,0.05968883208572181,4.809269781926578,0.46702416077903847
HD liquid_3.0gcc_8000,1.0,0,29664,0.067169966629945,4.1671332772299925,0.4046668225946599
HD liquid_3.0gcc_8000,1.0,0,29664,0.0755887535307831,3.583464143372776,0.34798720182630766
HD liquid_3.0gcc_8000,1.0,0,29664,0.08506271399262945,3.058543091785671,0.29701255812592625
HD liquid_3.0gcc_8000,1.0,0,29664,0.09572409880849786,2.5915234813053805,0.2516606748792066
HD liquid_3.0gcc_8000,1.0,0,29664,0.10772173450159415,2.180590509806323,0.2117553181716228
HD liquid_3.0gcc_8000,1.0,0,29664,0.1212231008541164,1.8230819443980544,0.17703796079679304
HD liquid_3.0gcc_8000,1.0,0,29664,0.1364166688243384,1.5155572838181517,0.1471744985585292
HD liquid_3.0gcc_8000,1.0,0,29664,0.15351453148789246,1.2538764486436549,0.12176289181136732
HD liquid_3.0gcc_8000,1.0,0,29664,0.1727553647296109,1.0333942250719692,0.10035204773328502
HD liquid_3.0gcc_8000,1.0,0,29664,0.19440775901540433,0.8492046735437798,0.08246555464238164
HD liquid_3.0gcc_8000,1.0,0,29664,0.2187739687537092,0.6963467432405215,0.06762164904852619
HD liquid_3.0gcc_8000,1.0,0,29664,0.24619413158533693,0.5699530608675494,0.05534766440748098
HD liquid_3.0gcc_8000,1.0,0,29664,0.27705101650047453,0.46543677862374816,0.045198175770746064
HD liquid_3.0gcc_8000,1.0,0,29664,0.3117753670636956,0.3788691354293691,0.03679166444018846
HD liquid_3.0gcc_8000,1.0,0,29664,0.35085191433519125,0.30728979569413906,0.02984065470590571
HD liquid_3.0gcc_8000,1.0,0,29664,0.3948261434249862,0.24842044164515245,0.02412390103705283
HD liquid_3.0gcc_8000,1.0,0,29664,0.4443119081371701,0.20022142038795965,0.0194433344492508
HD liquid_3.0gcc_8000,1.0,0,29664,0.5,0.16090703199994594,0.015625547118530914
HD liquid_3.0gcc_8000,0.25,0,7416,0.004999999999999999,8.888361473739204,0.9974152606601678
HD liquid_3.0gcc_8000,0.25,0,7416,0.005626677913003822,8.88694029848743,0.9972557822356707
HD liquid_3.0gcc_8000,0.25,0,7416,0.006331900867337016,8.8855243037908,0.9970968851517026
HD liquid_3.0gcc_8000,0.25,0,7416,0.007125513351514988,8.884146548304678,0.9969422791142032
HD liquid_3.0gcc_8000,0.25,0,7416,0.008018593718756654,8.882824508578802,0.9967939252694947
HD liquid_3.0gcc_8000,0.25,0,7416,0.00902360883413585,8.88156086225788,0.9966521240918211
HD liquid_3.0gcc_8000,0.25,0,7416,0.010154588104523677,8.88034365005231,0.9965155335590348
HD liquid_3.0gcc_8000,0.25,0,7416,0.011427319320674952,8.879141487189559,0.9963806318014217
HD liquid_3.0gcc_8000,0.25,0,7416,0.01285956904529672,8.877883770175268,0.9962394959860803
HD liquid_3.0gcc_8000,0.25,0,7416,0.01447133062358375,8.87638413971643,0.9960712136418692
HD liquid_3.0gcc_8000,0.25,0,7416,0.016285103278298914,8.874050174795649,0.9958093057259152
HD liquid_3.0gcc_8000,0.25,0,7416,0.018326206185398135,8.868881084483345,0.9952292517332355
HD liquid_3.0gcc_8000,0.25,0,7416,0.020623131914506758,8.85449191924732,0.9936145589648355
HD liquid_3.0gcc_8000,0.25,0,7416,0.023207944168063883,8.813209688910698,0.9889820373630208
HD liquid_3.0gcc_8000,0.25,0,7416,0.026116725371334214,8.706634800713674,0.9770226430241513
HD liquid_3.0gcc_8000,0.25,0,7416,0.029390080361374554,8.478167625437838,0.951384999027189
HD liquid_3.0gcc_8000,0.25,0,7416,0.03307370320615074,8.084496774597055,0.9072088800129287
HD liquid_3.0gcc_8000,0.25,0,7416,0.03721901506625844,7.5315752305238,0.845162305103049
HD liquid_3.0gcc_8000,0.25,0,7416,0.04188388200341457,6.870473006434272,0.7709761405201322
HD liquid_3.0gcc_8000,0.25,0,7416,0.047133422755894265,6.163229360360084,0.6916121758925128
HD liquid_3.0gcc_8000,0.25,0,7416,0.05304091775697241,5.45756810304888,0.6124257804046229
HD liquid_3.0gcc_8000,0.25,0,7416,0.05968883208572181,4.782263532332075,0.5366458870669649
HD liquid_3.0gcc_8000,0.25,0,7416,0.067169966629945,4.152437735379776,0.46596943412412556
HD liquid_3.0gcc_8000,0.25,0,7416,0.0755887535307831,3.575247947010668,0.40119957694432157
HD liquid_3.0gcc_8000,0.25,0,7416,0.08506271399262945,3.053618571546883,0.3426644801176016
HD liquid_3.0gcc_8000,0.25,0,7416,0.09572409880849786,2.588142269826741,0.2904306495985539
HD liquid_3.0gcc_8000,0.25,0,7416,0.10772173450159415,2.1778290782699767,0.24438699575773767
HD liquid_3.0gcc_8000,0.25,0,7416,0.1212231008541164,1.8204732728959188,0.20428600134851227
HD liquid_3.0gcc_8000,0.25,0,7416,0.1364166688243384,1.5129163239916992,0.16977322919523286
HD liquid_3.0gcc_8000,0.25,0,7416,0.15351453148789246,1.2511765295426616,0.1404018691220809
HD liquid_3.0gcc_8000,0.25,0,7416,0.1727553647296109,1.0306684728560385,0.1156573645823448
HD liquid_3.0gcc_8000,0.25,0,7416,0.19440775901540433,0.8464944516999776,0.09499011563427466
HD liquid_3.0gcc_8000,0.25,0,7416,0.2187739687537092,0.6936898673534108,0.07784301548804455
HD liquid_3.0gcc_8000,0.25,0,7416,0.24619413158533693,0.5673874781108678,0.06366988235652749
HD liquid_3.0gcc_8000,0.25,0,7416,0.27705101650047453,0.46299415991043547,0.05195529480383868
HD liquid_3.0gcc_8000,0.25,0,7416,0.3117753670636956,0.37658348581488676,0.04225864539534261
HD liquid_3.0gcc_8000,0.25,0,7416,0.35085191433519125,0.3052136617415221,0.03424981813379125
HD liquid_3.0gcc_8000,0.25,0,7416,0.3948261434249862,0.2466015235409032,0.027672605756240802
HD liquid_3.0gcc_8000,0.25,0,7416,0.4443119081371701,0.19866993309583175,0.0222939203912412
HD liquid_3.0gcc_8000,0.25,0,7416,0.5,0.15959900787674897,0.01790954232822445
HD liquid_3.0gcc_8000,0.25,1,7416,0.004999999999999999,8.88381298664266,0.996904848200412
HD liquid_3.0gcc_8000,0.25,1,7416,0.005626677913003822,8.882166557245169,0.9967200926848416
HD liquid_3.0gcc_8000,0.25,1,7416,0.006331900867337016,8.880507851840635,0.9965339596063987
HD liquid_3.0gcc_8000,0.25,1,7416,0.007125513351514988,8.878907382754724,0.9963543615674103
HD liquid_3.0gcc_8000,0.25,1,7416,0.008018593718756654,8.877408982214755,0.9961862172396214
HD liquid_3.0gcc_8000,0.25,1,7416,0.00902360883413585,8.876023841231932,0.996030782432147
HD liquid_3.0gcc_8000,0.25,1,7416,0.010154588104523677,8.874727154852033,0.9958852736353433
HD liquid_3.0gcc_8000,0.25,1,7416,0.011427319320674952,8.873454740811267,0.995742488580315
HD liquid_3.0gcc_8000,0.25,1,7416,0.01285956904529672,8.872091891406786,0.9955895552418108
HD liquid_3.0gcc_8000,0.25,1,7416,0.01447133062358375,8.870410449523037,0.9954008707694568
HD liquid_3.0gcc_8000,0.25,1,7416,0.016285103278298914,8.867783392106498,0.9951060732226167
HD liquid_3.0gcc_8000,0.25,1,7416,0.018326206185398135,8.862155107093379,0.9944744902947603
HD liquid_3.0gcc_8000,0.25,1,7416,0.020623131914506758,8.846988031975318,0.9927725036882268
HD liquid_3.0gcc_8000,0.25,1,7416,0.023207944168063883,8.804267873345843,0.9879786237047503
HD liquid_3.0gcc_8000,0.25,1,7416,0.026116725371334214,8.69523667517582,0.9757435923928325
HD liquid_3.0gcc_8000,0.25,1,7416,0.029390080361374554,8.463743922247826,0.9497664305520593
HD liquid_3.0gcc_8000,0.25,1,7416,0.03307370320615074,8.067992404835556,0.9053568277177634
HD liquid_3.0gcc_8000,0.25,1,7416,0.03721901506625844,7.514829602449564,0.8432831797952034
HD liquid_3.0gcc_8000,0.25,1,7416,0.04188388200341457,6.854692711722359,0.7692053409402683
HD liquid_3.0gcc_8000,0.25,1,7416,0.047133422755894265,6.148383590838205,0.6899462448746176
HD liquid_3.0gcc_8000,0.25,1,7416,0.05304091775697241,5.443305219492102,0.6108252584453642
HD liquid_3.0gcc_8000,0.25,1,7416,0.05968883208572181,4.768641948177744,0.5351173290813298
HD liquid_3.0gcc_8000,0.25,1,7416,0.067169966629945,4.139761789360855,0.46454699174934927
HD liquid_3.0gcc_8000,0.25,1,7416,0.0755887535307831,3.5638033105147673,0.3999153070451455
HD liquid_3.0gcc_8000,0.25,1,7416,0.08506271399262945,3.04356396879324,0.34153619407118135
HD liquid_3.0gcc_8000,0.25,1,7416,0.09572409880849786,2.5794811806499975,0.2894587378975789
HD liquid_3.0gcc_8000,0.25,1,7416,0.10772173450159415,2.170454893441789,0.2435594951543594
HD liquid_3.0gcc_8000,0.25,1,7416,0.1212231008541164,1.8142302709387066,0.20358543742085788
HD liquid_3.0gcc_8000,0.25,1,7416,0.1364166688243384,1.50758920602946,0.1691754419915314
HD liquid_3.0gcc_8000,0.25,1,7416,0.15351453148789246,1.2465001569106307,0.13987710587505253
HD liquid_3.0gcc_8000,0.25,1,7416,0.1727553647296109,1.0263784682387063,0.11517595796018257
HD liquid_3.0gcc_8000,0.25,1,7416,0.19440775901540433,0.8423702736640292,0.09452731738705127
HD liquid_3.0gcc_8000,0.25,1,7416,0.2187739687537092,0.6895774711785023,0.07738153935266764
HD liquid_3.0gcc_8000,0.25,1,7416,0.24619413158533693,0.5632182751685251,0.06320203160003339
HD liquid_3.0gcc_8000,0.25,1,7416,0.27705101650047453,0.45880193461250324,0.05148486057356607
HD liquid_3.0gcc_8000,0.25,1,7416,0.3117753670636956,0.3724545758707743,0.04179531615290387
HD liquid_3.0gcc_8000,0.25,1,7416,0.35085191433519125,0.3012042826747074,0.03379990215334564
HD liquid_3.0gcc_8000,0.25,1,7416,0.3948261434249862,0.24275210242380832,0.02724063959709643
HD liquid_3.0gcc_8000,0.25,1,7416,0.4443119081371701,0.1950801987232233,0.021891095207371872
HD liquid_3.0gcc_8000,0.25,1,7416,0.5,0.1563944729810685,0.017549942640732768
HD liquid_3.0gcc_8000,0.25,2,7416,0.004999999999999999,8.885794474523664,0.9971272025969075
HD liquid_3.0gcc_8000,0.25,2,7416,0.005626677913003822,8.884179869267959,0.9969460182552558
HD liquid_3.0gcc_8000,0.25,2,7416,0.006331900867337016,8.882544646795013,0.99676252033453
HD liquid_3.0gcc_8000,0.25,2,7416,0.007125513351514988,8.88094488218791,0.9965830013492476
HD liquid_3.0gcc_8000,0.25,2,7416,0.008018593718756654,8.879416388088137,0.9964114800463114
HD liquid_3.0gcc_8000,0.25,2,7416,0.00902360883413585,8.877968474553063,0.9962490011619562
HD liquid_3.0gcc_8000,0.25,2,7416,0.010154588104523677,8.876581564022361,0.9960933677831182
HD liquid_3.0gcc_8000,0.25,2,7416,0.011427319320674952,8.875204325040574,0.9959388197056048
HD liquid_3.0gcc_8000,0.25,2,7416,0.01285956904529672,8.873738165270558,0.9957742933040289
HD liquid_3.0gcc_8000,0.25,2,7416,0.01447133062358375,8.871967609024624,0.9955756087855415
HD liquid_3.0gcc_8000,0.25,2,7416,0.016285103278298914,8.869283976035835,0.9952744625613541
HD liquid_3.0gcc_8000,0.25,2,7416,0.018326206185398135,8.863715049933068,0.9946495406455658
HD liquid_3.0gcc_8000,0.25,2,7416,0.020623131914506758,8.849021549585862,0.9930006966463518
HD liquid_3.0gcc_8000,0.25,2,7416,0.023207944168063883,8.807919628611803,0.9883884086174393
HD liquid_3.0gcc_8000,0.25,2,7416,0.026116725371334214,8.702733932473702,0.9765849036810937
HD liquid_3.0gcc_8000,0.25,2,7416,0.029390080361374554,8.477709191798318,0.9513335554951716
HD liquid_3.0gcc_8000,0.25,2,7416,0.03307370320615074,8.089731825351341,0.9077963358143251
HD liquid_3.0gcc_8000,0.25,2,7416,0.03721901506625844,7.543545930424292,0.8465056076675104
HD liquid_3.0gcc_8000,0.25,2,7416,0.04188388200341457,6.888102189491648,0.7729544147235778
HD liquid_3.0gcc_8000,0.25,2,7416,0.047133422755894265,6.183967878535191,0.6939393668570616
HD liquid_3.0gcc_8000,0.25,2,7416,0.05304091775697241,5.479189780097535,0.6148520758149874
HD liquid_3.0gcc_8000,0.25,2,7416,0.05968883208572181,4.803650396071864,0.5390458326963985
HD liquid_3.0gcc_8000,0.25,2,7416,0.067169966629945,4.173119333260624,0.46829023772804534
HD liquid_3.0gcc_8000,0.25,2,7416,0.0755887535307831,3.594958582865904,0.4034114231948834
HD liquid_3.0gcc_8000,0.25,2,7416,0.08506271399262945,3.07221510430742,0.3447513063144803
HD liquid_3.0gcc_8000,0.25,2,7416,0.09572409880849786,2.6056092277915837,0.29239071957128365
HD liquid_3.0gcc_8000,0.25,2,7416,0.10772173450159415,2.194237951456243,0.2462283318211476
HD liquid_3.0gcc_8000,0.25,2,7416,0.1212231008541164,1.8359154345789903,0.20601885703465683
HD liquid_3.0gcc_8000,0.25,2,7416,0.1364166688243384,1.5274355993937676,0.17140252238977016
HD liquid_3.0gcc_8000,0.25,2,7416,0.15351453148789246,1.264777243844591,0.14192808517896643
HD liquid_3.0gcc_8000,0.25,2,7416,0.1727553647296109,1.0433590902590661,0.1170814533193271
HD liquid_3.0gcc_8000,0.25,2,7416,0.19440775901540433,0.8583114377361546,0.0963161690629425
HD liquid_3.0gcc_8000,0.25,2,7416,0.2187739687537092,0.7046923267240831,0.07907766609417989
HD liquid_3.0gcc_8000,0.25,2,7416,0.24619413158533693,0.5776397605981611,0.06482035120724172
HD liquid_3.0gcc_8000,0.25,2,7416,0.27705101650047453,0.47255391182009965,0.053028050729775726
HD liquid_3.0gcc_8000,0.25,2,7416,0.3117753670636956,0.38546375782642633,0.04325515288992325
HD liquid_3.0gcc_8000,0.25,2,7416,0.35085191433519125,0.31335457505188413,0.03516335784473312
HD liquid_3.0gcc_8000,0.25,2,7416,0.3948261434249862,0.2539233889782878,0.02849423529339726
HD liquid_3.0gcc_8000,0.25,2,7416,0.4443119081371701,0.20511890724411933,0.023017597668555954
HD liquid_3.0gcc_8000,0.25,2,7416,0.5,0.1651563730901335,0.018533166928694243
HD liquid_3.0gcc_8000,0.5,0,14832,0.004999999999999999,9.557656405920419,0.9951183637407953
HD liquid_3.0gcc_8000,0.5,0,14832,0.005626677913003822,9.554450085554288,0.9947845299910911
HD liquid_3.0gcc_8000,0.5,0,14832,0.006331900867337016,9.551240019964204,0.9944503062983953
HD liquid_3.0gcc_8000,0.5,0,14832,0.007125513351514988,9.548127083877953,0.994126195477393
HD liquid_3.0gcc_8000,0.5,0,14832,0.008018593718756654,9.545170585189208,0.993818372511951
HD liquid_3.0gcc_8000,0.5,0,14832,0.00902360883413585,9.542379657936044,0.9935277884143926
HD liquid_3.0gcc_8000,0.5,0,14832,0.010154588104523677,9.539709250338685,0.9932497525104069
HD liquid_3.0gcc_8000,0.5,0,14832,0.011427319320674952,9.537057251392687,0.9929736332673936
HD liquid_3.0gcc_8000,0.5,0,14832,0.01285956904529672,9.534245003725017,0.992680829343646
HD liquid_3.0gcc_8000,0.5,0,14832,0.01447133062358375,9.530899268696468,0.9923324801013508
HD liquid_3.0gcc_8000,0.5,0,14832,0.016285103278298914,9.525925323903659,0.9918146058868632
HD liquid_3.0gcc_8000,0.5,0,14832,0.018326206185398135,9.515623277653315,0.9907419835857023
HD liquid_3.0gcc_8000,0.5,0,14832,0.020623131914506758,9.488338588739936,0.9879011726344068
HD liquid_3.0gcc_8000,0.5,0,14832,0.023207944168063883,9.414009444834367,0.9801622152038231
HD liquid_3.0gcc_8000,0.5,0,14832,0.026116725371334214,9.237167674277853,0.9617499093117411
HD liquid_3.0gcc_8000,0.5,0,14832,0.029390080361374554,8.89774093901912,0.9264096791281868
HD liquid_3.0gcc_8000,0.5,0,14832,0.03307370320615074,8.377083473800171,0.8722001759975692
HD liquid_3.0gcc_8000,0.5,0,14832,0.03721901506625844,7.714611316747173,0.8032252954460927
HD liquid_3.0gcc_8000,0.5,0,14832,0.04188388200341457,6.976997807498076,0.7264268924461283
HD liquid_3.0gcc_8000,0.5,0,14832,0.047133422755894265,6.223061160788365,0.6479289667649698
HD liquid_3.0gcc_8000,0.5,0,14832,0.05304091775697241,5.490987744225874,0.5717073838279084
HD liquid_3.0gcc_8000,0.5,0,14832,0.05968883208572181,4.801390183138893,0.49990827665311616
HD liquid_3.0gcc_8000,0.5,0,14832,0.067169966629945,4.1639493034525,0.4335395876947973
HD liquid_3.0gcc_8000,0.5,0,14832,0.0755887535307831,3.5826347666294143,0.37301462779523503
HD liquid_3.0gcc_8000,0.5,0,14832,0.08506271399262945,3.058699962805304,0.3184638966802998
HD liquid_3.0gcc_8000,0.5,0,14832,0.09572409880849786,2.59186328986569,0.2698580746691529
HD liquid_3.0gcc_8000,0.5,0,14832,0.10772173450159415,2.1806617691137373,0.22704484021923718
HD liquid_3.0gcc_8000,0.5,0,14832,0.1212231008541164,1.8226342876535495,0.18976794864734461
HD liquid_3.0gcc_8000,0.5,0,14832,0.1364166688243384,1.5144706234610086,0.15768274823297404
HD liquid_3.0gcc_8000,0.5,0,14832,0.15351453148789246,1.2521274666939994,0.13036826005584437
HD liquid_3.0gcc_8000,0.5,0,14832,0.1727553647296109,1.031023937617765,0.10734753481452208
HD liquid_3.0gcc_8000,0.5,0,14832,0.19440775901540433,0.8462890665174602,0.08811341979221095
HD liquid_3.0gcc_8000,0.5,0,14832,0.2187739687537092,0.6929817128713415,0.07215145626993413
HD liquid_3.0gcc_8000,0.5,0,14832,0.24619413158533693,0.5662611777432258,0.05895764324575642
HD liquid_3.0gcc_8000,0.5,0,14832,0.27705101650047453,0.46158688948574284,0.048059228191622894
HD liquid_3.0gcc_8000,0.5,0,14832,0.3117753670636956,0.37507648367676394,0.03905198940640598
HD liquid_3.0gcc_8000,0.5,0,14832,0.35085191433519125,0.3037592057129011,0.03162661963585372
HD liquid_3.0gcc_8000,0.5,0,14832,0.3948261434249862,0.24527109832884814,0.025536989788701902
HD liquid_3.0gcc_8000,0.5,0,14832,0.4443119081371701,0.19747565245926513,0.020560652089583614
HD liquid_3.0gcc_8000,0.5,0,14832,0.5,0.15854121657280162,0.016506899737855574
HD liquid_3.0gcc_8000,0.5,1,14832,0.004999999999999999,9.559614510209093,0.9953222364741331
HD liquid_3.0gcc_8000,0.5,1,14832,0.005626677913003822,9.556418145336172,0.9949894392645275
HD liquid_3.0gcc_8000,0.5,1,14832,0.006331900867337016,9.553243860426521,0.9946589409633559
HD liquid_3.0gcc_8000,0.5,1,14832,0.007125513351514988,9.550203739158581,0.9943424114321361
HD liquid_3.0gcc_8000,0.5,1,14832,0.008018593718756654,9.547363718540767,0.9940467158609458
HD liquid_3.0gcc_8000,0.5,1,14832,0.00902360883413585,9.544733210422429,0.9937728341870967
HD liquid_3.0gcc_8000,0.5,1,14832,0.010154588104523677,9.542260775375329,0.9935154106709091
HD liquid_3.0gcc_8000,0.5,1,14832,0.011427319320674952,9.53983042567558,0.993262368971792
HD liquid_3.0gcc_8000,0.5,1,14832,0.01285956904529672,9.537239029918668,0.9929925595754397
HD liquid_3.0gcc_8000,0.5,1,14832,0.01447133062358375,9.53407165020806,0.9926627802256597
HD liquid_3.0gcc_8000,0.5,1,14832,0.016285103278298914,9.529161333999781,0.99215153085415
HD liquid_3.0gcc_8000,0.5,1,14832,0.018326206185398135,9.51867310351675,0.9910595235342022
HD liquid_3.0gcc_8000,0.5,1,14832,0.020623131914506758,9.490672467425712,0.9881441700220844
HD liquid_3.0gcc_8000,0.5,1,14832,0.023207944168063883,9.414575501835891,0.9802211515887712
HD liquid_3.0gcc_8000,0.5,1,14832,0.026116725371334214,9.234534245893839,0.9614757235874138
HD liquid_3.0gcc_8000,0.5,1,14832,0.029390080361374554,8.891168429610623,0.9257253665173879
HD liquid_3.0gcc_8000,0.5,1,14832,0.03307370320615074,8.367011391436623,0.871151496939085
HD liquid_3.0gcc_8000,0.5,1,14832,0.03721901506625844,7.701955431624136,0.801907597554429
HD liquid_3.0gcc_8000,0.5,1,14832,0.04188388200341457,6.962643294499673,0.7249323378314197
HD liquid_3.0gcc_8000,0.5,1,14832,0.047133422755894265,6.207759595347732,0.6463358075094725
HD liquid_3.0gcc_8000,0.5,1,14832,0.05304091775697241,5.4753212569849765,0.5700762298622698
HD liquid_3.0gcc_8000,0.5,1,14832,0.05968883208572181,4.785740503437918,0.4982788726448851
HD liquid_3.0gcc_8000,0.5,1,14832,0.067169966629945,4.148583830633764,0.43193977456905935
HD liquid_3.0gcc_8000,0.5,1,14832,0.0755887535307831,3.56780658452763,0.3714707559836016
HD liquid_3.0gcc_8000,0.5,1,14832,0.08506271399262945,3.0446874973510547,0.3170049551675907
HD liquid_3.0gcc_8000,0.5,1,14832,0.09572409880849786,2.5789376860391338,0.26851229436653845
HD liquid_3.0gcc_8000,0.5,1,14832,0.10772173450159415,2.169041981101899,0.22583501806804612
HD liquid_3.0gcc_8000,0.5,1,14832,0.1212231008541164,1.812467358324889,0.1887093943691705
HD liquid_3.0gcc_8000,0.5,1,14832,0.1364166688243384,1.505820308940945,0.15678209995002085
HD liquid_3.0gcc_8000,0.5,1,14832,0.15351453148789246,1.2449734846845688,0.12962340602792116
HD liquid_3.0gcc_8000,0.5,1,14832,0.1727553647296109,1.0252785737529664,0.10674934244963519
HD liquid_3.0gcc_8000,0.5,1,14832,0.19440775901540433,0.8418222686792004,0.08764834840156999
HD liquid_3.0gcc_8000,0.5,1,14832,0.2187739687537092,0.6896362494036488,0.07180313530185008
HD liquid_3.0gcc_8000,0.5,1,14832,0.24619413158533693,0.5638575625191782,0.058707385070819816
HD liquid_3.0gcc_8000,0.5,1,14832,0.27705101650047453,0.4599376103098871,0.04788750952701253
HD liquid_3.0gcc_8000,0.5,1,14832,0.3117753670636956,0.37400224003866284,0.03894014194861874
HD liquid_3.0gcc_8000,0.5,1,14832,0.35085191433519125,0.30309984160881337,0.031557968357705364
HD liquid_3.0gcc_8000,0.5,1,14832,0.3948261434249862,0.24489748678344264,0.025498090324863856
HD liquid_3.0gcc_8000,0.5,1,14832,0.4443119081371701,0.1972908253476516,0.020541408370718616
HD liquid_3.0gcc_8000,0.5,1,14832,0.5,0.1584759187386586,0.016500101096943144
HD liquid_3.0gcc_8000,0.5,2,14832,0.004999999999999999,9.561752897283858,0.9955448797829642
HD liquid_3.0gcc_8000,0.5,2,14832,0.005626677913003822,9.558726857589456,0.9952298163886113
HD liquid_3.0gcc_8000,0.5,2,14832,0.006331900867337016,9.555695556914952,0.994914205234673
HD liquid_3.0gcc_8000,0.5,2,14832,0.007125513351514988,9.552750520012118,0.9946075756406139
HD liquid_3.0gcc_8000,0.5,2,14832,0.008018593718756654,9.549943487943269,0.9943153147514705
HD liquid_3.0gcc_8000,0.5,2,14832,0.00902360883413585,9.547277453711517,0.9940377341909542
HD liquid_3.0gcc_8000,0.5,2,14832,0.010154588104523677,9.544701385331917,0.9937695206413225
HD liquid_3.0gcc_8000,0.5,2,14832,0.011427319320674952,9.542106871623355,0.9934993866119418
HD liquid_3.0gcc_8000,0.5,2,14832,0.01285956904529672,9.539308530615202,0.9932080306134674
HD liquid_3.0gcc_8000,0.5,2,14832,0.01447133062358375,9.535922942901486,0.9928555320130901
HD liquid_3.0gcc_8000,0.5,2,14832,0.016285103278298914,9.53083596343558,0.9923258889219909
HD liquid_3.0gcc_8000,0.5,2,14832,0.018326206185398135,9.520317241034546,0.9912307068627283
HD liquid_3.0gcc_8000,0.5,2,14832,0.020623131914506758,9.492661552759927,0.9883512684214262
HD liquid_3.0gcc_8000,0.5,2,14832,0.023207944168063883,9.417719483194922,0.9805484947629506
HD liquid_3.0gcc_8000,0.5,2,14832,0.026116725371334214,9.240055674676185,0.9620506004130754
HD liquid_3.0gcc_8000,0.5,2,14832,0.029390080361374554,8.899796222754476,0.926623669933138
HD liquid_3.0gcc_8000,0.5,2,14832,0.03307370320615074,8.378384488547141,0.8723356342742871
HD liquid_3.0gcc_8000,0.5,2,14832,0.03721901506625844,7.715392183913038,0.8033065973074898
HD liquid_3.0gcc_8000,0.5,2,14832,0.04188388200341457,6.977518814280488,0.726481138319258
HD liquid_3.0gcc_8000,0.5,2,14832,0.047133422755894265,6.223443308981878,0.6479687550424391
HD liquid_3.0gcc_8000,0.5,2,14832,0.05304091775697241,5.49124042614688,0.5717336924133083
HD liquid_3.0gcc_8000,0.5,2,14832,0.05968883208572181,4.801516999089966,0.4999214804006007
HD liquid_3.0gcc_8000,0.5,2,14832,0.067169966629945,4.164082745849171,0.43355348137058863
HD liquid_3.0gcc_8000,0.5,2,14832,0.0755887535307831,3.5830017995017767,0.37305284230472063
HD liquid_3.0gcc_8000,0.5,2,14832,0.08506271399262945,3.0595222457605877,0.31854951064613424
HD liquid_3.0gcc_8000,0.5,2,14832,0.09572409880849786,2.593308957975986,0.2700085938783954
HD liquid_3.0gcc_8000,0.5,2,14832,0.10772173450159415,2.1828407197154225,0.22727170689714765
HD liquid_3.0gcc_8000,0.5,2,14832,0.1212231008541164,1.8256080474137477,0.19007756879071924
HD liquid_3.0gcc_8000,0.5,2,14832,0.1364166688243384,1.51823868541241,0.15807506905769314
HD liquid_3.0gcc_8000,0.5,2,14832,0.15351453148789246,1.256629361625435,0.1308369856646796
HD liquid_3.0gcc_8000,0.5,2,14832,0.1727553647296109,1.0361666130194223,0.10788297682180925
HD liquid_3.0gcc_8000,0.5,2,14832,0.19440775901540433,0.8519757876643529,0.08870550642960469
HD liquid_3.0gcc_8000,0.5,2,14832,0.2187739687537092,0.6991201650134783,0.07279057596540682
HD liquid_3.0gcc_8000,0.5,2,14832,0.24619413158533693,0.5727340986899306,0.05963158696454488
HD liquid_3.0gcc_8000,0.5,2,14832,0.27705101650047453,0.468203973001673,0.04874818174272876
HD liquid_3.0gcc_8000,0.5,2,14832,0.3117753670636956,0.38156732114746106,0.03972779854714329
HD liquid_3.0gcc_8000,0.5,2,14832,0.35085191433519125,0.30985725949992043,0.03226153315950613
HD liquid_3.0gcc_8000,0.5,2,14832,0.3948261434249862,0.25080957690075073,0.026113641794173782
HD liquid_3.0gcc_8000,0.5,2,14832,0.4443119081371701,0.20238567670147098,0.021071871062344018
HD liquid_3.0gcc_8000,0.5,2,14832,0.5,0.1628063437892245,0.016950973707089704
HD liquid_3.0gcc_8000,0.75,0,22248,0.004999999999999999,9.953652893292869,0.9943701837179524
HD liquid_3.0gcc_8000,0.75,0,22248,0.005626677913003822,9.94926149718824,0.9939314831325342
HD liquid_3.0gcc_8000,0.75,0,22248,0.006331900867337016,9.944855697060724,0.9934913435848536
HD liquid_3.0gcc_8000,0.75,0,22248,0.007125513351514988,9.940570494820909,0.9930632517693007
HD liquid_3.0gcc_8000,0.75,0,22248,0.008018593718756654,9.936482541090399,0.9926548650849732
HD liquid_3.0gcc_8000,0.75,0,22248,0.00902360883413585,9.93260128880423,0.9922671278803281
HD liquid_3.0gcc_8000,0.75,0,22248,0.010154588104523677,9.928866902533027,0.9918940625944096
HD liquid_3.0gcc_8000,0.75,0,22248,0.011427319320674952,9.925145558208543,0.9915223001993085
HD liquid_3.0gcc_8000,0.75,0,22248,0.01285956904529672,9.92119392693982,0.9911275321324702
HD liquid_3.0gcc_8000,0.75,0,22248,0.01447133062358375,9.916479477321626,0.9906565584926187
HD liquid_3.0gcc_8000,0.75,0,22248,0.016285103278298914,9.909423401887004,0.989951656372616
HD liquid_3.0gcc_8000,0.75,0,22248,0.018326206185398135,9.894736839993316,0.988484468456283
HD liquid_3.0gcc_8000,0.75,0,22248,0.020623131914506758,9.856116181219535,0.9846262636372191
HD liquid_3.0gcc_8000,0.75,0,22248,0.023207944168063883,9.753851490951861,0.9744100184115243
HD liquid_3.0gcc_8000,0.75,0,22248,0.026116725371334214,9.523200055039647,0.9513679339464949
HD liquid_3.0gcc_8000,0.75,0,22248,0.029390080361374554,9.10954223363132,0.9100435067960029
HD liquid_3.0gcc_8000,0.75,0,22248,0.03307370320615074,8.514683179239423,0.8506170717431452
HD liquid_3.0gcc_8000,0.75,0,22248,0.03721901506625844,7.794906546801088,0.7787113673845094
HD liquid_3.0gcc_8000,0.75,0,22248,0.04188388200341457,7.020462068652334,0.701344343813189
HD liquid_3.0gcc_8000,0.75,0,22248,0.047133422755894265,6.245473791983884,0.6239229947555641
HD liquid_3.0gcc_8000,0.75,0,22248,0.05304091775697241,5.502144153610449,0.5496643444895443
HD liquid_3.0gcc_8000,0.75,0,22248,0.05968883208572181,4.806687343812763,0.4801881910471822
HD liquid_3.0gcc_8000,0.75,0,22248,0.067169966629945,4.1662011476672705,0.41620360334278683
HD liquid_3.0gcc_8000,0.75,0,22248,0.0755887535307831,3.5833481026922738,0.3579765689438988
HD liquid_3.0gcc_8000,0.75,0,22248,0.08506271399262945,3.0587422657541077,0.30556843214748486
HD liquid_3.0gcc_8000,0.75,0,22248,0.09572409880849786,2.5917408396706643,0.25891497749828263
HD liquid_3.0gcc_8000,0.75,0,22248,0.10772173450159415,2.1806608355519694,0.21784807436227668
HD liquid_3.0gcc_8000,0.75,0,22248,0.1212231008541164,1.822920230978166,0.18210977863236172
HD liquid_3.0gcc_8000,0.75,0,22248,0.1364166688243384,1.5151132851483498,0.15135985671367597
HD liquid_3.0gcc_8000,0.75,0,22248,0.15351453148789246,1.2531166171166026,0.12518638274214852
HD liquid_3.0gcc_8000,0.75,0,22248,0.1727553647296109,1.0323025495934197,0.1031270516358277
HD liquid_3.0gcc_8000,0.75,0,22248,0.19440775901540433,0.8477846371619584,0.08469370737008983
HD liquid_3.0gcc_8000,0.75,0,22248,0.2187739687537092,0.6946213353667232,0.0693926895249124
HD liquid_3.0gcc_8000,0.75,0,22248,0.24619413158533693,0.5679630407373398,0.05673952258708508
HD liquid_3.0gcc_8000,0.75,0,22248,0.27705101650047453,0.4632411783688613,0.04627780580441545
HD liquid_3.0gcc_8000,0.75,0,22248,0.3117753670636956,0.37654827079860065,0.03761718207644002
HD liquid_3.0gcc_8000,0.75,0,22248,0.35085191433519125,0.3049347764438749,0.030462992122099006
HD liquid_3.0gcc_8000,0.75,0,22248,0.3948261434249862,0.2461198150951765,0.02458737594895738
HD liquid_3.0gcc_8000,0.75,0,22248,0.4443119081371701,0.19806667915926837,0.01978686641531568
HD liquid_3.0gcc_8000,0.75,0,22248,0.5,0.1589765390783048,0.01588176040141597
HD liquid_3.0gcc_8000,0.75,1,22248,0.004999999999999999,9.952477466803508,0.9942527585809999
HD liquid_3.0gcc_8000,0.75,1,22248,0.005626677913003822,9.947967008544735,0.9938021636832765
HD liquid_3.0gcc_8000,0.75,1,22248,0.006331900867337016,9.943455964338126,0.9933515102493489
HD liquid_3.0gcc_8000,0.75,1,22248,0.007125513351514988,9.939083634565353,0.9929147143909803
HD liquid_3.0gcc_8000,0.75,1,22248,0.008018593718756654,9.934930572693819,0.9924998234016661
HD liquid_3.0gcc_8000,0.75,1,22248,0.00902360883413585,9.931006563423185,0.9921078147731575
HD liquid_3.0gcc_8000,0.75,1,22248,0.010154588104523677,9.92724485905359,0.991732020408497
HD liquid_3.0gcc_8000,0.75,1,22248,0.011427319320674952,9.92349715839217,0.9913576250146483
HD liquid_3.0gcc_8000,0.75,1,22248,0.01285956904529672,9.919500398647822,0.9909583486119176
HD liquid_3.0gcc_8000,0.75,1,22248,0.01447133062358375,9.914692854296685,0.9904780748058164
HD liquid_3.0gcc_8000,0.75,1,22248,0.016285103278298914,9.907429751823605,0.9897524906792706
HD liquid_3.0gcc_8000,0.75,1,22248,0.018326206185398135,9.892241308447915,0.9882351647897922
HD liquid_3.0gcc_8000,0.75,1,22248,0.020623131914506758,9.85239441345239,0.9842544589401853
HD liquid_3.0gcc_8000,0.75,1,22248,0.023207944168063883,9.747591874617768,0.973784682576443
HD liquid_3.0gcc_8000,0.75,1,22248,0.026116725371334214,9.5131605505072,0.9503649871817857
HD liquid_3.0gcc_8000,0.75,1,22248,0.029390080361374554,9.09572011681671,0.908662676965622
HD liquid_3.0gcc_8000,0.75,1,22248,0.03307370320615074,8.49850010686267,0.8490003823905119
HD liquid_3.0gcc_8000,0.75,1,22248,0.03721901506625844,7.7780711662943665,0.7770295124326745
HD liquid_3.0gcc_8000,0.75,1,22248,0.04188388200341457,7.004085268020881,0.6997083010028572
HD liquid_3.0gcc_8000,0.75,1,22248,0.047133422755894265,6.230115946237325,0.6223887455648164
HD liquid_3.0gcc_8000,0.75,1,22248,0.05304091775697241,5.488042440701385,0.5482555830020331
HD liquid_3.0gcc_8000,0.75,1,22248,0.05968883208572181,4.793925710960898,0.4789133035923463
HD liquid_3.0gcc_8000,0.75,1,22248,0.067169966629945,4.154824897051405,0.4150671156094702
HD liquid_3.0gcc_8000,0.75,1,22248,0.0755887535307831,3.5733923183930303,0.35698198583267077
HD liquid_3.0gcc_8000,0.75,1,22248,0.08506271399262945,3.0502169554243794,0.3047167534231306
HD liquid_3.0gcc_8000,0.75,1,22248,0.09572409880849786,2.5846227558208668,0.25820388073598616
HD liquid_3.0gcc_8000,0.75,1,22248,0.10772173450159415,2.1748941219410973,0.21727197952210442
HD liquid_3.0gcc_8000,0.75,1,22248,0.1212231008541164,1.8184291799834735,0.1816611225208262
HD liquid_3.0gcc_8000,0.75,1,22248,0.1364166688243384,1.5118265565291575,0.15103151243887217
HD liquid_3.0gcc_8000,0.75,1,22248,0.15351453148789246,1.2509669180735152,0.12497162775166122
HD liquid_3.0gcc_8000,0.75,1,22248,0.1727553647296109,1.0312147449682505,0.10301837992539387
HD liquid_3.0gcc_8000,0.75,1,22248,0.19440775901540433,0.8476677638228857,0.08468203172046739
HD liquid_3.0gcc_8000,0.75,1,22248,0.2187739687537092,0.6953627839450256,0.06946676025722824
HD liquid_3.0gcc_8000,0.75,1,22248,0.24619413158533693,0.5694237924985305,0.05688545172613716
HD liquid_3.0gcc_8000,0.75,1,22248,0.27705101650047453,0.4652479672644199,0.046478284067436294
HD liquid_3.0gcc_8000,0.75,1,22248,0.3117753670636956,0.3788896076090307,0.03785108168488444
HD liquid_3.0gcc_8000,0.75,1,22248,0.35085191433519125,0.3073971546421021,0.03070898376834218
HD liquid_3.0gcc_8000,0.75,1,22248,0.3948261434249862,0.24854115481000646,0.024829267849638532
HD liquid_3.0gcc_8000,0.75,1,22248,0.4443119081371701,0.2003378281423831,0.020013754257980198
HD liquid_3.0gcc_8000,0.75,1,22248,0.5,0.16102378235218617,0.016086280057886662
HD liquid_3.0gcc_8000,0.75,2,22248,0.004999999999999999,9.954963774723801,0.9945011408071017
HD liquid_3.0gcc_8000,0.75,2,22248,0.005626677913003822,9.950478345410506,0.9940530463016845
HD liquid_3.0gcc_8000,0.75,2,22248,0.006331900867337016,9.945989437190404,0.9936046042533865
HD liquid_3.0gcc_8000,0.75,2,22248,0.007125513351514988,9.941638027386722,0.9931698983004759
HD liquid_3.0gcc_8000,0.75,2,22248,0.008018593718756654,9.937506402445447,0.9927571488610538
HD liquid_3.0gcc_8000,0.75,2,22248,0.00902360883413585,9.933607494863853,0.9923676478919351
HD liquid_3.0gcc_8000,0.75,2,22248,0.010154588104523677,9.92987901458945,0.9919951726152509
HD liquid_3.0gcc_8000,0.75,2,22248,0.011427319320674952,9.926175427130284,0.9916251841314584
HD liquid_3.0gcc_8000,0.75,2,22248,0.01285956904529672,9.922231837620064,0.9912312194365043
HD liquid_3.0gcc_8000,0.75,2,22248,0.01447133062358375,9.917482757144413,0.9907567861730894
HD liquid_3.0gcc_8000,0.75,2,22248,0.016285103278298914,9.91029462902188,0.9900386919861194
HD liquid_3.0gcc_8000,0.75,2,22248,0.018326206185398135,9.895277719599353,0.988538502343037
HD liquid_3.0gcc_8000,0.75,2,22248,0.020623131914506758,9.855963080024631,0.984610968823854
HD liquid_3.0gcc_8000,0.75,2,22248,0.023207944168063883,9.752555593555257,0.9742805582277952
HD liquid_3.0gcc_8000,0.75,2,22248,0.026116725371334214,9.520632471146605,0.9511114322485951
HD liquid_3.0gcc_8000,0.75,2,22248,0.029390080361374554,9.10608592889906,0.9096982218630795
HD liquid_3.0gcc_8000,0.75,2,22248,0.03307370320615074,8.510948853430778,0.8502440124974376
HD liquid_3.0gcc_8000,0.75,2,22248,0.03721901506625844,7.791280446031692,0.7783491198230464
HD liquid_3.0gcc_8000,0.75,2,22248,0.04188388200341457,7.01697965144946,0.7009964502437701
HD liquid_3.0gcc_8000,0.75,2,22248,0.047133422755894265,6.241998491230934,0.6235758121196782
HD liquid_3.0gcc_8000,0.75,2,22248,0.05304091775697241,5.498538213226411,0.5493041109511044
HD liquid_3.0gcc_8000,0.75,2,22248,0.05968883208572181,4.802926110572953,0.47981244374839943
HD liquid_3.0gcc_8000,0.75,2,22248,0.067169966629945,4.162375348276113,0.4158214058838
HD liquid_3.0gcc_8000,0.75,2,22248,0.0755887535307831,3.5795915008269783,0.3576012843195509
HD liquid_3.0gcc_8000,0.75,2,22248,0.08506271399262945,3.0551844681493865,0.30521300807395485
HD liquid_3.0gcc_8000,0.75,2,22248,0.09572409880849786,2.588497090958722,0.2585909269173344
HD liquid_3.0gcc_8000,0.75,2,22248,0.10772173450159415,2.17782487652666,0.21756476198166175
HD liquid_3.0gcc_8000,0.75,2,22248,0.1212231008541164,1.820558953606821,0.18187388696136167
HD liquid_3.0gcc_8000,0.75,2,22248,0.1364166688243384,1.5132783515074522,0.15117654679507925
HD liquid_3.0gcc_8000,0.75,2,22248,0.15351453148789246,1.2518437277377013,0.12505922105998823
HD liquid_3.0gcc_8000,0.75,2,22248,0.1727553647296109,1.0316044143924585,0.10305730791103823
HD liquid_3.0gcc_8000,0.75,2,22248,0.19440775901540433,0.8476494635973253,0.08468020352745648
HD liquid_3.0gcc_8000,0.75,2,22248,0.2187739687537092,0.6950168231421093,0.06943219876399123
HD liquid_3.0gcc_8000,0.75,2,22248,0.24619413158533693,0.5688460715680608,0.05682773739011124
HD liquid_3.0gcc_8000,0.75,2,22248,0.27705101650047453,0.4645560005291838,0.04640915657253369
HD liquid_3.0gcc_8000,0.75,2,22248,0.3117753670636956,0.3781995540253161,0.03778214531386874
HD liquid_3.0gcc_8000,0.75,2,22248,0.35085191433519125,0.3067878124859817,0.0306481104710488
HD liquid_3.0gcc_8000,0.75,2,22248,0.3948261434249862,0.24803804796387263,0.02477900746258435
HD liquid_3.0gcc_8000,0.75,2,22248,0.4443119081371701,0.19992507698703516,0.01997252040679279
HD liquid_3.0gcc_8000,0.75,2,22248,0.5,0.16067636338864577,0.016051572894365262
